DATAFLOW,MEASURE,DATA_ITEM,SECTOR,TSEST,REGION,FREQ,TIME_PERIOD,OBS_VALUE,UNIT_MEASURE,UNIT_MULT,OBS_STATUS,OBS_COMMENT
ABS:ANA_SFD(1.0.0),C,GFC,GGS,10,1,Q,2010-Q1,4111,AUD,6,,
ABS:ANA_SFD(1.0.0),C,GFC,GGS,10,1,Q,2010-Q2,4863,AUD,6,,
ABS:ANA_SFD(1.0.0),C,GFC,GGS,10,1,Q,2010-Q3,3516,AUD,6,,
ABS:ANA_SFD(1.0.0),C,GFC,GGS,10,1,Q,2010-Q4,3946,AUD,6,,
ABS:ANA_SFD(1.0.0),C,GFC,GGS,10,1,Q,2011-Q1,3222,AUD,6,,
ABS:ANA_SFD(1.0.0),C,GFC,GGS,10,1,Q,2011-Q2,4103,AUD,6,,
ABS:ANA_SFD(1.0.0),C,GFC,GGS,10,1,Q,2011-Q3,2779,AUD,6,,
ABS:ANA_SFD(1.0.0),C,GFC,GGS,10,1,Q,2011-Q4,3371,AUD,6,,
ABS:ANA_SFD(1.0.0),C,GFC,GGS,10,1,Q,2012-Q1,2827,AUD,6,,
ABS:ANA_SFD(1.0.0),C,GFC,GGS,10,1,Q,2012-Q2,4610,AUD,6,,
ABS:ANA_SFD(1.0.0),C,GFC,GGS,10,1,Q,2012-Q3,2731,AUD,6,,
ABS:ANA_SFD(1.0.0),C,GFC,GGS,10,1,Q,2012-Q4,3220,AUD,6,,
ABS:ANA_SFD(1.0.0),C,GFC,GGS,10,1,Q,2013-Q1,3008,AUD,6,,
ABS:ANA_SFD(1.0.0),C,GFC,GGS,10,1,Q,2013-Q2,3388,AUD,6,,
ABS:ANA_SFD(1.0.0),C,GFC,GGS,10,1,Q,2013-Q3,2494,AUD,6,,
ABS:ANA_SFD(1.0.0),C,GFC,GGS,10,1,Q,2013-Q4,3391,AUD,6,,
ABS:ANA_SFD(1.0.0),C,GFC,GGS,10,1,Q,2014-Q1,3398,AUD,6,,
ABS:ANA_SFD(1.0.0),C,GFC,GGS,10,1,Q,2014-Q2,4563,AUD,6,,
ABS:ANA_SFD(1.0.0),C,GFC,GGS,10,1,Q,2014-Q3,2993,AUD,6,,
ABS:ANA_SFD(1.0.0),C,GFC,GGS,10,1,Q,2014-Q4,3597,AUD,6,,
ABS:ANA_SFD(1.0.0),C,GFC,GGS,10,1,Q,2015-Q1,3331,AUD,6,,
ABS:ANA_SFD(1.0.0),C,GFC,GGS,10,1,Q,2015-Q2,4890,AUD,6,,
ABS:ANA_SFD(1.0.0),C,GFC,GGS,10,1,Q,2015-Q3,3233,AUD,6,,
ABS:ANA_SFD(1.0.0),C,GFC,GGS,10,1,Q,2015-Q4,3803,AUD,6,,
ABS:ANA_SFD(1.0.0),C,GFC,GGS,10,1,Q,2016-Q1,3825,AUD,6,,
ABS:ANA_SFD(1.0.0),C,GFC,GGS,10,1,Q,2016-Q2,5440,AUD,6,,
ABS:ANA_SFD(1.0.0),C,GFC,GGS,10,1,Q,2016-Q3,3617,AUD,6,,
ABS:ANA_SFD(1.0.0),C,GFC,GGS,10,1,Q,2016-Q4,4614,AUD,6,,
ABS:ANA_SFD(1.0.0),C,GFC,GGS,10,1,Q,2017-Q1,4181,AUD,6,,
ABS:ANA_SFD(1.0.0),C,GFC,GGS,10,1,Q,2017-Q2,6420,AUD,6,,
ABS:ANA_SFD(1.0.0),C,GFC,GGS,10,1,Q,2017-Q3,4742,AUD,6,,
ABS:ANA_SFD(1.0.0),C,GFC,GGS,10,1,Q,2017-Q4,5386,AUD,6,,
ABS:ANA_SFD(1.0.0),C,GFC,GGS,10,1,Q,2018-Q1,4745,AUD,6,,
ABS:ANA_SFD(1.0.0),C,GFC,GGS,10,1,Q,2018-Q2,6820,AUD,6,,
ABS:ANA_SFD(1.0.0),C,GFC,GGS,10,1,Q,2018-Q3,5378,AUD,6,,
ABS:ANA_SFD(1.0.0),C,GFC,GGS,10,1,Q,2018-Q4,6304,AUD,6,,
ABS:ANA_SFD(1.0.0),C,GFC,GGS,10,1,Q,2019-Q1,5812,AUD,6,,
ABS:ANA_SFD(1.0.0),C,GFC,GGS,10,1,Q,2019-Q2,7637,AUD,6,,
ABS:ANA_SFD(1.0.0),C,GFC,GGS,10,1,Q,2019-Q3,5963,AUD,6,,
ABS:ANA_SFD(1.0.0),C,GFC,GGS,10,1,Q,2019-Q4,6859,AUD,6,,
ABS:ANA_SFD(1.0.0),C,GFC,GGS,10,1,Q,2020-Q1,5781,AUD,6,,
ABS:ANA_SFD(1.0.0),C,GFC,GGS,10,1,Q,2020-Q2,7482,AUD,6,,
ABS:ANA_SFD(1.0.0),C,GFC,GGS,10,1,Q,2020-Q3,5432,AUD,6,,
ABS:ANA_SFD(1.0.0),C,GFC,GGS,10,1,Q,2020-Q4,6456,AUD,6,,
ABS:ANA_SFD(1.0.0),C,GFC,GGS,10,1,Q,2021-Q1,5658,AUD,6,,
ABS:ANA_SFD(1.0.0),C,GFC,GGS,10,1,Q,2021-Q2,8150,AUD,6,,
ABS:ANA_SFD(1.0.0),C,GFC,GGS,10,1,Q,2021-Q3,5770,AUD,6,,
ABS:ANA_SFD(1.0.0),C,GFC,GGS,10,1,Q,2021-Q4,6755,AUD,6,,
ABS:ANA_SFD(1.0.0),C,GFC,GGS,10,1,Q,2022-Q1,6241,AUD,6,,
ABS:ANA_SFD(1.0.0),C,GFC,GGS,10,1,Q,2022-Q2,9728,AUD,6,,
ABS:ANA_SFD(1.0.0),C,GFC,GGS,10,1,Q,2022-Q3,6765,AUD,6,,
ABS:ANA_SFD(1.0.0),C,GFC,GGS,10,1,Q,2022-Q4,7799,AUD,6,,
ABS:ANA_SFD(1.0.0),C,GFC,GGS,10,1,Q,2023-Q1,7025,AUD,6,,
ABS:ANA_SFD(1.0.0),C,GFC,GGS,10,1,Q,2023-Q2,10880,AUD,6,,
ABS:ANA_SFD(1.0.0),C,GFC,GGS,10,1,Q,2023-Q3,7852,AUD,6,,
ABS:ANA_SFD(1.0.0),C,GFC,GGS,10,1,Q,2023-Q4,8575,AUD,6,,
ABS:ANA_SFD(1.0.0),C,GFC,GGS,10,1,Q,2024-Q1,7708,AUD,6,,
ABS:ANA_SFD(1.0.0),C,GFC,GGS,10,1,Q,2024-Q2,10659,AUD,6,,
ABS:ANA_SFD(1.0.0),C,GFC,GGS,10,1,Q,2024-Q3,7954,AUD,6,,
ABS:ANA_SFD(1.0.0),C,GFC,GGS,10,1,Q,2024-Q4,8706,AUD,6,,
ABS:ANA_SFD(1.0.0),C,GFC,GGS,10,1,Q,2025-Q1,7592,AUD,6,,
ABS:ANA_SFD(1.0.0),C,GFC,GGS,10,1,Q,2025-Q2,10399,AUD,6,,
ABS:ANA_SFD(1.0.0),C,GFC,GGS,10,1,Q,2025-Q3,7473,AUD,6,,
ABS:ANA_SFD(1.0.0),C,GFC,GGS,10,1,Q,2025-Q4,8610,AUD,6,,
ABS:ANA_SFD(1.0.0),C,GFC,GGS,10,1,Q,2026-Q1,7755,AUD,6,,
ABS:ANA_SFD(1.0.0),C,GFC,GGS,10,1,Q,2026-Q2,10836,AUD,6,,
ABS:ANA_SFD(1.0.0),C,FCE,GGC,10,4,Q,2010-Q1,1507,AUD,6,,
ABS:ANA_SFD(1.0.0),C,FCE,GGC,10,4,Q,2010-Q2,1791,AUD,6,,
ABS:ANA_SFD(1.0.0),C,FCE,GGC,10,4,Q,2010-Q3,1613,AUD,6,,
ABS:ANA_SFD(1.0.0),C,FCE,GGC,10,4,Q,2010-Q4,1817,AUD,6,,
ABS:ANA_SFD(1.0.0),C,FCE,GGC,10,4,Q,2011-Q1,1591,AUD,6,,
ABS:ANA_SFD(1.0.0),C,FCE,GGC,10,4,Q,2011-Q2,1774,AUD,6,,
ABS:ANA_SFD(1.0.0),C,FCE,GGC,10,4,Q,2011-Q3,1833,AUD,6,,
ABS:ANA_SFD(1.0.0),C,FCE,GGC,10,4,Q,2011-Q4,1929,AUD,6,,
ABS:ANA_SFD(1.0.0),C,FCE,GGC,10,4,Q,2012-Q1,1627,AUD,6,,
ABS:ANA_SFD(1.0.0),C,FCE,GGC,10,4,Q,2012-Q2,2082,AUD,6,,
ABS:ANA_SFD(1.0.0),C,FCE,GGC,10,4,Q,2012-Q3,1887,AUD,6,,
ABS:ANA_SFD(1.0.0),C,FCE,GGC,10,4,Q,2012-Q4,2012,AUD,6,,
ABS:ANA_SFD(1.0.0),C,FCE,GGC,10,4,Q,2013-Q1,1816,AUD,6,,
ABS:ANA_SFD(1.0.0),C,FCE,GGC,10,4,Q,2013-Q2,2137,AUD,6,,
ABS:ANA_SFD(1.0.0),C,FCE,GGC,10,4,Q,2013-Q3,2076,AUD,6,,
ABS:ANA_SFD(1.0.0),C,FCE,GGC,10,4,Q,2013-Q4,2156,AUD,6,,
ABS:ANA_SFD(1.0.0),C,FCE,GGC,10,4,Q,2014-Q1,1930,AUD,6,,
ABS:ANA_SFD(1.0.0),C,FCE,GGC,10,4,Q,2014-Q2,2194,AUD,6,,
ABS:ANA_SFD(1.0.0),C,FCE,GGC,10,4,Q,2014-Q3,2108,AUD,6,,
ABS:ANA_SFD(1.0.0),C,FCE,GGC,10,4,Q,2014-Q4,2133,AUD,6,,
ABS:ANA_SFD(1.0.0),C,FCE,GGC,10,4,Q,2015-Q1,2074,AUD,6,,
ABS:ANA_SFD(1.0.0),C,FCE,GGC,10,4,Q,2015-Q2,2376,AUD,6,,
ABS:ANA_SFD(1.0.0),C,FCE,GGC,10,4,Q,2015-Q3,2205,AUD,6,,
ABS:ANA_SFD(1.0.0),C,FCE,GGC,10,4,Q,2015-Q4,2285,AUD,6,,
ABS:ANA_SFD(1.0.0),C,FCE,GGC,10,4,Q,2016-Q1,2184,AUD,6,,
ABS:ANA_SFD(1.0.0),C,FCE,GGC,10,4,Q,2016-Q2,2603,AUD,6,,
ABS:ANA_SFD(1.0.0),C,FCE,GGC,10,4,Q,2016-Q3,2436,AUD,6,,
ABS:ANA_SFD(1.0.0),C,FCE,GGC,10,4,Q,2016-Q4,2446,AUD,6,,
ABS:ANA_SFD(1.0.0),C,FCE,GGC,10,4,Q,2017-Q1,2305,AUD,6,,
ABS:ANA_SFD(1.0.0),C,FCE,GGC,10,4,Q,2017-Q2,2671,AUD,6,,
ABS:ANA_SFD(1.0.0),C,FCE,GGC,10,4,Q,2017-Q3,2536,AUD,6,,
ABS:ANA_SFD(1.0.0),C,FCE,GGC,10,4,Q,2017-Q4,2626,AUD,6,,
ABS:ANA_SFD(1.0.0),C,FCE,GGC,10,4,Q,2018-Q1,2421,AUD,6,,
ABS:ANA_SFD(1.0.0),C,FCE,GGC,10,4,Q,2018-Q2,2881,AUD,6,,
ABS:ANA_SFD(1.0.0),C,FCE,GGC,10,4,Q,2018-Q3,2718,AUD,6,,
ABS:ANA_SFD(1.0.0),C,FCE,GGC,10,4,Q,2018-Q4,2940,AUD,6,,
ABS:ANA_SFD(1.0.0),C,FCE,GGC,10,4,Q,2019-Q1,2665,AUD,6,,
ABS:ANA_SFD(1.0.0),C,FCE,GGC,10,4,Q,2019-Q2,3183,AUD,6,,
ABS:ANA_SFD(1.0.0),C,FCE,GGC,10,4,Q,2019-Q3,3074,AUD,6,,
ABS:ANA_SFD(1.0.0),C,FCE,GGC,10,4,Q,2019-Q4,3282,AUD,6,,
ABS:ANA_SFD(1.0.0),C,FCE,GGC,10,4,Q,2020-Q1,3145,AUD,6,,
ABS:ANA_SFD(1.0.0),C,FCE,GGC,10,4,Q,2020-Q2,3234,AUD,6,,
ABS:ANA_SFD(1.0.0),C,FCE,GGC,10,4,Q,2020-Q3,3447,AUD,6,,
ABS:ANA_SFD(1.0.0),C,FCE,GGC,10,4,Q,2020-Q4,3616,AUD,6,,
ABS:ANA_SFD(1.0.0),C,FCE,GGC,10,4,Q,2021-Q1,3503,AUD,6,,
ABS:ANA_SFD(1.0.0),C,FCE,GGC,10,4,Q,2021-Q2,3644,AUD,6,,
ABS:ANA_SFD(1.0.0),C,FCE,GGC,10,4,Q,2021-Q3,3807,AUD,6,,
ABS:ANA_SFD(1.0.0),C,FCE,GGC,10,4,Q,2021-Q4,3933,AUD,6,,
ABS:ANA_SFD(1.0.0),C,FCE,GGC,10,4,Q,2022-Q1,3961,AUD,6,,
ABS:ANA_SFD(1.0.0),C,FCE,GGC,10,4,Q,2022-Q2,4038,AUD,6,,
ABS:ANA_SFD(1.0.0),C,FCE,GGC,10,4,Q,2022-Q3,4028,AUD,6,,
ABS:ANA_SFD(1.0.0),C,FCE,GGC,10,4,Q,2022-Q4,4194,AUD,6,,
ABS:ANA_SFD(1.0.0),C,FCE,GGC,10,4,Q,2023-Q1,4131,AUD,6,,
ABS:ANA_SFD(1.0.0),C,FCE,GGC,10,4,Q,2023-Q2,4188,AUD,6,,
ABS:ANA_SFD(1.0.0),C,FCE,GGC,10,4,Q,2023-Q3,4425,AUD,6,,
ABS:ANA_SFD(1.0.0),C,FCE,GGC,10,4,Q,2023-Q4,4584,AUD,6,,
ABS:ANA_SFD(1.0.0),C,FCE,GGC,10,4,Q,2024-Q1,4571,AUD,6,,
ABS:ANA_SFD(1.0.0),C,FCE,GGC,10,4,Q,2024-Q2,4656,AUD,6,,
ABS:ANA_SFD(1.0.0),C,FCE,GGC,10,4,Q,2024-Q3,4924,AUD,6,,
ABS:ANA_SFD(1.0.0),C,FCE,GGC,10,4,Q,2024-Q4,5098,AUD,6,,
ABS:ANA_SFD(1.0.0),C,FCE,GGC,10,4,Q,2025-Q1,5079,AUD,6,,
ABS:ANA_SFD(1.0.0),C,FCE,GGC,10,4,Q,2025-Q2,5194,AUD,6,,
ABS:ANA_SFD(1.0.0),C,FCE,GGC,10,4,Q,2025-Q3,5462,AUD,6,,
ABS:ANA_SFD(1.0.0),C,FCE,GGC,10,4,Q,2025-Q4,5619,AUD,6,,
ABS:ANA_SFD(1.0.0),C,FCE,GGC,10,4,Q,2026-Q1,5485,AUD,6,,
ABS:ANA_SFD(1.0.0),C,FCE,GGC,10,4,Q,2026-Q2,5412,AUD,6,,
ABS:ANA_SFD(1.0.0),C,GFC,GGS,10,6,Q,2010-Q1,357,AUD,6,,
ABS:ANA_SFD(1.0.0),C,GFC,GGS,10,6,Q,2010-Q2,333,AUD,6,,
ABS:ANA_SFD(1.0.0),C,GFC,GGS,10,6,Q,2010-Q3,325,AUD,6,,
ABS:ANA_SFD(1.0.0),C,GFC,GGS,10,6,Q,2010-Q4,307,AUD,6,,
ABS:ANA_SFD(1.0.0),C,GFC,GGS,10,6,Q,2011-Q1,282,AUD,6,,
ABS:ANA_SFD(1.0.0),C,GFC,GGS,10,6,Q,2011-Q2,397,AUD,6,,
ABS:ANA_SFD(1.0.0),C,GFC,GGS,10,6,Q,2011-Q3,223,AUD,6,,
ABS:ANA_SFD(1.0.0),C,GFC,GGS,10,6,Q,2011-Q4,252,AUD,6,,
ABS:ANA_SFD(1.0.0),C,GFC,GGS,10,6,Q,2012-Q1,224,AUD,6,,
ABS:ANA_SFD(1.0.0),C,GFC,GGS,10,6,Q,2012-Q2,341,AUD,6,,
ABS:ANA_SFD(1.0.0),C,GFC,GGS,10,6,Q,2012-Q3,171,AUD,6,,
ABS:ANA_SFD(1.0.0),C,GFC,GGS,10,6,Q,2012-Q4,244,AUD,6,,
ABS:ANA_SFD(1.0.0),C,GFC,GGS,10,6,Q,2013-Q1,189,AUD,6,,
ABS:ANA_SFD(1.0.0),C,GFC,GGS,10,6,Q,2013-Q2,229,AUD,6,,
ABS:ANA_SFD(1.0.0),C,GFC,GGS,10,6,Q,2013-Q3,172,AUD,6,,
ABS:ANA_SFD(1.0.0),C,GFC,GGS,10,6,Q,2013-Q4,231,AUD,6,,
ABS:ANA_SFD(1.0.0),C,GFC,GGS,10,6,Q,2014-Q1,207,AUD,6,,
ABS:ANA_SFD(1.0.0),C,GFC,GGS,10,6,Q,2014-Q2,296,AUD,6,,
ABS:ANA_SFD(1.0.0),C,GFC,GGS,10,6,Q,2014-Q3,200,AUD,6,,
ABS:ANA_SFD(1.0.0),C,GFC,GGS,10,6,Q,2014-Q4,233,AUD,6,,
ABS:ANA_SFD(1.0.0),C,GFC,GGS,10,6,Q,2015-Q1,233,AUD,6,,
ABS:ANA_SFD(1.0.0),C,GFC,GGS,10,6,Q,2015-Q2,312,AUD,6,,
ABS:ANA_SFD(1.0.0),C,GFC,GGS,10,6,Q,2015-Q3,198,AUD,6,,
ABS:ANA_SFD(1.0.0),C,GFC,GGS,10,6,Q,2015-Q4,231,AUD,6,,
ABS:ANA_SFD(1.0.0),C,GFC,GGS,10,6,Q,2016-Q1,237,AUD,6,,
ABS:ANA_SFD(1.0.0),C,GFC,GGS,10,6,Q,2016-Q2,353,AUD,6,,
ABS:ANA_SFD(1.0.0),C,GFC,GGS,10,6,Q,2016-Q3,195,AUD,6,,
ABS:ANA_SFD(1.0.0),C,GFC,GGS,10,6,Q,2016-Q4,290,AUD,6,,
ABS:ANA_SFD(1.0.0),C,GFC,GGS,10,6,Q,2017-Q1,286,AUD,6,,
ABS:ANA_SFD(1.0.0),C,GFC,GGS,10,6,Q,2017-Q2,376,AUD,6,,
ABS:ANA_SFD(1.0.0),C,GFC,GGS,10,6,Q,2017-Q3,227,AUD,6,,
ABS:ANA_SFD(1.0.0),C,GFC,GGS,10,6,Q,2017-Q4,165,AUD,6,,
ABS:ANA_SFD(1.0.0),C,GFC,GGS,10,6,Q,2018-Q1,314,AUD,6,,
ABS:ANA_SFD(1.0.0),C,GFC,GGS,10,6,Q,2018-Q2,399,AUD,6,,
ABS:ANA_SFD(1.0.0),C,GFC,GGS,10,6,Q,2018-Q3,290,AUD,6,,
ABS:ANA_SFD(1.0.0),C,GFC,GGS,10,6,Q,2018-Q4,332,AUD,6,,
ABS:ANA_SFD(1.0.0),C,GFC,GGS,10,6,Q,2019-Q1,350,AUD,6,,
ABS:ANA_SFD(1.0.0),C,GFC,GGS,10,6,Q,2019-Q2,490,AUD,6,,
ABS:ANA_SFD(1.0.0),C,GFC,GGS,10,6,Q,2019-Q3,297,AUD,6,,
ABS:ANA_SFD(1.0.0),C,GFC,GGS,10,6,Q,2019-Q4,322,AUD,6,,
ABS:ANA_SFD(1.0.0),C,GFC,GGS,10,6,Q,2020-Q1,322,AUD,6,,
ABS:ANA_SFD(1.0.0),C,GFC,GGS,10,6,Q,2020-Q2,424,AUD,6,,
ABS:ANA_SFD(1.0.0),C,GFC,GGS,10,6,Q,2020-Q3,263,AUD,6,,
ABS:ANA_SFD(1.0.0),C,GFC,GGS,10,6,Q,2020-Q4,355,AUD,6,,
ABS:ANA_SFD(1.0.0),C,GFC,GGS,10,6,Q,2021-Q1,343,AUD,6,,
ABS:ANA_SFD(1.0.0),C,GFC,GGS,10,6,Q,2021-Q2,528,AUD,6,,
ABS:ANA_SFD(1.0.0),C,GFC,GGS,10,6,Q,2021-Q3,338,AUD,6,,
ABS:ANA_SFD(1.0.0),C,GFC,GGS,10,6,Q,2021-Q4,418,AUD,6,,
ABS:ANA_SFD(1.0.0),C,GFC,GGS,10,6,Q,2022-Q1,373,AUD,6,,
ABS:ANA_SFD(1.0.0),C,GFC,GGS,10,6,Q,2022-Q2,611,AUD,6,,
ABS:ANA_SFD(1.0.0),C,GFC,GGS,10,6,Q,2022-Q3,397,AUD,6,,
ABS:ANA_SFD(1.0.0),C,GFC,GGS,10,6,Q,2022-Q4,555,AUD,6,,
ABS:ANA_SFD(1.0.0),C,GFC,GGS,10,6,Q,2023-Q1,546,AUD,6,,
ABS:ANA_SFD(1.0.0),C,GFC,GGS,10,6,Q,2023-Q2,798,AUD,6,,
ABS:ANA_SFD(1.0.0),C,GFC,GGS,10,6,Q,2023-Q3,440,AUD,6,,
ABS:ANA_SFD(1.0.0),C,GFC,GGS,10,6,Q,2023-Q4,529,AUD,6,,
ABS:ANA_SFD(1.0.0),C,GFC,GGS,10,6,Q,2024-Q1,448,AUD,6,,
ABS:ANA_SFD(1.0.0),C,GFC,GGS,10,6,Q,2024-Q2,587,AUD,6,,
ABS:ANA_SFD(1.0.0),C,GFC,GGS,10,6,Q,2024-Q3,429,AUD,6,,
ABS:ANA_SFD(1.0.0),C,GFC,GGS,10,6,Q,2024-Q4,447,AUD,6,,
ABS:ANA_SFD(1.0.0),C,GFC,GGS,10,6,Q,2025-Q1,456,AUD,6,,
ABS:ANA_SFD(1.0.0),C,GFC,GGS,10,6,Q,2025-Q2,570,AUD,6,,
ABS:ANA_SFD(1.0.0),C,GFC,GGS,10,6,Q,2025-Q3,422,AUD,6,,
ABS:ANA_SFD(1.0.0),C,GFC,GGS,10,6,Q,2025-Q4,480,AUD,6,,
ABS:ANA_SFD(1.0.0),C,GFC,GGS,10,6,Q,2026-Q1,365,AUD,6,,
ABS:ANA_SFD(1.0.0),C,GFC,GGS,10,6,Q,2026-Q2,495,AUD,6,,
ABS:ANA_SFD(1.0.0),C,GFC,GGS_SL,10,7,Q,2010-Q1,236,AUD,6,,
ABS:ANA_SFD(1.0.0),C,GFC,GGS_SL,10,7,Q,2010-Q2,267,AUD,6,,
ABS:ANA_SFD(1.0.0),C,GFC,GGS_SL,10,7,Q,2010-Q3,225,AUD,6,,
ABS:ANA_SFD(1.0.0),C,GFC,GGS_SL,10,7,Q,2010-Q4,293,AUD,6,,
ABS:ANA_SFD(1.0.0),C,GFC,GGS_SL,10,7,Q,2011-Q1,217,AUD,6,,
ABS:ANA_SFD(1.0.0),C,GFC,GGS_SL,10,7,Q,2011-Q2,323,AUD,6,,
ABS:ANA_SFD(1.0.0),C,GFC,GGS_SL,10,7,Q,2011-Q3,244,AUD,6,,
ABS:ANA_SFD(1.0.0),C,GFC,GGS_SL,10,7,Q,2011-Q4,304,AUD,6,,
ABS:ANA_SFD(1.0.0),C,GFC,GGS_SL,10,7,Q,2012-Q1,193,AUD,6,,
ABS:ANA_SFD(1.0.0),C,GFC,GGS_SL,10,7,Q,2012-Q2,397,AUD,6,,
ABS:ANA_SFD(1.0.0),C,GFC,GGS_SL,10,7,Q,2012-Q3,147,AUD,6,,
ABS:ANA_SFD(1.0.0),C,GFC,GGS_SL,10,7,Q,2012-Q4,219,AUD,6,,
ABS:ANA_SFD(1.0.0),C,GFC,GGS_SL,10,7,Q,2013-Q1,119,AUD,6,,
ABS:ANA_SFD(1.0.0),C,GFC,GGS_SL,10,7,Q,2013-Q2,228,AUD,6,,
ABS:ANA_SFD(1.0.0),C,GFC,GGS_SL,10,7,Q,2013-Q3,138,AUD,6,,
ABS:ANA_SFD(1.0.0),C,GFC,GGS_SL,10,7,Q,2013-Q4,195,AUD,6,,
ABS:ANA_SFD(1.0.0),C,GFC,GGS_SL,10,7,Q,2014-Q1,110,AUD,6,,
ABS:ANA_SFD(1.0.0),C,GFC,GGS_SL,10,7,Q,2014-Q2,154,AUD,6,,
ABS:ANA_SFD(1.0.0),C,GFC,GGS_SL,10,7,Q,2014-Q3,71,AUD,6,,
ABS:ANA_SFD(1.0.0),C,GFC,GGS_SL,10,7,Q,2014-Q4,643,AUD,6,,
ABS:ANA_SFD(1.0.0),C,GFC,GGS_SL,10,7,Q,2015-Q1,115,AUD,6,,
ABS:ANA_SFD(1.0.0),C,GFC,GGS_SL,10,7,Q,2015-Q2,206,AUD,6,,
ABS:ANA_SFD(1.0.0),C,GFC,GGS_SL,10,7,Q,2015-Q3,172,AUD,6,,
ABS:ANA_SFD(1.0.0),C,GFC,GGS_SL,10,7,Q,2015-Q4,192,AUD,6,,
ABS:ANA_SFD(1.0.0),C,GFC,GGS_SL,10,7,Q,2016-Q1,178,AUD,6,,
ABS:ANA_SFD(1.0.0),C,GFC,GGS_SL,10,7,Q,2016-Q2,253,AUD,6,,
ABS:ANA_SFD(1.0.0),C,GFC,GGS_SL,10,7,Q,2016-Q3,218,AUD,6,,
ABS:ANA_SFD(1.0.0),C,GFC,GGS_SL,10,7,Q,2016-Q4,257,AUD,6,,
ABS:ANA_SFD(1.0.0),C,GFC,GGS_SL,10,7,Q,2017-Q1,166,AUD,6,,
ABS:ANA_SFD(1.0.0),C,GFC,GGS_SL,10,7,Q,2017-Q2,235,AUD,6,,
ABS:ANA_SFD(1.0.0),C,GFC,GGS_SL,10,7,Q,2017-Q3,189,AUD,6,,
ABS:ANA_SFD(1.0.0),C,GFC,GGS_SL,10,7,Q,2017-Q4,240,AUD,6,,
ABS:ANA_SFD(1.0.0),C,GFC,GGS_SL,10,7,Q,2018-Q1,173,AUD,6,,
ABS:ANA_SFD(1.0.0),C,GFC,GGS_SL,10,7,Q,2018-Q2,297,AUD,6,,
ABS:ANA_SFD(1.0.0),C,GFC,GGS_SL,10,7,Q,2018-Q3,243,AUD,6,,
ABS:ANA_SFD(1.0.0),C,GFC,GGS_SL,10,7,Q,2018-Q4,280,AUD,6,,
ABS:ANA_SFD(1.0.0),C,GFC,GGS_SL,10,7,Q,2019-Q1,210,AUD,6,,
ABS:ANA_SFD(1.0.0),C,GFC,GGS_SL,10,7,Q,2019-Q2,266,AUD,6,,
ABS:ANA_SFD(1.0.0),C,GFC,GGS_SL,10,7,Q,2019-Q3,176,AUD,6,,
ABS:ANA_SFD(1.0.0),C,GFC,GGS_SL,10,7,Q,2019-Q4,237,AUD,6,,
ABS:ANA_SFD(1.0.0),C,GFC,GGS_SL,10,7,Q,2020-Q1,175,AUD,6,,
ABS:ANA_SFD(1.0.0),C,GFC,GGS_SL,10,7,Q,2020-Q2,221,AUD,6,,
ABS:ANA_SFD(1.0.0),C,GFC,GGS_SL,10,7,Q,2020-Q3,182,AUD,6,,
ABS:ANA_SFD(1.0.0),C,GFC,GGS_SL,10,7,Q,2020-Q4,226,AUD,6,,
ABS:ANA_SFD(1.0.0),C,GFC,GGS_SL,10,7,Q,2021-Q1,157,AUD,6,,
ABS:ANA_SFD(1.0.0),C,GFC,GGS_SL,10,7,Q,2021-Q2,252,AUD,6,,
ABS:ANA_SFD(1.0.0),C,GFC,GGS_SL,10,7,Q,2021-Q3,190,AUD,6,,
ABS:ANA_SFD(1.0.0),C,GFC,GGS_SL,10,7,Q,2021-Q4,229,AUD,6,,
ABS:ANA_SFD(1.0.0),C,GFC,GGS_SL,10,7,Q,2022-Q1,186,AUD,6,,
ABS:ANA_SFD(1.0.0),C,GFC,GGS_SL,10,7,Q,2022-Q2,286,AUD,6,,
ABS:ANA_SFD(1.0.0),C,GFC,GGS_SL,10,7,Q,2022-Q3,227,AUD,6,,
ABS:ANA_SFD(1.0.0),C,GFC,GGS_SL,10,7,Q,2022-Q4,333,AUD,6,,
ABS:ANA_SFD(1.0.0),C,GFC,GGS_SL,10,7,Q,2023-Q1,250,AUD,6,,
ABS:ANA_SFD(1.0.0),C,GFC,GGS_SL,10,7,Q,2023-Q2,414,AUD,6,,
ABS:ANA_SFD(1.0.0),C,GFC,GGS_SL,10,7,Q,2023-Q3,285,AUD,6,,
ABS:ANA_SFD(1.0.0),C,GFC,GGS_SL,10,7,Q,2023-Q4,405,AUD,6,,
ABS:ANA_SFD(1.0.0),C,GFC,GGS_SL,10,7,Q,2024-Q1,242,AUD,6,,
ABS:ANA_SFD(1.0.0),C,GFC,GGS_SL,10,7,Q,2024-Q2,412,AUD,6,,
ABS:ANA_SFD(1.0.0),C,GFC,GGS_SL,10,7,Q,2024-Q3,314,AUD,6,,
ABS:ANA_SFD(1.0.0),C,GFC,GGS_SL,10,7,Q,2024-Q4,372,AUD,6,,
ABS:ANA_SFD(1.0.0),C,GFC,GGS_SL,10,7,Q,2025-Q1,271,AUD,6,,
ABS:ANA_SFD(1.0.0),C,GFC,GGS_SL,10,7,Q,2025-Q2,437,AUD,6,,
ABS:ANA_SFD(1.0.0),C,GFC,GGS_SL,10,7,Q,2025-Q3,271,AUD,6,,
ABS:ANA_SFD(1.0.0),C,GFC,GGS_SL,10,7,Q,2025-Q4,376,AUD,6,,
ABS:ANA_SFD(1.0.0),C,GFC,GGS_SL,10,7,Q,2026-Q1,254,AUD,6,,
ABS:ANA_SFD(1.0.0),C,GFC,GGS_SL,10,7,Q,2026-Q2,451,AUD,6,,
ABS:ANA_SFD(1.0.0),C,FCE,GGS_SL,10,4,Q,2010-Q1,2584,AUD,6,,
ABS:ANA_SFD(1.0.0),C,FCE,GGS_SL,10,4,Q,2010-Q2,2947,AUD,6,,
ABS:ANA_SFD(1.0.0),C,FCE,GGS_SL,10,4,Q,2010-Q3,2696,AUD,6,,
ABS:ANA_SFD(1.0.0),C,FCE,GGS_SL,10,4,Q,2010-Q4,2861,AUD,6,,
ABS:ANA_SFD(1.0.0),C,FCE,GGS_SL,10,4,Q,2011-Q1,2750,AUD,6,,
ABS:ANA_SFD(1.0.0),C,FCE,GGS_SL,10,4,Q,2011-Q2,3092,AUD,6,,
ABS:ANA_SFD(1.0.0),C,FCE,GGS_SL,10,4,Q,2011-Q3,2877,AUD,6,,
ABS:ANA_SFD(1.0.0),C,FCE,GGS_SL,10,4,Q,2011-Q4,3041,AUD,6,,
ABS:ANA_SFD(1.0.0),C,FCE,GGS_SL,10,4,Q,2012-Q1,2823,AUD,6,,
ABS:ANA_SFD(1.0.0),C,FCE,GGS_SL,10,4,Q,2012-Q2,3247,AUD,6,,
ABS:ANA_SFD(1.0.0),C,FCE,GGS_SL,10,4,Q,2012-Q3,3026,AUD,6,,
ABS:ANA_SFD(1.0.0),C,FCE,GGS_SL,10,4,Q,2012-Q4,3167,AUD,6,,
ABS:ANA_SFD(1.0.0),C,FCE,GGS_SL,10,4,Q,2013-Q1,2900,AUD,6,,
ABS:ANA_SFD(1.0.0),C,FCE,GGS_SL,10,4,Q,2013-Q2,3261,AUD,6,,
ABS:ANA_SFD(1.0.0),C,FCE,GGS_SL,10,4,Q,2013-Q3,3014,AUD,6,,
ABS:ANA_SFD(1.0.0),C,FCE,GGS_SL,10,4,Q,2013-Q4,3256,AUD,6,,
ABS:ANA_SFD(1.0.0),C,FCE,GGS_SL,10,4,Q,2014-Q1,3103,AUD,6,,
ABS:ANA_SFD(1.0.0),C,FCE,GGS_SL,10,4,Q,2014-Q2,3319,AUD,6,,
ABS:ANA_SFD(1.0.0),C,FCE,GGS_SL,10,4,Q,2014-Q3,3188,AUD,6,,
ABS:ANA_SFD(1.0.0),C,FCE,GGS_SL,10,4,Q,2014-Q4,3284,AUD,6,,
ABS:ANA_SFD(1.0.0),C,FCE,GGS_SL,10,4,Q,2015-Q1,3133,AUD,6,,
ABS:ANA_SFD(1.0.0),C,FCE,GGS_SL,10,4,Q,2015-Q2,3355,AUD,6,,
ABS:ANA_SFD(1.0.0),C,FCE,GGS_SL,10,4,Q,2015-Q3,3215,AUD,6,,
ABS:ANA_SFD(1.0.0),C,FCE,GGS_SL,10,4,Q,2015-Q4,3354,AUD,6,,
ABS:ANA_SFD(1.0.0),C,FCE,GGS_SL,10,4,Q,2016-Q1,3275,AUD,6,,
ABS:ANA_SFD(1.0.0),C,FCE,GGS_SL,10,4,Q,2016-Q2,3538,AUD,6,,
ABS:ANA_SFD(1.0.0),C,FCE,GGS_SL,10,4,Q,2016-Q3,3412,AUD,6,,
ABS:ANA_SFD(1.0.0),C,FCE,GGS_SL,10,4,Q,2016-Q4,3438,AUD,6,,
ABS:ANA_SFD(1.0.0),C,FCE,GGS_SL,10,4,Q,2017-Q1,3525,AUD,6,,
ABS:ANA_SFD(1.0.0),C,FCE,GGS_SL,10,4,Q,2017-Q2,3775,AUD,6,,
ABS:ANA_SFD(1.0.0),C,FCE,GGS_SL,10,4,Q,2017-Q3,3560,AUD,6,,
ABS:ANA_SFD(1.0.0),C,FCE,GGS_SL,10,4,Q,2017-Q4,3733,AUD,6,,
ABS:ANA_SFD(1.0.0),C,FCE,GGS_SL,10,4,Q,2018-Q1,3750,AUD,6,,
ABS:ANA_SFD(1.0.0),C,FCE,GGS_SL,10,4,Q,2018-Q2,3813,AUD,6,,
ABS:ANA_SFD(1.0.0),C,FCE,GGS_SL,10,4,Q,2018-Q3,3773,AUD,6,,
ABS:ANA_SFD(1.0.0),C,FCE,GGS_SL,10,4,Q,2018-Q4,3743,AUD,6,,
ABS:ANA_SFD(1.0.0),C,FCE,GGS_SL,10,4,Q,2019-Q1,3814,AUD,6,,
ABS:ANA_SFD(1.0.0),C,FCE,GGS_SL,10,4,Q,2019-Q2,4019,AUD,6,,
ABS:ANA_SFD(1.0.0),C,FCE,GGS_SL,10,4,Q,2019-Q3,3796,AUD,6,,
ABS:ANA_SFD(1.0.0),C,FCE,GGS_SL,10,4,Q,2019-Q4,3898,AUD,6,,
ABS:ANA_SFD(1.0.0),C,FCE,GGS_SL,10,4,Q,2020-Q1,4074,AUD,6,,
ABS:ANA_SFD(1.0.0),C,FCE,GGS_SL,10,4,Q,2020-Q2,4110,AUD,6,,
ABS:ANA_SFD(1.0.0),C,FCE,GGS_SL,10,4,Q,2020-Q3,4044,AUD,6,,
ABS:ANA_SFD(1.0.0),C,FCE,GGS_SL,10,4,Q,2020-Q4,3961,AUD,6,,
ABS:ANA_SFD(1.0.0),C,FCE,GGS_SL,10,4,Q,2021-Q1,4065,AUD,6,,
ABS:ANA_SFD(1.0.0),C,FCE,GGS_SL,10,4,Q,2021-Q2,4244,AUD,6,,
ABS:ANA_SFD(1.0.0),C,FCE,GGS_SL,10,4,Q,2021-Q3,4187,AUD,6,,
ABS:ANA_SFD(1.0.0),C,FCE,GGS_SL,10,4,Q,2021-Q4,4357,AUD,6,,
ABS:ANA_SFD(1.0.0),C,FCE,GGS_SL,10,4,Q,2022-Q1,4413,AUD,6,,
ABS:ANA_SFD(1.0.0),C,FCE,GGS_SL,10,4,Q,2022-Q2,4739,AUD,6,,
ABS:ANA_SFD(1.0.0),C,FCE,GGS_SL,10,4,Q,2022-Q3,4560,AUD,6,,
ABS:ANA_SFD(1.0.0),C,FCE,GGS_SL,10,4,Q,2022-Q4,4634,AUD,6,,
ABS:ANA_SFD(1.0.0),C,FCE,GGS_SL,10,4,Q,2023-Q1,4668,AUD,6,,
ABS:ANA_SFD(1.0.0),C,FCE,GGS_SL,10,4,Q,2023-Q2,4853,AUD,6,,
ABS:ANA_SFD(1.0.0),C,FCE,GGS_SL,10,4,Q,2023-Q3,4717,AUD,6,,
ABS:ANA_SFD(1.0.0),C,FCE,GGS_SL,10,4,Q,2023-Q4,4941,AUD,6,,
ABS:ANA_SFD(1.0.0),C,FCE,GGS_SL,10,4,Q,2024-Q1,4897,AUD,6,,
ABS:ANA_SFD(1.0.0),C,FCE,GGS_SL,10,4,Q,2024-Q2,5229,AUD,6,,
ABS:ANA_SFD(1.0.0),C,FCE,GGS_SL,10,4,Q,2024-Q3,5012,AUD,6,,
ABS:ANA_SFD(1.0.0),C,FCE,GGS_SL,10,4,Q,2024-Q4,5198,AUD,6,,
ABS:ANA_SFD(1.0.0),C,FCE,GGS_SL,10,4,Q,2025-Q1,5164,AUD,6,,
ABS:ANA_SFD(1.0.0),C,FCE,GGS_SL,10,4,Q,2025-Q2,5492,AUD,6,,
ABS:ANA_SFD(1.0.0),C,FCE,GGS_SL,10,4,Q,2025-Q3,5280,AUD,6,,
ABS:ANA_SFD(1.0.0),C,FCE,GGS_SL,10,4,Q,2025-Q4,5622,AUD,6,,
ABS:ANA_SFD(1.0.0),C,FCE,GGS_SL,10,4,Q,2026-Q1,5611,AUD,6,,
ABS:ANA_SFD(1.0.0),C,FCE,GGS_SL,10,4,Q,2026-Q2,5848,AUD,6,,
ABS:ANA_SFD(1.0.0),C,GFC,GGC,10,7,Q,2010-Q1,56,AUD,6,,
ABS:ANA_SFD(1.0.0),C,GFC,GGC,10,7,Q,2010-Q2,97,AUD,6,,
ABS:ANA_SFD(1.0.0),C,GFC,GGC,10,7,Q,2010-Q3,52,AUD,6,,
ABS:ANA_SFD(1.0.0),C,GFC,GGC,10,7,Q,2010-Q4,70,AUD,6,,
ABS:ANA_SFD(1.0.0),C,GFC,GGC,10,7,Q,2011-Q1,61,AUD,6,,
ABS:ANA_SFD(1.0.0),C,GFC,GGC,10,7,Q,2011-Q2,95,AUD,6,,
ABS:ANA_SFD(1.0.0),C,GFC,GGC,10,7,Q,2011-Q3,60,AUD,6,,
ABS:ANA_SFD(1.0.0),C,GFC,GGC,10,7,Q,2011-Q4,80,AUD,6,,
ABS:ANA_SFD(1.0.0),C,GFC,GGC,10,7,Q,2012-Q1,51,AUD,6,,
ABS:ANA_SFD(1.0.0),C,GFC,GGC,10,7,Q,2012-Q2,99,AUD,6,,
ABS:ANA_SFD(1.0.0),C,GFC,GGC,10,7,Q,2012-Q3,47,AUD,6,,
ABS:ANA_SFD(1.0.0),C,GFC,GGC,10,7,Q,2012-Q4,75,AUD,6,,
ABS:ANA_SFD(1.0.0),C,GFC,GGC,10,7,Q,2013-Q1,50,AUD,6,,
ABS:ANA_SFD(1.0.0),C,GFC,GGC,10,7,Q,2013-Q2,116,AUD,6,,
ABS:ANA_SFD(1.0.0),C,GFC,GGC,10,7,Q,2013-Q3,124,AUD,6,,
ABS:ANA_SFD(1.0.0),C,GFC,GGC,10,7,Q,2013-Q4,152,AUD,6,,
ABS:ANA_SFD(1.0.0),C,GFC,GGC,10,7,Q,2014-Q1,112,AUD,6,,
ABS:ANA_SFD(1.0.0),C,GFC,GGC,10,7,Q,2014-Q2,99,AUD,6,,
ABS:ANA_SFD(1.0.0),C,GFC,GGC,10,7,Q,2014-Q3,55,AUD,6,,
ABS:ANA_SFD(1.0.0),C,GFC,GGC,10,7,Q,2014-Q4,55,AUD,6,,
ABS:ANA_SFD(1.0.0),C,GFC,GGC,10,7,Q,2015-Q1,44,AUD,6,,
ABS:ANA_SFD(1.0.0),C,GFC,GGC,10,7,Q,2015-Q2,64,AUD,6,,
ABS:ANA_SFD(1.0.0),C,GFC,GGC,10,7,Q,2015-Q3,33,AUD,6,,
ABS:ANA_SFD(1.0.0),C,GFC,GGC,10,7,Q,2015-Q4,44,AUD,6,,
ABS:ANA_SFD(1.0.0),C,GFC,GGC,10,7,Q,2016-Q1,47,AUD,6,,
ABS:ANA_SFD(1.0.0),C,GFC,GGC,10,7,Q,2016-Q2,81,AUD,6,,
ABS:ANA_SFD(1.0.0),C,GFC,GGC,10,7,Q,2016-Q3,62,AUD,6,,
ABS:ANA_SFD(1.0.0),C,GFC,GGC,10,7,Q,2016-Q4,95,AUD,6,,
ABS:ANA_SFD(1.0.0),C,GFC,GGC,10,7,Q,2017-Q1,76,AUD,6,,
ABS:ANA_SFD(1.0.0),C,GFC,GGC,10,7,Q,2017-Q2,110,AUD,6,,
ABS:ANA_SFD(1.0.0),C,GFC,GGC,10,7,Q,2017-Q3,93,AUD,6,,
ABS:ANA_SFD(1.0.0),C,GFC,GGC,10,7,Q,2017-Q4,127,AUD,6,,
ABS:ANA_SFD(1.0.0),C,GFC,GGC,10,7,Q,2018-Q1,91,AUD,6,,
ABS:ANA_SFD(1.0.0),C,GFC,GGC,10,7,Q,2018-Q2,120,AUD,6,,
ABS:ANA_SFD(1.0.0),C,GFC,GGC,10,7,Q,2018-Q3,89,AUD,6,,
ABS:ANA_SFD(1.0.0),C,GFC,GGC,10,7,Q,2018-Q4,102,AUD,6,,
ABS:ANA_SFD(1.0.0),C,GFC,GGC,10,7,Q,2019-Q1,77,AUD,6,,
ABS:ANA_SFD(1.0.0),C,GFC,GGC,10,7,Q,2019-Q2,118,AUD,6,,
ABS:ANA_SFD(1.0.0),C,GFC,GGC,10,7,Q,2019-Q3,66,AUD,6,,
ABS:ANA_SFD(1.0.0),C,GFC,GGC,10,7,Q,2019-Q4,87,AUD,6,,
ABS:ANA_SFD(1.0.0),C,GFC,GGC,10,7,Q,2020-Q1,69,AUD,6,,
ABS:ANA_SFD(1.0.0),C,GFC,GGC,10,7,Q,2020-Q2,95,AUD,6,,
ABS:ANA_SFD(1.0.0),C,GFC,GGC,10,7,Q,2020-Q3,78,AUD,6,,
ABS:ANA_SFD(1.0.0),C,GFC,GGC,10,7,Q,2020-Q4,108,AUD,6,,
ABS:ANA_SFD(1.0.0),C,GFC,GGC,10,7,Q,2021-Q1,80,AUD,6,,
ABS:ANA_SFD(1.0.0),C,GFC,GGC,10,7,Q,2021-Q2,137,AUD,6,,
ABS:ANA_SFD(1.0.0),C,GFC,GGC,10,7,Q,2021-Q3,107,AUD,6,,
ABS:ANA_SFD(1.0.0),C,GFC,GGC,10,7,Q,2021-Q4,156,AUD,6,,
ABS:ANA_SFD(1.0.0),C,GFC,GGC,10,7,Q,2022-Q1,128,AUD,6,,
ABS:ANA_SFD(1.0.0),C,GFC,GGC,10,7,Q,2022-Q2,197,AUD,6,,
ABS:ANA_SFD(1.0.0),C,GFC,GGC,10,7,Q,2022-Q3,143,AUD,6,,
ABS:ANA_SFD(1.0.0),C,GFC,GGC,10,7,Q,2022-Q4,159,AUD,6,,
ABS:ANA_SFD(1.0.0),C,GFC,GGC,10,7,Q,2023-Q1,131,AUD,6,,
ABS:ANA_SFD(1.0.0),C,GFC,GGC,10,7,Q,2023-Q2,217,AUD,6,,
ABS:ANA_SFD(1.0.0),C,GFC,GGC,10,7,Q,2023-Q3,194,AUD,6,,
ABS:ANA_SFD(1.0.0),C,GFC,GGC,10,7,Q,2023-Q4,204,AUD,6,,
ABS:ANA_SFD(1.0.0),C,GFC,GGC,10,7,Q,2024-Q1,165,AUD,6,,
ABS:ANA_SFD(1.0.0),C,GFC,GGC,10,7,Q,2024-Q2,308,AUD,6,,
ABS:ANA_SFD(1.0.0),C,GFC,GGC,10,7,Q,2024-Q3,216,AUD,6,,
ABS:ANA_SFD(1.0.0),C,GFC,GGC,10,7,Q,2024-Q4,200,AUD,6,,
ABS:ANA_SFD(1.0.0),C,GFC,GGC,10,7,Q,2025-Q1,171,AUD,6,,
ABS:ANA_SFD(1.0.0),C,GFC,GGC,10,7,Q,2025-Q2,253,AUD,6,,
ABS:ANA_SFD(1.0.0),C,GFC,GGC,10,7,Q,2025-Q3,209,AUD,6,,
ABS:ANA_SFD(1.0.0),C,GFC,GGC,10,7,Q,2025-Q4,192,AUD,6,,
ABS:ANA_SFD(1.0.0),C,GFC,GGC,10,7,Q,2026-Q1,449,AUD,6,,
ABS:ANA_SFD(1.0.0),C,GFC,GGC,10,7,Q,2026-Q2,57,AUD,6,,
ABS:ANA_SFD(1.0.0),C,GFC,GES_SL,10,3,Q,2010-Q1,1927,AUD,6,,
ABS:ANA_SFD(1.0.0),C,GFC,GES_SL,10,3,Q,2010-Q2,1674,AUD,6,,
ABS:ANA_SFD(1.0.0),C,GFC,GES_SL,10,3,Q,2010-Q3,1648,AUD,6,,
ABS:ANA_SFD(1.0.0),C,GFC,GES_SL,10,3,Q,2010-Q4,1448,AUD,6,,
ABS:ANA_SFD(1.0.0),C,GFC,GES_SL,10,3,Q,2011-Q1,1303,AUD,6,,
ABS:ANA_SFD(1.0.0),C,GFC,GES_SL,10,3,Q,2011-Q2,1672,AUD,6,,
ABS:ANA_SFD(1.0.0),C,GFC,GES_SL,10,3,Q,2011-Q3,1204,AUD,6,,
ABS:ANA_SFD(1.0.0),C,GFC,GES_SL,10,3,Q,2011-Q4,862,AUD,6,,
ABS:ANA_SFD(1.0.0),C,GFC,GES_SL,10,3,Q,2012-Q1,1220,AUD,6,,
ABS:ANA_SFD(1.0.0),C,GFC,GES_SL,10,3,Q,2012-Q2,1581,AUD,6,,
ABS:ANA_SFD(1.0.0),C,GFC,GES_SL,10,3,Q,2012-Q3,1206,AUD,6,,
ABS:ANA_SFD(1.0.0),C,GFC,GES_SL,10,3,Q,2012-Q4,1147,AUD,6,,
ABS:ANA_SFD(1.0.0),C,GFC,GES_SL,10,3,Q,2013-Q1,872,AUD,6,,
ABS:ANA_SFD(1.0.0),C,GFC,GES_SL,10,3,Q,2013-Q2,1202,AUD,6,,
ABS:ANA_SFD(1.0.0),C,GFC,GES_SL,10,3,Q,2013-Q3,868,AUD,6,,
ABS:ANA_SFD(1.0.0),C,GFC,GES_SL,10,3,Q,2013-Q4,1720,AUD,6,,
ABS:ANA_SFD(1.0.0),C,GFC,GES_SL,10,3,Q,2014-Q1,707,AUD,6,,
ABS:ANA_SFD(1.0.0),C,GFC,GES_SL,10,3,Q,2014-Q2,971,AUD,6,,
ABS:ANA_SFD(1.0.0),C,GFC,GES_SL,10,3,Q,2014-Q3,804,AUD,6,,
ABS:ANA_SFD(1.0.0),C,GFC,GES_SL,10,3,Q,2014-Q4,916,AUD,6,,
ABS:ANA_SFD(1.0.0),C,GFC,GES_SL,10,3,Q,2015-Q1,828,AUD,6,,
ABS:ANA_SFD(1.0.0),C,GFC,GES_SL,10,3,Q,2015-Q2,1114,AUD,6,,
ABS:ANA_SFD(1.0.0),C,GFC,GES_SL,10,3,Q,2015-Q3,899,AUD,6,,
ABS:ANA_SFD(1.0.0),C,GFC,GES_SL,10,3,Q,2015-Q4,835,AUD,6,,
ABS:ANA_SFD(1.0.0),C,GFC,GES_SL,10,3,Q,2016-Q1,640,AUD,6,,
ABS:ANA_SFD(1.0.0),C,GFC,GES_SL,10,3,Q,2016-Q2,1061,AUD,6,,
ABS:ANA_SFD(1.0.0),C,GFC,GES_SL,10,3,Q,2016-Q3,791,AUD,6,,
ABS:ANA_SFD(1.0.0),C,GFC,GES_SL,10,3,Q,2016-Q4,785,AUD,6,,
ABS:ANA_SFD(1.0.0),C,GFC,GES_SL,10,3,Q,2017-Q1,692,AUD,6,,
ABS:ANA_SFD(1.0.0),C,GFC,GES_SL,10,3,Q,2017-Q2,966,AUD,6,,
ABS:ANA_SFD(1.0.0),C,GFC,GES_SL,10,3,Q,2017-Q3,675,AUD,6,,
ABS:ANA_SFD(1.0.0),C,GFC,GES_SL,10,3,Q,2017-Q4,699,AUD,6,,
ABS:ANA_SFD(1.0.0),C,GFC,GES_SL,10,3,Q,2018-Q1,733,AUD,6,,
ABS:ANA_SFD(1.0.0),C,GFC,GES_SL,10,3,Q,2018-Q2,937,AUD,6,,
ABS:ANA_SFD(1.0.0),C,GFC,GES_SL,10,3,Q,2018-Q3,744,AUD,6,,
ABS:ANA_SFD(1.0.0),C,GFC,GES_SL,10,3,Q,2018-Q4,795,AUD,6,,
ABS:ANA_SFD(1.0.0),C,GFC,GES_SL,10,3,Q,2019-Q1,702,AUD,6,,
ABS:ANA_SFD(1.0.0),C,GFC,GES_SL,10,3,Q,2019-Q2,963,AUD,6,,
ABS:ANA_SFD(1.0.0),C,GFC,GES_SL,10,3,Q,2019-Q3,875,AUD,6,,
ABS:ANA_SFD(1.0.0),C,GFC,GES_SL,10,3,Q,2019-Q4,979,AUD,6,,
ABS:ANA_SFD(1.0.0),C,GFC,GES_SL,10,3,Q,2020-Q1,880,AUD,6,,
ABS:ANA_SFD(1.0.0),C,GFC,GES_SL,10,3,Q,2020-Q2,1021,AUD,6,,
ABS:ANA_SFD(1.0.0),C,GFC,GES_SL,10,3,Q,2020-Q3,950,AUD,6,,
ABS:ANA_SFD(1.0.0),C,GFC,GES_SL,10,3,Q,2020-Q4,991,AUD,6,,
ABS:ANA_SFD(1.0.0),C,GFC,GES_SL,10,3,Q,2021-Q1,788,AUD,6,,
ABS:ANA_SFD(1.0.0),C,GFC,GES_SL,10,3,Q,2021-Q2,981,AUD,6,,
ABS:ANA_SFD(1.0.0),C,GFC,GES_SL,10,3,Q,2021-Q3,904,AUD,6,,
ABS:ANA_SFD(1.0.0),C,GFC,GES_SL,10,3,Q,2021-Q4,920,AUD,6,,
ABS:ANA_SFD(1.0.0),C,GFC,GES_SL,10,3,Q,2022-Q1,882,AUD,6,,
ABS:ANA_SFD(1.0.0),C,GFC,GES_SL,10,3,Q,2022-Q2,1150,AUD,6,,
ABS:ANA_SFD(1.0.0),C,GFC,GES_SL,10,3,Q,2022-Q3,1057,AUD,6,,
ABS:ANA_SFD(1.0.0),C,GFC,GES_SL,10,3,Q,2022-Q4,1257,AUD,6,,
ABS:ANA_SFD(1.0.0),C,GFC,GES_SL,10,3,Q,2023-Q1,1215,AUD,6,,
ABS:ANA_SFD(1.0.0),C,GFC,GES_SL,10,3,Q,2023-Q2,1638,AUD,6,,
ABS:ANA_SFD(1.0.0),C,GFC,GES_SL,10,3,Q,2023-Q3,1676,AUD,6,,
ABS:ANA_SFD(1.0.0),C,GFC,GES_SL,10,3,Q,2023-Q4,1941,AUD,6,,
ABS:ANA_SFD(1.0.0),C,GFC,GES_SL,10,3,Q,2024-Q1,1760,AUD,6,,
ABS:ANA_SFD(1.0.0),C,GFC,GES_SL,10,3,Q,2024-Q2,2251,AUD,6,,
ABS:ANA_SFD(1.0.0),C,GFC,GES_SL,10,3,Q,2024-Q3,2055,AUD,6,,
ABS:ANA_SFD(1.0.0),C,GFC,GES_SL,10,3,Q,2024-Q4,1999,AUD,6,,
ABS:ANA_SFD(1.0.0),C,GFC,GES_SL,10,3,Q,2025-Q1,1723,AUD,6,,
ABS:ANA_SFD(1.0.0),C,GFC,GES_SL,10,3,Q,2025-Q2,2189,AUD,6,,
ABS:ANA_SFD(1.0.0),C,GFC,GES_SL,10,3,Q,2025-Q3,2157,AUD,6,,
ABS:ANA_SFD(1.0.0),C,GFC,GES_SL,10,3,Q,2025-Q4,2024,AUD,6,,
ABS:ANA_SFD(1.0.0),C,GFC,GES_SL,10,3,Q,2026-Q1,1949,AUD,6,,
ABS:ANA_SFD(1.0.0),C,GFC,GES_SL,10,3,Q,2026-Q2,2188,AUD,6,,
ABS:ANA_SFD(1.0.0),C,GFC,GES_SL,10,6,Q,2010-Q1,172,AUD,6,,
ABS:ANA_SFD(1.0.0),C,GFC,GES_SL,10,6,Q,2010-Q2,228,AUD,6,,
ABS:ANA_SFD(1.0.0),C,GFC,GES_SL,10,6,Q,2010-Q3,167,AUD,6,,
ABS:ANA_SFD(1.0.0),C,GFC,GES_SL,10,6,Q,2010-Q4,138,AUD,6,,
ABS:ANA_SFD(1.0.0),C,GFC,GES_SL,10,6,Q,2011-Q1,121,AUD,6,,
ABS:ANA_SFD(1.0.0),C,GFC,GES_SL,10,6,Q,2011-Q2,163,AUD,6,,
ABS:ANA_SFD(1.0.0),C,GFC,GES_SL,10,6,Q,2011-Q3,166,AUD,6,,
ABS:ANA_SFD(1.0.0),C,GFC,GES_SL,10,6,Q,2011-Q4,164,AUD,6,,
ABS:ANA_SFD(1.0.0),C,GFC,GES_SL,10,6,Q,2012-Q1,145,AUD,6,,
ABS:ANA_SFD(1.0.0),C,GFC,GES_SL,10,6,Q,2012-Q2,125,AUD,6,,
ABS:ANA_SFD(1.0.0),C,GFC,GES_SL,10,6,Q,2012-Q3,111,AUD,6,,
ABS:ANA_SFD(1.0.0),C,GFC,GES_SL,10,6,Q,2012-Q4,151,AUD,6,,
ABS:ANA_SFD(1.0.0),C,GFC,GES_SL,10,6,Q,2013-Q1,155,AUD,6,,
ABS:ANA_SFD(1.0.0),C,GFC,GES_SL,10,6,Q,2013-Q2,173,AUD,6,,
ABS:ANA_SFD(1.0.0),C,GFC,GES_SL,10,6,Q,2013-Q3,173,AUD,6,,
ABS:ANA_SFD(1.0.0),C,GFC,GES_SL,10,6,Q,2013-Q4,150,AUD,6,,
ABS:ANA_SFD(1.0.0),C,GFC,GES_SL,10,6,Q,2014-Q1,171,AUD,6,,
ABS:ANA_SFD(1.0.0),C,GFC,GES_SL,10,6,Q,2014-Q2,155,AUD,6,,
ABS:ANA_SFD(1.0.0),C,GFC,GES_SL,10,6,Q,2014-Q3,134,AUD,6,,
ABS:ANA_SFD(1.0.0),C,GFC,GES_SL,10,6,Q,2014-Q4,111,AUD,6,,
ABS:ANA_SFD(1.0.0),C,GFC,GES_SL,10,6,Q,2015-Q1,95,AUD,6,,
ABS:ANA_SFD(1.0.0),C,GFC,GES_SL,10,6,Q,2015-Q2,169,AUD,6,,
ABS:ANA_SFD(1.0.0),C,GFC,GES_SL,10,6,Q,2015-Q3,143,AUD,6,,
ABS:ANA_SFD(1.0.0),C,GFC,GES_SL,10,6,Q,2015-Q4,110,AUD,6,,
ABS:ANA_SFD(1.0.0),C,GFC,GES_SL,10,6,Q,2016-Q1,98,AUD,6,,
ABS:ANA_SFD(1.0.0),C,GFC,GES_SL,10,6,Q,2016-Q2,168,AUD,6,,
ABS:ANA_SFD(1.0.0),C,GFC,GES_SL,10,6,Q,2016-Q3,127,AUD,6,,
ABS:ANA_SFD(1.0.0),C,GFC,GES_SL,10,6,Q,2016-Q4,125,AUD,6,,
ABS:ANA_SFD(1.0.0),C,GFC,GES_SL,10,6,Q,2017-Q1,118,AUD,6,,
ABS:ANA_SFD(1.0.0),C,GFC,GES_SL,10,6,Q,2017-Q2,198,AUD,6,,
ABS:ANA_SFD(1.0.0),C,GFC,GES_SL,10,6,Q,2017-Q3,130,AUD,6,,
ABS:ANA_SFD(1.0.0),C,GFC,GES_SL,10,6,Q,2017-Q4,154,AUD,6,,
ABS:ANA_SFD(1.0.0),C,GFC,GES_SL,10,6,Q,2018-Q1,167,AUD,6,,
ABS:ANA_SFD(1.0.0),C,GFC,GES_SL,10,6,Q,2018-Q2,193,AUD,6,,
ABS:ANA_SFD(1.0.0),C,GFC,GES_SL,10,6,Q,2018-Q3,139,AUD,6,,
ABS:ANA_SFD(1.0.0),C,GFC,GES_SL,10,6,Q,2018-Q4,154,AUD,6,,
ABS:ANA_SFD(1.0.0),C,GFC,GES_SL,10,6,Q,2019-Q1,155,AUD,6,,
ABS:ANA_SFD(1.0.0),C,GFC,GES_SL,10,6,Q,2019-Q2,197,AUD,6,,
ABS:ANA_SFD(1.0.0),C,GFC,GES_SL,10,6,Q,2019-Q3,153,AUD,6,,
ABS:ANA_SFD(1.0.0),C,GFC,GES_SL,10,6,Q,2019-Q4,147,AUD,6,,
ABS:ANA_SFD(1.0.0),C,GFC,GES_SL,10,6,Q,2020-Q1,170,AUD,6,,
ABS:ANA_SFD(1.0.0),C,GFC,GES_SL,10,6,Q,2020-Q2,185,AUD,6,,
ABS:ANA_SFD(1.0.0),C,GFC,GES_SL,10,6,Q,2020-Q3,139,AUD,6,,
ABS:ANA_SFD(1.0.0),C,GFC,GES_SL,10,6,Q,2020-Q4,158,AUD,6,,
ABS:ANA_SFD(1.0.0),C,GFC,GES_SL,10,6,Q,2021-Q1,162,AUD,6,,
ABS:ANA_SFD(1.0.0),C,GFC,GES_SL,10,6,Q,2021-Q2,221,AUD,6,,
ABS:ANA_SFD(1.0.0),C,GFC,GES_SL,10,6,Q,2021-Q3,165,AUD,6,,
ABS:ANA_SFD(1.0.0),C,GFC,GES_SL,10,6,Q,2021-Q4,172,AUD,6,,
ABS:ANA_SFD(1.0.0),C,GFC,GES_SL,10,6,Q,2022-Q1,185,AUD,6,,
ABS:ANA_SFD(1.0.0),C,GFC,GES_SL,10,6,Q,2022-Q2,229,AUD,6,,
ABS:ANA_SFD(1.0.0),C,GFC,GES_SL,10,6,Q,2022-Q3,215,AUD,6,,
ABS:ANA_SFD(1.0.0),C,GFC,GES_SL,10,6,Q,2022-Q4,227,AUD,6,,
ABS:ANA_SFD(1.0.0),C,GFC,GES_SL,10,6,Q,2023-Q1,269,AUD,6,,
ABS:ANA_SFD(1.0.0),C,GFC,GES_SL,10,6,Q,2023-Q2,369,AUD,6,,
ABS:ANA_SFD(1.0.0),C,GFC,GES_SL,10,6,Q,2023-Q3,290,AUD,6,,
ABS:ANA_SFD(1.0.0),C,GFC,GES_SL,10,6,Q,2023-Q4,320,AUD,6,,
ABS:ANA_SFD(1.0.0),C,GFC,GES_SL,10,6,Q,2024-Q1,296,AUD,6,,
ABS:ANA_SFD(1.0.0),C,GFC,GES_SL,10,6,Q,2024-Q2,398,AUD,6,,
ABS:ANA_SFD(1.0.0),C,GFC,GES_SL,10,6,Q,2024-Q3,888,AUD,6,,
ABS:ANA_SFD(1.0.0),C,GFC,GES_SL,10,6,Q,2024-Q4,412,AUD,6,,
ABS:ANA_SFD(1.0.0),C,GFC,GES_SL,10,6,Q,2025-Q1,371,AUD,6,,
ABS:ANA_SFD(1.0.0),C,GFC,GES_SL,10,6,Q,2025-Q2,1080,AUD,6,,
ABS:ANA_SFD(1.0.0),C,GFC,GES_SL,10,6,Q,2025-Q3,426,AUD,6,,
ABS:ANA_SFD(1.0.0),C,GFC,GES_SL,10,6,Q,2025-Q4,433,AUD,6,,
ABS:ANA_SFD(1.0.0),C,GFC,GES_SL,10,6,Q,2026-Q1,421,AUD,6,,
ABS:ANA_SFD(1.0.0),C,GFC,GES_SL,10,6,Q,2026-Q2,553,AUD,6,,
ABS:ANA_SFD(1.0.0),C,GFC,GGS_SL,10,1,Q,2010-Q1,3114,AUD,6,,
ABS:ANA_SFD(1.0.0),C,GFC,GGS_SL,10,1,Q,2010-Q2,3062,AUD,6,,
ABS:ANA_SFD(1.0.0),C,GFC,GGS_SL,10,1,Q,2010-Q3,2771,AUD,6,,
ABS:ANA_SFD(1.0.0),C,GFC,GGS_SL,10,1,Q,2010-Q4,2725,AUD,6,,
ABS:ANA_SFD(1.0.0),C,GFC,GGS_SL,10,1,Q,2011-Q1,2248,AUD,6,,
ABS:ANA_SFD(1.0.0),C,GFC,GGS_SL,10,1,Q,2011-Q2,2478,AUD,6,,
ABS:ANA_SFD(1.0.0),C,GFC,GGS_SL,10,1,Q,2011-Q3,1915,AUD,6,,
ABS:ANA_SFD(1.0.0),C,GFC,GGS_SL,10,1,Q,2011-Q4,2204,AUD,6,,
ABS:ANA_SFD(1.0.0),C,GFC,GGS_SL,10,1,Q,2012-Q1,2038,AUD,6,,
ABS:ANA_SFD(1.0.0),C,GFC,GGS_SL,10,1,Q,2012-Q2,2664,AUD,6,,
ABS:ANA_SFD(1.0.0),C,GFC,GGS_SL,10,1,Q,2012-Q3,1900,AUD,6,,
ABS:ANA_SFD(1.0.0),C,GFC,GGS_SL,10,1,Q,2012-Q4,2355,AUD,6,,
ABS:ANA_SFD(1.0.0),C,GFC,GGS_SL,10,1,Q,2013-Q1,2178,AUD,6,,
ABS:ANA_SFD(1.0.0),C,GFC,GGS_SL,10,1,Q,2013-Q2,2369,AUD,6,,
ABS:ANA_SFD(1.0.0),C,GFC,GGS_SL,10,1,Q,2013-Q3,1615,AUD,6,,
ABS:ANA_SFD(1.0.0),C,GFC,GGS_SL,10,1,Q,2013-Q4,2242,AUD,6,,
ABS:ANA_SFD(1.0.0),C,GFC,GGS_SL,10,1,Q,2014-Q1,2608,AUD,6,,
ABS:ANA_SFD(1.0.0),C,GFC,GGS_SL,10,1,Q,2014-Q2,3275,AUD,6,,
ABS:ANA_SFD(1.0.0),C,GFC,GGS_SL,10,1,Q,2014-Q3,1985,AUD,6,,
ABS:ANA_SFD(1.0.0),C,GFC,GGS_SL,10,1,Q,2014-Q4,2333,AUD,6,,
ABS:ANA_SFD(1.0.0),C,GFC,GGS_SL,10,1,Q,2015-Q1,2443,AUD,6,,
ABS:ANA_SFD(1.0.0),C,GFC,GGS_SL,10,1,Q,2015-Q2,3528,AUD,6,,
ABS:ANA_SFD(1.0.0),C,GFC,GGS_SL,10,1,Q,2015-Q3,2457,AUD,6,,
ABS:ANA_SFD(1.0.0),C,GFC,GGS_SL,10,1,Q,2015-Q4,2829,AUD,6,,
ABS:ANA_SFD(1.0.0),C,GFC,GGS_SL,10,1,Q,2016-Q1,2731,AUD,6,,
ABS:ANA_SFD(1.0.0),C,GFC,GGS_SL,10,1,Q,2016-Q2,3859,AUD,6,,
ABS:ANA_SFD(1.0.0),C,GFC,GGS_SL,10,1,Q,2016-Q3,2708,AUD,6,,
ABS:ANA_SFD(1.0.0),C,GFC,GGS_SL,10,1,Q,2016-Q4,3288,AUD,6,,
ABS:ANA_SFD(1.0.0),C,GFC,GGS_SL,10,1,Q,2017-Q1,3168,AUD,6,,
ABS:ANA_SFD(1.0.0),C,GFC,GGS_SL,10,1,Q,2017-Q2,5061,AUD,6,,
ABS:ANA_SFD(1.0.0),C,GFC,GGS_SL,10,1,Q,2017-Q3,3699,AUD,6,,
ABS:ANA_SFD(1.0.0),C,GFC,GGS_SL,10,1,Q,2017-Q4,4010,AUD,6,,
ABS:ANA_SFD(1.0.0),C,GFC,GGS_SL,10,1,Q,2018-Q1,3677,AUD,6,,
ABS:ANA_SFD(1.0.0),C,GFC,GGS_SL,10,1,Q,2018-Q2,5179,AUD,6,,
ABS:ANA_SFD(1.0.0),C,GFC,GGS_SL,10,1,Q,2018-Q3,4083,AUD,6,,
ABS:ANA_SFD(1.0.0),C,GFC,GGS_SL,10,1,Q,2018-Q4,4831,AUD,6,,
ABS:ANA_SFD(1.0.0),C,GFC,GGS_SL,10,1,Q,2019-Q1,4745,AUD,6,,
ABS:ANA_SFD(1.0.0),C,GFC,GGS_SL,10,1,Q,2019-Q2,5807,AUD,6,,
ABS:ANA_SFD(1.0.0),C,GFC,GGS_SL,10,1,Q,2019-Q3,4675,AUD,6,,
ABS:ANA_SFD(1.0.0),C,GFC,GGS_SL,10,1,Q,2019-Q4,5166,AUD,6,,
ABS:ANA_SFD(1.0.0),C,GFC,GGS_SL,10,1,Q,2020-Q1,4663,AUD,6,,
ABS:ANA_SFD(1.0.0),C,GFC,GGS_SL,10,1,Q,2020-Q2,5924,AUD,6,,
ABS:ANA_SFD(1.0.0),C,GFC,GGS_SL,10,1,Q,2020-Q3,4277,AUD,6,,
ABS:ANA_SFD(1.0.0),C,GFC,GGS_SL,10,1,Q,2020-Q4,4899,AUD,6,,
ABS:ANA_SFD(1.0.0),C,GFC,GGS_SL,10,1,Q,2021-Q1,4687,AUD,6,,
ABS:ANA_SFD(1.0.0),C,GFC,GGS_SL,10,1,Q,2021-Q2,6570,AUD,6,,
ABS:ANA_SFD(1.0.0),C,GFC,GGS_SL,10,1,Q,2021-Q3,4491,AUD,6,,
ABS:ANA_SFD(1.0.0),C,GFC,GGS_SL,10,1,Q,2021-Q4,5468,AUD,6,,
ABS:ANA_SFD(1.0.0),C,GFC,GGS_SL,10,1,Q,2022-Q1,5324,AUD,6,,
ABS:ANA_SFD(1.0.0),C,GFC,GGS_SL,10,1,Q,2022-Q2,8040,AUD,6,,
ABS:ANA_SFD(1.0.0),C,GFC,GGS_SL,10,1,Q,2022-Q3,5699,AUD,6,,
ABS:ANA_SFD(1.0.0),C,GFC,GGS_SL,10,1,Q,2022-Q4,6468,AUD,6,,
ABS:ANA_SFD(1.0.0),C,GFC,GGS_SL,10,1,Q,2023-Q1,6080,AUD,6,,
ABS:ANA_SFD(1.0.0),C,GFC,GGS_SL,10,1,Q,2023-Q2,9095,AUD,6,,
ABS:ANA_SFD(1.0.0),C,GFC,GGS_SL,10,1,Q,2023-Q3,6649,AUD,6,,
ABS:ANA_SFD(1.0.0),C,GFC,GGS_SL,10,1,Q,2023-Q4,7049,AUD,6,,
ABS:ANA_SFD(1.0.0),C,GFC,GGS_SL,10,1,Q,2024-Q1,6566,AUD,6,,
ABS:ANA_SFD(1.0.0),C,GFC,GGS_SL,10,1,Q,2024-Q2,8681,AUD,6,,
ABS:ANA_SFD(1.0.0),C,GFC,GGS_SL,10,1,Q,2024-Q3,6216,AUD,6,,
ABS:ANA_SFD(1.0.0),C,GFC,GGS_SL,10,1,Q,2024-Q4,6891,AUD,6,,
ABS:ANA_SFD(1.0.0),C,GFC,GGS_SL,10,1,Q,2025-Q1,6105,AUD,6,,
ABS:ANA_SFD(1.0.0),C,GFC,GGS_SL,10,1,Q,2025-Q2,8512,AUD,6,,
ABS:ANA_SFD(1.0.0),C,GFC,GGS_SL,10,1,Q,2025-Q3,5986,AUD,6,,
ABS:ANA_SFD(1.0.0),C,GFC,GGS_SL,10,1,Q,2025-Q4,6746,AUD,6,,
ABS:ANA_SFD(1.0.0),C,GFC,GGS_SL,10,1,Q,2026-Q1,6290,AUD,6,,
ABS:ANA_SFD(1.0.0),C,GFC,GGS_SL,10,1,Q,2026-Q2,8800,AUD,6,,
ABS:ANA_SFD(1.0.0),C,GFC,GEC,10,8,Q,2010-Q1,7,AUD,6,,
ABS:ANA_SFD(1.0.0),C,GFC,GEC,10,8,Q,2010-Q2,6,AUD,6,,
ABS:ANA_SFD(1.0.0),C,GFC,GEC,10,8,Q,2010-Q3,5,AUD,6,,
ABS:ANA_SFD(1.0.0),C,GFC,GEC,10,8,Q,2010-Q4,6,AUD,6,,
ABS:ANA_SFD(1.0.0),C,GFC,GEC,10,8,Q,2011-Q1,7,AUD,6,,
ABS:ANA_SFD(1.0.0),C,GFC,GEC,10,8,Q,2011-Q2,10,AUD,6,,
ABS:ANA_SFD(1.0.0),C,GFC,GEC,10,8,Q,2011-Q3,11,AUD,6,,
ABS:ANA_SFD(1.0.0),C,GFC,GEC,10,8,Q,2011-Q4,10,AUD,6,,
ABS:ANA_SFD(1.0.0),C,GFC,GEC,10,8,Q,2012-Q1,8,AUD,6,,
ABS:ANA_SFD(1.0.0),C,GFC,GEC,10,8,Q,2012-Q2,15,AUD,6,,
ABS:ANA_SFD(1.0.0),C,GFC,GEC,10,8,Q,2012-Q3,18,AUD,6,,
ABS:ANA_SFD(1.0.0),C,GFC,GEC,10,8,Q,2012-Q4,18,AUD,6,,
ABS:ANA_SFD(1.0.0),C,GFC,GEC,10,8,Q,2013-Q1,18,AUD,6,,
ABS:ANA_SFD(1.0.0),C,GFC,GEC,10,8,Q,2013-Q2,22,AUD,6,,
ABS:ANA_SFD(1.0.0),C,GFC,GEC,10,8,Q,2013-Q3,26,AUD,6,,
ABS:ANA_SFD(1.0.0),C,GFC,GEC,10,8,Q,2013-Q4,22,AUD,6,,
ABS:ANA_SFD(1.0.0),C,GFC,GEC,10,8,Q,2014-Q1,18,AUD,6,,
ABS:ANA_SFD(1.0.0),C,GFC,GEC,10,8,Q,2014-Q2,27,AUD,6,,
ABS:ANA_SFD(1.0.0),C,GFC,GEC,10,8,Q,2014-Q3,18,AUD,6,,
ABS:ANA_SFD(1.0.0),C,GFC,GEC,10,8,Q,2014-Q4,16,AUD,6,,
ABS:ANA_SFD(1.0.0),C,GFC,GEC,10,8,Q,2015-Q1,19,AUD,6,,
ABS:ANA_SFD(1.0.0),C,GFC,GEC,10,8,Q,2015-Q2,20,AUD,6,,
ABS:ANA_SFD(1.0.0),C,GFC,GEC,10,8,Q,2015-Q3,23,AUD,6,,
ABS:ANA_SFD(1.0.0),C,GFC,GEC,10,8,Q,2015-Q4,34,AUD,6,,
ABS:ANA_SFD(1.0.0),C,GFC,GEC,10,8,Q,2016-Q1,27,AUD,6,,
ABS:ANA_SFD(1.0.0),C,GFC,GEC,10,8,Q,2016-Q2,32,AUD,6,,
ABS:ANA_SFD(1.0.0),C,GFC,GEC,10,8,Q,2016-Q3,25,AUD,6,,
ABS:ANA_SFD(1.0.0),C,GFC,GEC,10,8,Q,2016-Q4,39,AUD,6,,
ABS:ANA_SFD(1.0.0),C,GFC,GEC,10,8,Q,2017-Q1,35,AUD,6,,
ABS:ANA_SFD(1.0.0),C,GFC,GEC,10,8,Q,2017-Q2,40,AUD,6,,
ABS:ANA_SFD(1.0.0),C,GFC,GEC,10,8,Q,2017-Q3,32,AUD,6,,
ABS:ANA_SFD(1.0.0),C,GFC,GEC,10,8,Q,2017-Q4,34,AUD,6,,
ABS:ANA_SFD(1.0.0),C,GFC,GEC,10,8,Q,2018-Q1,35,AUD,6,,
ABS:ANA_SFD(1.0.0),C,GFC,GEC,10,8,Q,2018-Q2,39,AUD,6,,
ABS:ANA_SFD(1.0.0),C,GFC,GEC,10,8,Q,2018-Q3,36,AUD,6,,
ABS:ANA_SFD(1.0.0),C,GFC,GEC,10,8,Q,2018-Q4,35,AUD,6,,
ABS:ANA_SFD(1.0.0),C,GFC,GEC,10,8,Q,2019-Q1,40,AUD,6,,
ABS:ANA_SFD(1.0.0),C,GFC,GEC,10,8,Q,2019-Q2,42,AUD,6,,
ABS:ANA_SFD(1.0.0),C,GFC,GEC,10,8,Q,2019-Q3,33,AUD,6,,
ABS:ANA_SFD(1.0.0),C,GFC,GEC,10,8,Q,2019-Q4,29,AUD,6,,
ABS:ANA_SFD(1.0.0),C,GFC,GEC,10,8,Q,2020-Q1,29,AUD,6,,
ABS:ANA_SFD(1.0.0),C,GFC,GEC,10,8,Q,2020-Q2,28,AUD,6,,
ABS:ANA_SFD(1.0.0),C,GFC,GEC,10,8,Q,2020-Q3,20,AUD,6,,
ABS:ANA_SFD(1.0.0),C,GFC,GEC,10,8,Q,2020-Q4,16,AUD,6,,
ABS:ANA_SFD(1.0.0),C,GFC,GEC,10,8,Q,2021-Q1,18,AUD,6,,
ABS:ANA_SFD(1.0.0),C,GFC,GEC,10,8,Q,2021-Q2,23,AUD,6,,
ABS:ANA_SFD(1.0.0),C,GFC,GEC,10,8,Q,2021-Q3,16,AUD,6,,
ABS:ANA_SFD(1.0.0),C,GFC,GEC,10,8,Q,2021-Q4,18,AUD,6,,
ABS:ANA_SFD(1.0.0),C,GFC,GEC,10,8,Q,2022-Q1,20,AUD,6,,
ABS:ANA_SFD(1.0.0),C,GFC,GEC,10,8,Q,2022-Q2,20,AUD,6,,
ABS:ANA_SFD(1.0.0),C,GFC,GEC,10,8,Q,2022-Q3,23,AUD,6,,
ABS:ANA_SFD(1.0.0),C,GFC,GEC,10,8,Q,2022-Q4,22,AUD,6,,
ABS:ANA_SFD(1.0.0),C,GFC,GEC,10,8,Q,2023-Q1,20,AUD,6,,
ABS:ANA_SFD(1.0.0),C,GFC,GEC,10,8,Q,2023-Q2,21,AUD,6,,
ABS:ANA_SFD(1.0.0),C,GFC,GEC,10,8,Q,2023-Q3,24,AUD,6,,
ABS:ANA_SFD(1.0.0),C,GFC,GEC,10,8,Q,2023-Q4,22,AUD,6,,
ABS:ANA_SFD(1.0.0),C,GFC,GEC,10,8,Q,2024-Q1,21,AUD,6,,
ABS:ANA_SFD(1.0.0),C,GFC,GEC,10,8,Q,2024-Q2,26,AUD,6,,
ABS:ANA_SFD(1.0.0),C,GFC,GEC,10,8,Q,2024-Q3,22,AUD,6,,
ABS:ANA_SFD(1.0.0),C,GFC,GEC,10,8,Q,2024-Q4,25,AUD,6,,
ABS:ANA_SFD(1.0.0),C,GFC,GEC,10,8,Q,2025-Q1,21,AUD,6,,
ABS:ANA_SFD(1.0.0),C,GFC,GEC,10,8,Q,2025-Q2,29,AUD,6,,
ABS:ANA_SFD(1.0.0),C,GFC,GEC,10,8,Q,2025-Q3,22,AUD,6,,
ABS:ANA_SFD(1.0.0),C,GFC,GEC,10,8,Q,2025-Q4,20,AUD,6,,
ABS:ANA_SFD(1.0.0),C,GFC,GEC,10,8,Q,2026-Q1,16,AUD,6,,
ABS:ANA_SFD(1.0.0),C,GFC,GEC,10,8,Q,2026-Q2,21,AUD,6,,
ABS:ANA_SFD(1.0.0),C,FCE,GGS_SL,10,7,Q,2010-Q1,789,AUD,6,,
ABS:ANA_SFD(1.0.0),C,FCE,GGS_SL,10,7,Q,2010-Q2,924,AUD,6,,
ABS:ANA_SFD(1.0.0),C,FCE,GGS_SL,10,7,Q,2010-Q3,822,AUD,6,,
ABS:ANA_SFD(1.0.0),C,FCE,GGS_SL,10,7,Q,2010-Q4,871,AUD,6,,
ABS:ANA_SFD(1.0.0),C,FCE,GGS_SL,10,7,Q,2011-Q1,862,AUD,6,,
ABS:ANA_SFD(1.0.0),C,FCE,GGS_SL,10,7,Q,2011-Q2,1005,AUD,6,,
ABS:ANA_SFD(1.0.0),C,FCE,GGS_SL,10,7,Q,2011-Q3,923,AUD,6,,
ABS:ANA_SFD(1.0.0),C,FCE,GGS_SL,10,7,Q,2011-Q4,977,AUD,6,,
ABS:ANA_SFD(1.0.0),C,FCE,GGS_SL,10,7,Q,2012-Q1,924,AUD,6,,
ABS:ANA_SFD(1.0.0),C,FCE,GGS_SL,10,7,Q,2012-Q2,1059,AUD,6,,
ABS:ANA_SFD(1.0.0),C,FCE,GGS_SL,10,7,Q,2012-Q3,951,AUD,6,,
ABS:ANA_SFD(1.0.0),C,FCE,GGS_SL,10,7,Q,2012-Q4,1001,AUD,6,,
ABS:ANA_SFD(1.0.0),C,FCE,GGS_SL,10,7,Q,2013-Q1,927,AUD,6,,
ABS:ANA_SFD(1.0.0),C,FCE,GGS_SL,10,7,Q,2013-Q2,1045,AUD,6,,
ABS:ANA_SFD(1.0.0),C,FCE,GGS_SL,10,7,Q,2013-Q3,957,AUD,6,,
ABS:ANA_SFD(1.0.0),C,FCE,GGS_SL,10,7,Q,2013-Q4,995,AUD,6,,
ABS:ANA_SFD(1.0.0),C,FCE,GGS_SL,10,7,Q,2014-Q1,963,AUD,6,,
ABS:ANA_SFD(1.0.0),C,FCE,GGS_SL,10,7,Q,2014-Q2,1121,AUD,6,,
ABS:ANA_SFD(1.0.0),C,FCE,GGS_SL,10,7,Q,2014-Q3,1006,AUD,6,,
ABS:ANA_SFD(1.0.0),C,FCE,GGS_SL,10,7,Q,2014-Q4,1029,AUD,6,,
ABS:ANA_SFD(1.0.0),C,FCE,GGS_SL,10,7,Q,2015-Q1,1015,AUD,6,,
ABS:ANA_SFD(1.0.0),C,FCE,GGS_SL,10,7,Q,2015-Q2,1140,AUD,6,,
ABS:ANA_SFD(1.0.0),C,FCE,GGS_SL,10,7,Q,2015-Q3,1052,AUD,6,,
ABS:ANA_SFD(1.0.0),C,FCE,GGS_SL,10,7,Q,2015-Q4,1112,AUD,6,,
ABS:ANA_SFD(1.0.0),C,FCE,GGS_SL,10,7,Q,2016-Q1,1059,AUD,6,,
ABS:ANA_SFD(1.0.0),C,FCE,GGS_SL,10,7,Q,2016-Q2,1204,AUD,6,,
ABS:ANA_SFD(1.0.0),C,FCE,GGS_SL,10,7,Q,2016-Q3,1109,AUD,6,,
ABS:ANA_SFD(1.0.0),C,FCE,GGS_SL,10,7,Q,2016-Q4,1141,AUD,6,,
ABS:ANA_SFD(1.0.0),C,FCE,GGS_SL,10,7,Q,2017-Q1,1136,AUD,6,,
ABS:ANA_SFD(1.0.0),C,FCE,GGS_SL,10,7,Q,2017-Q2,1287,AUD,6,,
ABS:ANA_SFD(1.0.0),C,FCE,GGS_SL,10,7,Q,2017-Q3,1154,AUD,6,,
ABS:ANA_SFD(1.0.0),C,FCE,GGS_SL,10,7,Q,2017-Q4,1200,AUD,6,,
ABS:ANA_SFD(1.0.0),C,FCE,GGS_SL,10,7,Q,2018-Q1,1179,AUD,6,,
ABS:ANA_SFD(1.0.0),C,FCE,GGS_SL,10,7,Q,2018-Q2,1361,AUD,6,,
ABS:ANA_SFD(1.0.0),C,FCE,GGS_SL,10,7,Q,2018-Q3,1171,AUD,6,,
ABS:ANA_SFD(1.0.0),C,FCE,GGS_SL,10,7,Q,2018-Q4,1220,AUD,6,,
ABS:ANA_SFD(1.0.0),C,FCE,GGS_SL,10,7,Q,2019-Q1,1181,AUD,6,,
ABS:ANA_SFD(1.0.0),C,FCE,GGS_SL,10,7,Q,2019-Q2,1364,AUD,6,,
ABS:ANA_SFD(1.0.0),C,FCE,GGS_SL,10,7,Q,2019-Q3,1231,AUD,6,,
ABS:ANA_SFD(1.0.0),C,FCE,GGS_SL,10,7,Q,2019-Q4,1249,AUD,6,,
ABS:ANA_SFD(1.0.0),C,FCE,GGS_SL,10,7,Q,2020-Q1,1234,AUD,6,,
ABS:ANA_SFD(1.0.0),C,FCE,GGS_SL,10,7,Q,2020-Q2,1353,AUD,6,,
ABS:ANA_SFD(1.0.0),C,FCE,GGS_SL,10,7,Q,2020-Q3,1288,AUD,6,,
ABS:ANA_SFD(1.0.0),C,FCE,GGS_SL,10,7,Q,2020-Q4,1346,AUD,6,,
ABS:ANA_SFD(1.0.0),C,FCE,GGS_SL,10,7,Q,2021-Q1,1359,AUD,6,,
ABS:ANA_SFD(1.0.0),C,FCE,GGS_SL,10,7,Q,2021-Q2,1418,AUD,6,,
ABS:ANA_SFD(1.0.0),C,FCE,GGS_SL,10,7,Q,2021-Q3,1408,AUD,6,,
ABS:ANA_SFD(1.0.0),C,FCE,GGS_SL,10,7,Q,2021-Q4,1391,AUD,6,,
ABS:ANA_SFD(1.0.0),C,FCE,GGS_SL,10,7,Q,2022-Q1,1486,AUD,6,,
ABS:ANA_SFD(1.0.0),C,FCE,GGS_SL,10,7,Q,2022-Q2,1447,AUD,6,,
ABS:ANA_SFD(1.0.0),C,FCE,GGS_SL,10,7,Q,2022-Q3,1419,AUD,6,,
ABS:ANA_SFD(1.0.0),C,FCE,GGS_SL,10,7,Q,2022-Q4,1443,AUD,6,,
ABS:ANA_SFD(1.0.0),C,FCE,GGS_SL,10,7,Q,2023-Q1,1467,AUD,6,,
ABS:ANA_SFD(1.0.0),C,FCE,GGS_SL,10,7,Q,2023-Q2,1534,AUD,6,,
ABS:ANA_SFD(1.0.0),C,FCE,GGS_SL,10,7,Q,2023-Q3,1557,AUD,6,,
ABS:ANA_SFD(1.0.0),C,FCE,GGS_SL,10,7,Q,2023-Q4,1615,AUD,6,,
ABS:ANA_SFD(1.0.0),C,FCE,GGS_SL,10,7,Q,2024-Q1,1629,AUD,6,,
ABS:ANA_SFD(1.0.0),C,FCE,GGS_SL,10,7,Q,2024-Q2,1710,AUD,6,,
ABS:ANA_SFD(1.0.0),C,FCE,GGS_SL,10,7,Q,2024-Q3,1669,AUD,6,,
ABS:ANA_SFD(1.0.0),C,FCE,GGS_SL,10,7,Q,2024-Q4,1705,AUD,6,,
ABS:ANA_SFD(1.0.0),C,FCE,GGS_SL,10,7,Q,2025-Q1,1713,AUD,6,,
ABS:ANA_SFD(1.0.0),C,FCE,GGS_SL,10,7,Q,2025-Q2,1750,AUD,6,,
ABS:ANA_SFD(1.0.0),C,FCE,GGS_SL,10,7,Q,2025-Q3,1740,AUD,6,,
ABS:ANA_SFD(1.0.0),C,FCE,GGS_SL,10,7,Q,2025-Q4,1800,AUD,6,,
ABS:ANA_SFD(1.0.0),C,FCE,GGS_SL,10,7,Q,2026-Q1,1803,AUD,6,,
ABS:ANA_SFD(1.0.0),C,FCE,GGS_SL,10,7,Q,2026-Q2,1949,AUD,6,,
ABS:ANA_SFD(1.0.0),C,GFC,GGC,10,2,Q,2010-Q1,812,AUD,6,,
ABS:ANA_SFD(1.0.0),C,GFC,GGC,10,2,Q,2010-Q2,1383,AUD,6,,
ABS:ANA_SFD(1.0.0),C,GFC,GGC,10,2,Q,2010-Q3,601,AUD,6,,
ABS:ANA_SFD(1.0.0),C,GFC,GGC,10,2,Q,2010-Q4,930,AUD,6,,
ABS:ANA_SFD(1.0.0),C,GFC,GGC,10,2,Q,2011-Q1,820,AUD,6,,
ABS:ANA_SFD(1.0.0),C,GFC,GGC,10,2,Q,2011-Q2,1305,AUD,6,,
ABS:ANA_SFD(1.0.0),C,GFC,GGC,10,2,Q,2011-Q3,706,AUD,6,,
ABS:ANA_SFD(1.0.0),C,GFC,GGC,10,2,Q,2011-Q4,1224,AUD,6,,
ABS:ANA_SFD(1.0.0),C,GFC,GGC,10,2,Q,2012-Q1,677,AUD,6,,
ABS:ANA_SFD(1.0.0),C,GFC,GGC,10,2,Q,2012-Q2,1575,AUD,6,,
ABS:ANA_SFD(1.0.0),C,GFC,GGC,10,2,Q,2012-Q3,726,AUD,6,,
ABS:ANA_SFD(1.0.0),C,GFC,GGC,10,2,Q,2012-Q4,940,AUD,6,,
ABS:ANA_SFD(1.0.0),C,GFC,GGC,10,2,Q,2013-Q1,671,AUD,6,,
ABS:ANA_SFD(1.0.0),C,GFC,GGC,10,2,Q,2013-Q2,850,AUD,6,,
ABS:ANA_SFD(1.0.0),C,GFC,GGC,10,2,Q,2013-Q3,714,AUD,6,,
ABS:ANA_SFD(1.0.0),C,GFC,GGC,10,2,Q,2013-Q4,1007,AUD,6,,
ABS:ANA_SFD(1.0.0),C,GFC,GGC,10,2,Q,2014-Q1,610,AUD,6,,
ABS:ANA_SFD(1.0.0),C,GFC,GGC,10,2,Q,2014-Q2,906,AUD,6,,
ABS:ANA_SFD(1.0.0),C,GFC,GGC,10,2,Q,2014-Q3,720,AUD,6,,
ABS:ANA_SFD(1.0.0),C,GFC,GGC,10,2,Q,2014-Q4,934,AUD,6,,
ABS:ANA_SFD(1.0.0),C,GFC,GGC,10,2,Q,2015-Q1,692,AUD,6,,
ABS:ANA_SFD(1.0.0),C,GFC,GGC,10,2,Q,2015-Q2,1115,AUD,6,,
ABS:ANA_SFD(1.0.0),C,GFC,GGC,10,2,Q,2015-Q3,661,AUD,6,,
ABS:ANA_SFD(1.0.0),C,GFC,GGC,10,2,Q,2015-Q4,926,AUD,6,,
ABS:ANA_SFD(1.0.0),C,GFC,GGC,10,2,Q,2016-Q1,909,AUD,6,,
ABS:ANA_SFD(1.0.0),C,GFC,GGC,10,2,Q,2016-Q2,1226,AUD,6,,
ABS:ANA_SFD(1.0.0),C,GFC,GGC,10,2,Q,2016-Q3,821,AUD,6,,
ABS:ANA_SFD(1.0.0),C,GFC,GGC,10,2,Q,2016-Q4,1189,AUD,6,,
ABS:ANA_SFD(1.0.0),C,GFC,GGC,10,2,Q,2017-Q1,826,AUD,6,,
ABS:ANA_SFD(1.0.0),C,GFC,GGC,10,2,Q,2017-Q2,1183,AUD,6,,
ABS:ANA_SFD(1.0.0),C,GFC,GGC,10,2,Q,2017-Q3,913,AUD,6,,
ABS:ANA_SFD(1.0.0),C,GFC,GGC,10,2,Q,2017-Q4,1324,AUD,6,,
ABS:ANA_SFD(1.0.0),C,GFC,GGC,10,2,Q,2018-Q1,960,AUD,6,,
ABS:ANA_SFD(1.0.0),C,GFC,GGC,10,2,Q,2018-Q2,1341,AUD,6,,
ABS:ANA_SFD(1.0.0),C,GFC,GGC,10,2,Q,2018-Q3,1126,AUD,6,,
ABS:ANA_SFD(1.0.0),C,GFC,GGC,10,2,Q,2018-Q4,1268,AUD,6,,
ABS:ANA_SFD(1.0.0),C,GFC,GGC,10,2,Q,2019-Q1,914,AUD,6,,
ABS:ANA_SFD(1.0.0),C,GFC,GGC,10,2,Q,2019-Q2,1524,AUD,6,,
ABS:ANA_SFD(1.0.0),C,GFC,GGC,10,2,Q,2019-Q3,1059,AUD,6,,
ABS:ANA_SFD(1.0.0),C,GFC,GGC,10,2,Q,2019-Q4,1445,AUD,6,,
ABS:ANA_SFD(1.0.0),C,GFC,GGC,10,2,Q,2020-Q1,1065,AUD,6,,
ABS:ANA_SFD(1.0.0),C,GFC,GGC,10,2,Q,2020-Q2,1366,AUD,6,,
ABS:ANA_SFD(1.0.0),C,GFC,GGC,10,2,Q,2020-Q3,963,AUD,6,,
ABS:ANA_SFD(1.0.0),C,GFC,GGC,10,2,Q,2020-Q4,1305,AUD,6,,
ABS:ANA_SFD(1.0.0),C,GFC,GGC,10,2,Q,2021-Q1,876,AUD,6,,
ABS:ANA_SFD(1.0.0),C,GFC,GGC,10,2,Q,2021-Q2,1243,AUD,6,,
ABS:ANA_SFD(1.0.0),C,GFC,GGC,10,2,Q,2021-Q3,1135,AUD,6,,
ABS:ANA_SFD(1.0.0),C,GFC,GGC,10,2,Q,2021-Q4,1400,AUD,6,,
ABS:ANA_SFD(1.0.0),C,GFC,GGC,10,2,Q,2022-Q1,1186,AUD,6,,
ABS:ANA_SFD(1.0.0),C,GFC,GGC,10,2,Q,2022-Q2,1555,AUD,6,,
ABS:ANA_SFD(1.0.0),C,GFC,GGC,10,2,Q,2022-Q3,964,AUD,6,,
ABS:ANA_SFD(1.0.0),C,GFC,GGC,10,2,Q,2022-Q4,1212,AUD,6,,
ABS:ANA_SFD(1.0.0),C,GFC,GGC,10,2,Q,2023-Q1,969,AUD,6,,
ABS:ANA_SFD(1.0.0),C,GFC,GGC,10,2,Q,2023-Q2,1630,AUD,6,,
ABS:ANA_SFD(1.0.0),C,GFC,GGC,10,2,Q,2023-Q3,1064,AUD,6,,
ABS:ANA_SFD(1.0.0),C,GFC,GGC,10,2,Q,2023-Q4,1243,AUD,6,,
ABS:ANA_SFD(1.0.0),C,GFC,GGC,10,2,Q,2024-Q1,1064,AUD,6,,
ABS:ANA_SFD(1.0.0),C,GFC,GGC,10,2,Q,2024-Q2,1705,AUD,6,,
ABS:ANA_SFD(1.0.0),C,GFC,GGC,10,2,Q,2024-Q3,1441,AUD,6,,
ABS:ANA_SFD(1.0.0),C,GFC,GGC,10,2,Q,2024-Q4,1458,AUD,6,,
ABS:ANA_SFD(1.0.0),C,GFC,GGC,10,2,Q,2025-Q1,1196,AUD,6,,
ABS:ANA_SFD(1.0.0),C,GFC,GGC,10,2,Q,2025-Q2,1629,AUD,6,,
ABS:ANA_SFD(1.0.0),C,GFC,GGC,10,2,Q,2025-Q3,1260,AUD,6,,
ABS:ANA_SFD(1.0.0),C,GFC,GGC,10,2,Q,2025-Q4,1589,AUD,6,,
ABS:ANA_SFD(1.0.0),C,GFC,GGC,10,2,Q,2026-Q1,1296,AUD,6,,
ABS:ANA_SFD(1.0.0),C,GFC,GGC,10,2,Q,2026-Q2,1802,AUD,6,,
ABS:ANA_SFD(1.0.0),C,GFC,GGC,10,3,Q,2010-Q1,649,AUD,6,,
ABS:ANA_SFD(1.0.0),C,GFC,GGC,10,3,Q,2010-Q2,1202,AUD,6,,
ABS:ANA_SFD(1.0.0),C,GFC,GGC,10,3,Q,2010-Q3,486,AUD,6,,
ABS:ANA_SFD(1.0.0),C,GFC,GGC,10,3,Q,2010-Q4,769,AUD,6,,
ABS:ANA_SFD(1.0.0),C,GFC,GGC,10,3,Q,2011-Q1,592,AUD,6,,
ABS:ANA_SFD(1.0.0),C,GFC,GGC,10,3,Q,2011-Q2,1009,AUD,6,,
ABS:ANA_SFD(1.0.0),C,GFC,GGC,10,3,Q,2011-Q3,564,AUD,6,,
ABS:ANA_SFD(1.0.0),C,GFC,GGC,10,3,Q,2011-Q4,803,AUD,6,,
ABS:ANA_SFD(1.0.0),C,GFC,GGC,10,3,Q,2012-Q1,530,AUD,6,,
ABS:ANA_SFD(1.0.0),C,GFC,GGC,10,3,Q,2012-Q2,1313,AUD,6,,
ABS:ANA_SFD(1.0.0),C,GFC,GGC,10,3,Q,2012-Q3,582,AUD,6,,
ABS:ANA_SFD(1.0.0),C,GFC,GGC,10,3,Q,2012-Q4,737,AUD,6,,
ABS:ANA_SFD(1.0.0),C,GFC,GGC,10,3,Q,2013-Q1,591,AUD,6,,
ABS:ANA_SFD(1.0.0),C,GFC,GGC,10,3,Q,2013-Q2,780,AUD,6,,
ABS:ANA_SFD(1.0.0),C,GFC,GGC,10,3,Q,2013-Q3,636,AUD,6,,
ABS:ANA_SFD(1.0.0),C,GFC,GGC,10,3,Q,2013-Q4,727,AUD,6,,
ABS:ANA_SFD(1.0.0),C,GFC,GGC,10,3,Q,2014-Q1,565,AUD,6,,
ABS:ANA_SFD(1.0.0),C,GFC,GGC,10,3,Q,2014-Q2,734,AUD,6,,
ABS:ANA_SFD(1.0.0),C,GFC,GGC,10,3,Q,2014-Q3,664,AUD,6,,
ABS:ANA_SFD(1.0.0),C,GFC,GGC,10,3,Q,2014-Q4,627,AUD,6,,
ABS:ANA_SFD(1.0.0),C,GFC,GGC,10,3,Q,2015-Q1,455,AUD,6,,
ABS:ANA_SFD(1.0.0),C,GFC,GGC,10,3,Q,2015-Q2,768,AUD,6,,
ABS:ANA_SFD(1.0.0),C,GFC,GGC,10,3,Q,2015-Q3,453,AUD,6,,
ABS:ANA_SFD(1.0.0),C,GFC,GGC,10,3,Q,2015-Q4,580,AUD,6,,
ABS:ANA_SFD(1.0.0),C,GFC,GGC,10,3,Q,2016-Q1,663,AUD,6,,
ABS:ANA_SFD(1.0.0),C,GFC,GGC,10,3,Q,2016-Q2,829,AUD,6,,
ABS:ANA_SFD(1.0.0),C,GFC,GGC,10,3,Q,2016-Q3,537,AUD,6,,
ABS:ANA_SFD(1.0.0),C,GFC,GGC,10,3,Q,2016-Q4,803,AUD,6,,
ABS:ANA_SFD(1.0.0),C,GFC,GGC,10,3,Q,2017-Q1,639,AUD,6,,
ABS:ANA_SFD(1.0.0),C,GFC,GGC,10,3,Q,2017-Q2,914,AUD,6,,
ABS:ANA_SFD(1.0.0),C,GFC,GGC,10,3,Q,2017-Q3,628,AUD,6,,
ABS:ANA_SFD(1.0.0),C,GFC,GGC,10,3,Q,2017-Q4,839,AUD,6,,
ABS:ANA_SFD(1.0.0),C,GFC,GGC,10,3,Q,2018-Q1,641,AUD,6,,
ABS:ANA_SFD(1.0.0),C,GFC,GGC,10,3,Q,2018-Q2,925,AUD,6,,
ABS:ANA_SFD(1.0.0),C,GFC,GGC,10,3,Q,2018-Q3,726,AUD,6,,
ABS:ANA_SFD(1.0.0),C,GFC,GGC,10,3,Q,2018-Q4,745,AUD,6,,
ABS:ANA_SFD(1.0.0),C,GFC,GGC,10,3,Q,2019-Q1,611,AUD,6,,
ABS:ANA_SFD(1.0.0),C,GFC,GGC,10,3,Q,2019-Q2,1071,AUD,6,,
ABS:ANA_SFD(1.0.0),C,GFC,GGC,10,3,Q,2019-Q3,686,AUD,6,,
ABS:ANA_SFD(1.0.0),C,GFC,GGC,10,3,Q,2019-Q4,932,AUD,6,,
ABS:ANA_SFD(1.0.0),C,GFC,GGC,10,3,Q,2020-Q1,647,AUD,6,,
ABS:ANA_SFD(1.0.0),C,GFC,GGC,10,3,Q,2020-Q2,893,AUD,6,,
ABS:ANA_SFD(1.0.0),C,GFC,GGC,10,3,Q,2020-Q3,656,AUD,6,,
ABS:ANA_SFD(1.0.0),C,GFC,GGC,10,3,Q,2020-Q4,868,AUD,6,,
ABS:ANA_SFD(1.0.0),C,GFC,GGC,10,3,Q,2021-Q1,611,AUD,6,,
ABS:ANA_SFD(1.0.0),C,GFC,GGC,10,3,Q,2021-Q2,998,AUD,6,,
ABS:ANA_SFD(1.0.0),C,GFC,GGC,10,3,Q,2021-Q3,844,AUD,6,,
ABS:ANA_SFD(1.0.0),C,GFC,GGC,10,3,Q,2021-Q4,855,AUD,6,,
ABS:ANA_SFD(1.0.0),C,GFC,GGC,10,3,Q,2022-Q1,758,AUD,6,,
ABS:ANA_SFD(1.0.0),C,GFC,GGC,10,3,Q,2022-Q2,1221,AUD,6,,
ABS:ANA_SFD(1.0.0),C,GFC,GGC,10,3,Q,2022-Q3,743,AUD,6,,
ABS:ANA_SFD(1.0.0),C,GFC,GGC,10,3,Q,2022-Q4,835,AUD,6,,
ABS:ANA_SFD(1.0.0),C,GFC,GGC,10,3,Q,2023-Q1,637,AUD,6,,
ABS:ANA_SFD(1.0.0),C,GFC,GGC,10,3,Q,2023-Q2,1180,AUD,6,,
ABS:ANA_SFD(1.0.0),C,GFC,GGC,10,3,Q,2023-Q3,772,AUD,6,,
ABS:ANA_SFD(1.0.0),C,GFC,GGC,10,3,Q,2023-Q4,891,AUD,6,,
ABS:ANA_SFD(1.0.0),C,GFC,GGC,10,3,Q,2024-Q1,713,AUD,6,,
ABS:ANA_SFD(1.0.0),C,GFC,GGC,10,3,Q,2024-Q2,1242,AUD,6,,
ABS:ANA_SFD(1.0.0),C,GFC,GGC,10,3,Q,2024-Q3,1014,AUD,6,,
ABS:ANA_SFD(1.0.0),C,GFC,GGC,10,3,Q,2024-Q4,1054,AUD,6,,
ABS:ANA_SFD(1.0.0),C,GFC,GGC,10,3,Q,2025-Q1,875,AUD,6,,
ABS:ANA_SFD(1.0.0),C,GFC,GGC,10,3,Q,2025-Q2,1201,AUD,6,,
ABS:ANA_SFD(1.0.0),C,GFC,GGC,10,3,Q,2025-Q3,926,AUD,6,,
ABS:ANA_SFD(1.0.0),C,GFC,GGC,10,3,Q,2025-Q4,1175,AUD,6,,
ABS:ANA_SFD(1.0.0),C,GFC,GGC,10,3,Q,2026-Q1,981,AUD,6,,
ABS:ANA_SFD(1.0.0),C,GFC,GGC,10,3,Q,2026-Q2,1323,AUD,6,,
ABS:ANA_SFD(1.0.0),C,FCE,GGC,10,8,Q,2010-Q1,3409,AUD,6,,
ABS:ANA_SFD(1.0.0),C,FCE,GGC,10,8,Q,2010-Q2,4642,AUD,6,,
ABS:ANA_SFD(1.0.0),C,FCE,GGC,10,8,Q,2010-Q3,3734,AUD,6,,
ABS:ANA_SFD(1.0.0),C,FCE,GGC,10,8,Q,2010-Q4,3856,AUD,6,,
ABS:ANA_SFD(1.0.0),C,FCE,GGC,10,8,Q,2011-Q1,4321,AUD,6,,
ABS:ANA_SFD(1.0.0),C,FCE,GGC,10,8,Q,2011-Q2,4782,AUD,6,,
ABS:ANA_SFD(1.0.0),C,FCE,GGC,10,8,Q,2011-Q3,4764,AUD,6,,
ABS:ANA_SFD(1.0.0),C,FCE,GGC,10,8,Q,2011-Q4,4957,AUD,6,,
ABS:ANA_SFD(1.0.0),C,FCE,GGC,10,8,Q,2012-Q1,4189,AUD,6,,
ABS:ANA_SFD(1.0.0),C,FCE,GGC,10,8,Q,2012-Q2,5138,AUD,6,,
ABS:ANA_SFD(1.0.0),C,FCE,GGC,10,8,Q,2012-Q3,4470,AUD,6,,
ABS:ANA_SFD(1.0.0),C,FCE,GGC,10,8,Q,2012-Q4,4820,AUD,6,,
ABS:ANA_SFD(1.0.0),C,FCE,GGC,10,8,Q,2013-Q1,4825,AUD,6,,
ABS:ANA_SFD(1.0.0),C,FCE,GGC,10,8,Q,2013-Q2,5262,AUD,6,,
ABS:ANA_SFD(1.0.0),C,FCE,GGC,10,8,Q,2013-Q3,5022,AUD,6,,
ABS:ANA_SFD(1.0.0),C,FCE,GGC,10,8,Q,2013-Q4,5213,AUD,6,,
ABS:ANA_SFD(1.0.0),C,FCE,GGC,10,8,Q,2014-Q1,4659,AUD,6,,
ABS:ANA_SFD(1.0.0),C,FCE,GGC,10,8,Q,2014-Q2,5076,AUD,6,,
ABS:ANA_SFD(1.0.0),C,FCE,GGC,10,8,Q,2014-Q3,4815,AUD,6,,
ABS:ANA_SFD(1.0.0),C,FCE,GGC,10,8,Q,2014-Q4,4740,AUD,6,,
ABS:ANA_SFD(1.0.0),C,FCE,GGC,10,8,Q,2015-Q1,4864,AUD,6,,
ABS:ANA_SFD(1.0.0),C,FCE,GGC,10,8,Q,2015-Q2,5545,AUD,6,,
ABS:ANA_SFD(1.0.0),C,FCE,GGC,10,8,Q,2015-Q3,5153,AUD,6,,
ABS:ANA_SFD(1.0.0),C,FCE,GGC,10,8,Q,2015-Q4,5228,AUD,6,,
ABS:ANA_SFD(1.0.0),C,FCE,GGC,10,8,Q,2016-Q1,5010,AUD,6,,
ABS:ANA_SFD(1.0.0),C,FCE,GGC,10,8,Q,2016-Q2,5514,AUD,6,,
ABS:ANA_SFD(1.0.0),C,FCE,GGC,10,8,Q,2016-Q3,5263,AUD,6,,
ABS:ANA_SFD(1.0.0),C,FCE,GGC,10,8,Q,2016-Q4,5222,AUD,6,,
ABS:ANA_SFD(1.0.0),C,FCE,GGC,10,8,Q,2017-Q1,5093,AUD,6,,
ABS:ANA_SFD(1.0.0),C,FCE,GGC,10,8,Q,2017-Q2,6017,AUD,6,,
ABS:ANA_SFD(1.0.0),C,FCE,GGC,10,8,Q,2017-Q3,5260,AUD,6,,
ABS:ANA_SFD(1.0.0),C,FCE,GGC,10,8,Q,2017-Q4,5463,AUD,6,,
ABS:ANA_SFD(1.0.0),C,FCE,GGC,10,8,Q,2018-Q1,5160,AUD,6,,
ABS:ANA_SFD(1.0.0),C,FCE,GGC,10,8,Q,2018-Q2,6442,AUD,6,,
ABS:ANA_SFD(1.0.0),C,FCE,GGC,10,8,Q,2018-Q3,5789,AUD,6,,
ABS:ANA_SFD(1.0.0),C,FCE,GGC,10,8,Q,2018-Q4,6043,AUD,6,,
ABS:ANA_SFD(1.0.0),C,FCE,GGC,10,8,Q,2019-Q1,5671,AUD,6,,
ABS:ANA_SFD(1.0.0),C,FCE,GGC,10,8,Q,2019-Q2,7012,AUD,6,,
ABS:ANA_SFD(1.0.0),C,FCE,GGC,10,8,Q,2019-Q3,6141,AUD,6,,
ABS:ANA_SFD(1.0.0),C,FCE,GGC,10,8,Q,2019-Q4,6250,AUD,6,,
ABS:ANA_SFD(1.0.0),C,FCE,GGC,10,8,Q,2020-Q1,6305,AUD,6,,
ABS:ANA_SFD(1.0.0),C,FCE,GGC,10,8,Q,2020-Q2,7877,AUD,6,,
ABS:ANA_SFD(1.0.0),C,FCE,GGC,10,8,Q,2020-Q3,7038,AUD,6,,
ABS:ANA_SFD(1.0.0),C,FCE,GGC,10,8,Q,2020-Q4,7064,AUD,6,,
ABS:ANA_SFD(1.0.0),C,FCE,GGC,10,8,Q,2021-Q1,6896,AUD,6,,
ABS:ANA_SFD(1.0.0),C,FCE,GGC,10,8,Q,2021-Q2,8160,AUD,6,,
ABS:ANA_SFD(1.0.0),C,FCE,GGC,10,8,Q,2021-Q3,7827,AUD,6,,
ABS:ANA_SFD(1.0.0),C,FCE,GGC,10,8,Q,2021-Q4,7663,AUD,6,,
ABS:ANA_SFD(1.0.0),C,FCE,GGC,10,8,Q,2022-Q1,7680,AUD,6,,
ABS:ANA_SFD(1.0.0),C,FCE,GGC,10,8,Q,2022-Q2,8797,AUD,6,,
ABS:ANA_SFD(1.0.0),C,FCE,GGC,10,8,Q,2022-Q3,7881,AUD,6,,
ABS:ANA_SFD(1.0.0),C,FCE,GGC,10,8,Q,2022-Q4,8087,AUD,6,,
ABS:ANA_SFD(1.0.0),C,FCE,GGC,10,8,Q,2023-Q1,7844,AUD,6,,
ABS:ANA_SFD(1.0.0),C,FCE,GGC,10,8,Q,2023-Q2,9327,AUD,6,,
ABS:ANA_SFD(1.0.0),C,FCE,GGC,10,8,Q,2023-Q3,8133,AUD,6,,
ABS:ANA_SFD(1.0.0),C,FCE,GGC,10,8,Q,2023-Q4,8381,AUD,6,,
ABS:ANA_SFD(1.0.0),C,FCE,GGC,10,8,Q,2024-Q1,8438,AUD,6,,
ABS:ANA_SFD(1.0.0),C,FCE,GGC,10,8,Q,2024-Q2,10210,AUD,6,,
ABS:ANA_SFD(1.0.0),C,FCE,GGC,10,8,Q,2024-Q3,9216,AUD,6,,
ABS:ANA_SFD(1.0.0),C,FCE,GGC,10,8,Q,2024-Q4,9338,AUD,6,,
ABS:ANA_SFD(1.0.0),C,FCE,GGC,10,8,Q,2025-Q1,9144,AUD,6,,
ABS:ANA_SFD(1.0.0),C,FCE,GGC,10,8,Q,2025-Q2,11143,AUD,6,,
ABS:ANA_SFD(1.0.0),C,FCE,GGC,10,8,Q,2025-Q3,10154,AUD,6,,
ABS:ANA_SFD(1.0.0),C,FCE,GGC,10,8,Q,2025-Q4,10190,AUD,6,,
ABS:ANA_SFD(1.0.0),C,FCE,GGC,10,8,Q,2026-Q1,9695,AUD,6,,
ABS:ANA_SFD(1.0.0),C,FCE,GGC,10,8,Q,2026-Q2,11606,AUD,6,,
ABS:ANA_SFD(1.0.0),C,GFC,GEC,10,2,Q,2010-Q1,110,AUD,6,,
ABS:ANA_SFD(1.0.0),C,GFC,GEC,10,2,Q,2010-Q2,68,AUD,6,,
ABS:ANA_SFD(1.0.0),C,GFC,GEC,10,2,Q,2010-Q3,80,AUD,6,,
ABS:ANA_SFD(1.0.0),C,GFC,GEC,10,2,Q,2010-Q4,90,AUD,6,,
ABS:ANA_SFD(1.0.0),C,GFC,GEC,10,2,Q,2011-Q1,108,AUD,6,,
ABS:ANA_SFD(1.0.0),C,GFC,GEC,10,2,Q,2011-Q2,144,AUD,6,,
ABS:ANA_SFD(1.0.0),C,GFC,GEC,10,2,Q,2011-Q3,149,AUD,6,,
ABS:ANA_SFD(1.0.0),C,GFC,GEC,10,2,Q,2011-Q4,157,AUD,6,,
ABS:ANA_SFD(1.0.0),C,GFC,GEC,10,2,Q,2012-Q1,138,AUD,6,,
ABS:ANA_SFD(1.0.0),C,GFC,GEC,10,2,Q,2012-Q2,213,AUD,6,,
ABS:ANA_SFD(1.0.0),C,GFC,GEC,10,2,Q,2012-Q3,252,AUD,6,,
ABS:ANA_SFD(1.0.0),C,GFC,GEC,10,2,Q,2012-Q4,260,AUD,6,,
ABS:ANA_SFD(1.0.0),C,GFC,GEC,10,2,Q,2013-Q1,247,AUD,6,,
ABS:ANA_SFD(1.0.0),C,GFC,GEC,10,2,Q,2013-Q2,326,AUD,6,,
ABS:ANA_SFD(1.0.0),C,GFC,GEC,10,2,Q,2013-Q3,370,AUD,6,,
ABS:ANA_SFD(1.0.0),C,GFC,GEC,10,2,Q,2013-Q4,321,AUD,6,,
ABS:ANA_SFD(1.0.0),C,GFC,GEC,10,2,Q,2014-Q1,265,AUD,6,,
ABS:ANA_SFD(1.0.0),C,GFC,GEC,10,2,Q,2014-Q2,381,AUD,6,,
ABS:ANA_SFD(1.0.0),C,GFC,GEC,10,2,Q,2014-Q3,263,AUD,6,,
ABS:ANA_SFD(1.0.0),C,GFC,GEC,10,2,Q,2014-Q4,249,AUD,6,,
ABS:ANA_SFD(1.0.0),C,GFC,GEC,10,2,Q,2015-Q1,293,AUD,6,,
ABS:ANA_SFD(1.0.0),C,GFC,GEC,10,2,Q,2015-Q2,304,AUD,6,,
ABS:ANA_SFD(1.0.0),C,GFC,GEC,10,2,Q,2015-Q3,349,AUD,6,,
ABS:ANA_SFD(1.0.0),C,GFC,GEC,10,2,Q,2015-Q4,520,AUD,6,,
ABS:ANA_SFD(1.0.0),C,GFC,GEC,10,2,Q,2016-Q1,413,AUD,6,,
ABS:ANA_SFD(1.0.0),C,GFC,GEC,10,2,Q,2016-Q2,487,AUD,6,,
ABS:ANA_SFD(1.0.0),C,GFC,GEC,10,2,Q,2016-Q3,377,AUD,6,,
ABS:ANA_SFD(1.0.0),C,GFC,GEC,10,2,Q,2016-Q4,599,AUD,6,,
ABS:ANA_SFD(1.0.0),C,GFC,GEC,10,2,Q,2017-Q1,529,AUD,6,,
ABS:ANA_SFD(1.0.0),C,GFC,GEC,10,2,Q,2017-Q2,605,AUD,6,,
ABS:ANA_SFD(1.0.0),C,GFC,GEC,10,2,Q,2017-Q3,490,AUD,6,,
ABS:ANA_SFD(1.0.0),C,GFC,GEC,10,2,Q,2017-Q4,511,AUD,6,,
ABS:ANA_SFD(1.0.0),C,GFC,GEC,10,2,Q,2018-Q1,524,AUD,6,,
ABS:ANA_SFD(1.0.0),C,GFC,GEC,10,2,Q,2018-Q2,585,AUD,6,,
ABS:ANA_SFD(1.0.0),C,GFC,GEC,10,2,Q,2018-Q3,515,AUD,6,,
ABS:ANA_SFD(1.0.0),C,GFC,GEC,10,2,Q,2018-Q4,504,AUD,6,,
ABS:ANA_SFD(1.0.0),C,GFC,GEC,10,2,Q,2019-Q1,566,AUD,6,,
ABS:ANA_SFD(1.0.0),C,GFC,GEC,10,2,Q,2019-Q2,603,AUD,6,,
ABS:ANA_SFD(1.0.0),C,GFC,GEC,10,2,Q,2019-Q3,493,AUD,6,,
ABS:ANA_SFD(1.0.0),C,GFC,GEC,10,2,Q,2019-Q4,443,AUD,6,,
ABS:ANA_SFD(1.0.0),C,GFC,GEC,10,2,Q,2020-Q1,438,AUD,6,,
ABS:ANA_SFD(1.0.0),C,GFC,GEC,10,2,Q,2020-Q2,425,AUD,6,,
ABS:ANA_SFD(1.0.0),C,GFC,GEC,10,2,Q,2020-Q3,301,AUD,6,,
ABS:ANA_SFD(1.0.0),C,GFC,GEC,10,2,Q,2020-Q4,241,AUD,6,,
ABS:ANA_SFD(1.0.0),C,GFC,GEC,10,2,Q,2021-Q1,271,AUD,6,,
ABS:ANA_SFD(1.0.0),C,GFC,GEC,10,2,Q,2021-Q2,341,AUD,6,,
ABS:ANA_SFD(1.0.0),C,GFC,GEC,10,2,Q,2021-Q3,244,AUD,6,,
ABS:ANA_SFD(1.0.0),C,GFC,GEC,10,2,Q,2021-Q4,282,AUD,6,,
ABS:ANA_SFD(1.0.0),C,GFC,GEC,10,2,Q,2022-Q1,306,AUD,6,,
ABS:ANA_SFD(1.0.0),C,GFC,GEC,10,2,Q,2022-Q2,308,AUD,6,,
ABS:ANA_SFD(1.0.0),C,GFC,GEC,10,2,Q,2022-Q3,341,AUD,6,,
ABS:ANA_SFD(1.0.0),C,GFC,GEC,10,2,Q,2022-Q4,335,AUD,6,,
ABS:ANA_SFD(1.0.0),C,GFC,GEC,10,2,Q,2023-Q1,317,AUD,6,,
ABS:ANA_SFD(1.0.0),C,GFC,GEC,10,2,Q,2023-Q2,327,AUD,6,,
ABS:ANA_SFD(1.0.0),C,GFC,GEC,10,2,Q,2023-Q3,405,AUD,6,,
ABS:ANA_SFD(1.0.0),C,GFC,GEC,10,2,Q,2023-Q4,342,AUD,6,,
ABS:ANA_SFD(1.0.0),C,GFC,GEC,10,2,Q,2024-Q1,354,AUD,6,,
ABS:ANA_SFD(1.0.0),C,GFC,GEC,10,2,Q,2024-Q2,440,AUD,6,,
ABS:ANA_SFD(1.0.0),C,GFC,GEC,10,2,Q,2024-Q3,371,AUD,6,,
ABS:ANA_SFD(1.0.0),C,GFC,GEC,10,2,Q,2024-Q4,422,AUD,6,,
ABS:ANA_SFD(1.0.0),C,GFC,GEC,10,2,Q,2025-Q1,410,AUD,6,,
ABS:ANA_SFD(1.0.0),C,GFC,GEC,10,2,Q,2025-Q2,549,AUD,6,,
ABS:ANA_SFD(1.0.0),C,GFC,GEC,10,2,Q,2025-Q3,463,AUD,6,,
ABS:ANA_SFD(1.0.0),C,GFC,GEC,10,2,Q,2025-Q4,490,AUD,6,,
ABS:ANA_SFD(1.0.0),C,GFC,GEC,10,2,Q,2026-Q1,472,AUD,6,,
ABS:ANA_SFD(1.0.0),C,GFC,GEC,10,2,Q,2026-Q2,521,AUD,6,,
ABS:ANA_SFD(1.0.0),C,FCE,GGC,10,2,Q,2010-Q1,4695,AUD,6,,
ABS:ANA_SFD(1.0.0),C,FCE,GGC,10,2,Q,2010-Q2,5399,AUD,6,,
ABS:ANA_SFD(1.0.0),C,FCE,GGC,10,2,Q,2010-Q3,5194,AUD,6,,
ABS:ANA_SFD(1.0.0),C,FCE,GGC,10,2,Q,2010-Q4,5790,AUD,6,,
ABS:ANA_SFD(1.0.0),C,FCE,GGC,10,2,Q,2011-Q1,4945,AUD,6,,
ABS:ANA_SFD(1.0.0),C,FCE,GGC,10,2,Q,2011-Q2,5908,AUD,6,,
ABS:ANA_SFD(1.0.0),C,FCE,GGC,10,2,Q,2011-Q3,5713,AUD,6,,
ABS:ANA_SFD(1.0.0),C,FCE,GGC,10,2,Q,2011-Q4,6232,AUD,6,,
ABS:ANA_SFD(1.0.0),C,FCE,GGC,10,2,Q,2012-Q1,5287,AUD,6,,
ABS:ANA_SFD(1.0.0),C,FCE,GGC,10,2,Q,2012-Q2,6225,AUD,6,,
ABS:ANA_SFD(1.0.0),C,FCE,GGC,10,2,Q,2012-Q3,6027,AUD,6,,
ABS:ANA_SFD(1.0.0),C,FCE,GGC,10,2,Q,2012-Q4,6119,AUD,6,,
ABS:ANA_SFD(1.0.0),C,FCE,GGC,10,2,Q,2013-Q1,5510,AUD,6,,
ABS:ANA_SFD(1.0.0),C,FCE,GGC,10,2,Q,2013-Q2,6229,AUD,6,,
ABS:ANA_SFD(1.0.0),C,FCE,GGC,10,2,Q,2013-Q3,6211,AUD,6,,
ABS:ANA_SFD(1.0.0),C,FCE,GGC,10,2,Q,2013-Q4,6767,AUD,6,,
ABS:ANA_SFD(1.0.0),C,FCE,GGC,10,2,Q,2014-Q1,5647,AUD,6,,
ABS:ANA_SFD(1.0.0),C,FCE,GGC,10,2,Q,2014-Q2,6448,AUD,6,,
ABS:ANA_SFD(1.0.0),C,FCE,GGC,10,2,Q,2014-Q3,6468,AUD,6,,
ABS:ANA_SFD(1.0.0),C,FCE,GGC,10,2,Q,2014-Q4,7005,AUD,6,,
ABS:ANA_SFD(1.0.0),C,FCE,GGC,10,2,Q,2015-Q1,6111,AUD,6,,
ABS:ANA_SFD(1.0.0),C,FCE,GGC,10,2,Q,2015-Q2,7153,AUD,6,,
ABS:ANA_SFD(1.0.0),C,FCE,GGC,10,2,Q,2015-Q3,6995,AUD,6,,
ABS:ANA_SFD(1.0.0),C,FCE,GGC,10,2,Q,2015-Q4,7512,AUD,6,,
ABS:ANA_SFD(1.0.0),C,FCE,GGC,10,2,Q,2016-Q1,6522,AUD,6,,
ABS:ANA_SFD(1.0.0),C,FCE,GGC,10,2,Q,2016-Q2,7858,AUD,6,,
ABS:ANA_SFD(1.0.0),C,FCE,GGC,10,2,Q,2016-Q3,7621,AUD,6,,
ABS:ANA_SFD(1.0.0),C,FCE,GGC,10,2,Q,2016-Q4,8114,AUD,6,,
ABS:ANA_SFD(1.0.0),C,FCE,GGC,10,2,Q,2017-Q1,6960,AUD,6,,
ABS:ANA_SFD(1.0.0),C,FCE,GGC,10,2,Q,2017-Q2,8156,AUD,6,,
ABS:ANA_SFD(1.0.0),C,FCE,GGC,10,2,Q,2017-Q3,7847,AUD,6,,
ABS:ANA_SFD(1.0.0),C,FCE,GGC,10,2,Q,2017-Q4,8723,AUD,6,,
ABS:ANA_SFD(1.0.0),C,FCE,GGC,10,2,Q,2018-Q1,7493,AUD,6,,
ABS:ANA_SFD(1.0.0),C,FCE,GGC,10,2,Q,2018-Q2,8752,AUD,6,,
ABS:ANA_SFD(1.0.0),C,FCE,GGC,10,2,Q,2018-Q3,8725,AUD,6,,
ABS:ANA_SFD(1.0.0),C,FCE,GGC,10,2,Q,2018-Q4,9720,AUD,6,,
ABS:ANA_SFD(1.0.0),C,FCE,GGC,10,2,Q,2019-Q1,8295,AUD,6,,
ABS:ANA_SFD(1.0.0),C,FCE,GGC,10,2,Q,2019-Q2,10143,AUD,6,,
ABS:ANA_SFD(1.0.0),C,FCE,GGC,10,2,Q,2019-Q3,10070,AUD,6,,
ABS:ANA_SFD(1.0.0),C,FCE,GGC,10,2,Q,2019-Q4,11198,AUD,6,,
ABS:ANA_SFD(1.0.0),C,FCE,GGC,10,2,Q,2020-Q1,10268,AUD,6,,
ABS:ANA_SFD(1.0.0),C,FCE,GGC,10,2,Q,2020-Q2,10184,AUD,6,,
ABS:ANA_SFD(1.0.0),C,FCE,GGC,10,2,Q,2020-Q3,11256,AUD,6,,
ABS:ANA_SFD(1.0.0),C,FCE,GGC,10,2,Q,2020-Q4,12240,AUD,6,,
ABS:ANA_SFD(1.0.0),C,FCE,GGC,10,2,Q,2021-Q1,11177,AUD,6,,
ABS:ANA_SFD(1.0.0),C,FCE,GGC,10,2,Q,2021-Q2,11175,AUD,6,,
ABS:ANA_SFD(1.0.0),C,FCE,GGC,10,2,Q,2021-Q3,12089,AUD,6,,
ABS:ANA_SFD(1.0.0),C,FCE,GGC,10,2,Q,2021-Q4,13115,AUD,6,,
ABS:ANA_SFD(1.0.0),C,FCE,GGC,10,2,Q,2022-Q1,12569,AUD,6,,
ABS:ANA_SFD(1.0.0),C,FCE,GGC,10,2,Q,2022-Q2,12445,AUD,6,,
ABS:ANA_SFD(1.0.0),C,FCE,GGC,10,2,Q,2022-Q3,12944,AUD,6,,
ABS:ANA_SFD(1.0.0),C,FCE,GGC,10,2,Q,2022-Q4,14071,AUD,6,,
ABS:ANA_SFD(1.0.0),C,FCE,GGC,10,2,Q,2023-Q1,13347,AUD,6,,
ABS:ANA_SFD(1.0.0),C,FCE,GGC,10,2,Q,2023-Q2,13128,AUD,6,,
ABS:ANA_SFD(1.0.0),C,FCE,GGC,10,2,Q,2023-Q3,14247,AUD,6,,
ABS:ANA_SFD(1.0.0),C,FCE,GGC,10,2,Q,2023-Q4,15464,AUD,6,,
ABS:ANA_SFD(1.0.0),C,FCE,GGC,10,2,Q,2024-Q1,14889,AUD,6,,
ABS:ANA_SFD(1.0.0),C,FCE,GGC,10,2,Q,2024-Q2,14640,AUD,6,,
ABS:ANA_SFD(1.0.0),C,FCE,GGC,10,2,Q,2024-Q3,15583,AUD,6,,
ABS:ANA_SFD(1.0.0),C,FCE,GGC,10,2,Q,2024-Q4,16875,AUD,6,,
ABS:ANA_SFD(1.0.0),C,FCE,GGC,10,2,Q,2025-Q1,16166,AUD,6,,
ABS:ANA_SFD(1.0.0),C,FCE,GGC,10,2,Q,2025-Q2,15973,AUD,6,,
ABS:ANA_SFD(1.0.0),C,FCE,GGC,10,2,Q,2025-Q3,17117,AUD,6,,
ABS:ANA_SFD(1.0.0),C,FCE,GGC,10,2,Q,2025-Q4,18296,AUD,6,,
ABS:ANA_SFD(1.0.0),C,FCE,GGC,10,2,Q,2026-Q1,17395,AUD,6,,
ABS:ANA_SFD(1.0.0),C,FCE,GGC,10,2,Q,2026-Q2,17008,AUD,6,,
ABS:ANA_SFD(1.0.0),C,GFC,GGS,10,5,Q,2010-Q1,1335,AUD,6,,
ABS:ANA_SFD(1.0.0),C,GFC,GGS,10,5,Q,2010-Q2,1461,AUD,6,,
ABS:ANA_SFD(1.0.0),C,GFC,GGS,10,5,Q,2010-Q3,1083,AUD,6,,
ABS:ANA_SFD(1.0.0),C,GFC,GGS,10,5,Q,2010-Q4,1321,AUD,6,,
ABS:ANA_SFD(1.0.0),C,GFC,GGS,10,5,Q,2011-Q1,1204,AUD,6,,
ABS:ANA_SFD(1.0.0),C,GFC,GGS,10,5,Q,2011-Q2,1461,AUD,6,,
ABS:ANA_SFD(1.0.0),C,GFC,GGS,10,5,Q,2011-Q3,1161,AUD,6,,
ABS:ANA_SFD(1.0.0),C,GFC,GGS,10,5,Q,2011-Q4,1347,AUD,6,,
ABS:ANA_SFD(1.0.0),C,GFC,GGS,10,5,Q,2012-Q1,1214,AUD,6,,
ABS:ANA_SFD(1.0.0),C,GFC,GGS,10,5,Q,2012-Q2,1957,AUD,6,,
ABS:ANA_SFD(1.0.0),C,GFC,GGS,10,5,Q,2012-Q3,1180,AUD,6,,
ABS:ANA_SFD(1.0.0),C,GFC,GGS,10,5,Q,2012-Q4,1339,AUD,6,,
ABS:ANA_SFD(1.0.0),C,GFC,GGS,10,5,Q,2013-Q1,1301,AUD,6,,
ABS:ANA_SFD(1.0.0),C,GFC,GGS,10,5,Q,2013-Q2,1680,AUD,6,,
ABS:ANA_SFD(1.0.0),C,GFC,GGS,10,5,Q,2013-Q3,1130,AUD,6,,
ABS:ANA_SFD(1.0.0),C,GFC,GGS,10,5,Q,2013-Q4,1620,AUD,6,,
ABS:ANA_SFD(1.0.0),C,GFC,GGS,10,5,Q,2014-Q1,1312,AUD,6,,
ABS:ANA_SFD(1.0.0),C,GFC,GGS,10,5,Q,2014-Q2,1451,AUD,6,,
ABS:ANA_SFD(1.0.0),C,GFC,GGS,10,5,Q,2014-Q3,1140,AUD,6,,
ABS:ANA_SFD(1.0.0),C,GFC,GGS,10,5,Q,2014-Q4,1515,AUD,6,,
ABS:ANA_SFD(1.0.0),C,GFC,GGS,10,5,Q,2015-Q1,1212,AUD,6,,
ABS:ANA_SFD(1.0.0),C,GFC,GGS,10,5,Q,2015-Q2,1594,AUD,6,,
ABS:ANA_SFD(1.0.0),C,GFC,GGS,10,5,Q,2015-Q3,1150,AUD,6,,
ABS:ANA_SFD(1.0.0),C,GFC,GGS,10,5,Q,2015-Q4,1444,AUD,6,,
ABS:ANA_SFD(1.0.0),C,GFC,GGS,10,5,Q,2016-Q1,1273,AUD,6,,
ABS:ANA_SFD(1.0.0),C,GFC,GGS,10,5,Q,2016-Q2,1675,AUD,6,,
ABS:ANA_SFD(1.0.0),C,GFC,GGS,10,5,Q,2016-Q3,1423,AUD,6,,
ABS:ANA_SFD(1.0.0),C,GFC,GGS,10,5,Q,2016-Q4,1427,AUD,6,,
ABS:ANA_SFD(1.0.0),C,GFC,GGS,10,5,Q,2017-Q1,1314,AUD,6,,
ABS:ANA_SFD(1.0.0),C,GFC,GGS,10,5,Q,2017-Q2,1768,AUD,6,,
ABS:ANA_SFD(1.0.0),C,GFC,GGS,10,5,Q,2017-Q3,1298,AUD,6,,
ABS:ANA_SFD(1.0.0),C,GFC,GGS,10,5,Q,2017-Q4,1520,AUD,6,,
ABS:ANA_SFD(1.0.0),C,GFC,GGS,10,5,Q,2018-Q1,1208,AUD,6,,
ABS:ANA_SFD(1.0.0),C,GFC,GGS,10,5,Q,2018-Q2,1654,AUD,6,,
ABS:ANA_SFD(1.0.0),C,GFC,GGS,10,5,Q,2018-Q3,1222,AUD,6,,
ABS:ANA_SFD(1.0.0),C,GFC,GGS,10,5,Q,2018-Q4,1456,AUD,6,,
ABS:ANA_SFD(1.0.0),C,GFC,GGS,10,5,Q,2019-Q1,1236,AUD,6,,
ABS:ANA_SFD(1.0.0),C,GFC,GGS,10,5,Q,2019-Q2,1867,AUD,6,,
ABS:ANA_SFD(1.0.0),C,GFC,GGS,10,5,Q,2019-Q3,1198,AUD,6,,
ABS:ANA_SFD(1.0.0),C,GFC,GGS,10,5,Q,2019-Q4,1523,AUD,6,,
ABS:ANA_SFD(1.0.0),C,GFC,GGS,10,5,Q,2020-Q1,1303,AUD,6,,
ABS:ANA_SFD(1.0.0),C,GFC,GGS,10,5,Q,2020-Q2,1728,AUD,6,,
ABS:ANA_SFD(1.0.0),C,GFC,GGS,10,5,Q,2020-Q3,1119,AUD,6,,
ABS:ANA_SFD(1.0.0),C,GFC,GGS,10,5,Q,2020-Q4,1429,AUD,6,,
ABS:ANA_SFD(1.0.0),C,GFC,GGS,10,5,Q,2021-Q1,1225,AUD,6,,
ABS:ANA_SFD(1.0.0),C,GFC,GGS,10,5,Q,2021-Q2,2028,AUD,6,,
ABS:ANA_SFD(1.0.0),C,GFC,GGS,10,5,Q,2021-Q3,1517,AUD,6,,
ABS:ANA_SFD(1.0.0),C,GFC,GGS,10,5,Q,2021-Q4,1749,AUD,6,,
ABS:ANA_SFD(1.0.0),C,GFC,GGS,10,5,Q,2022-Q1,1626,AUD,6,,
ABS:ANA_SFD(1.0.0),C,GFC,GGS,10,5,Q,2022-Q2,2270,AUD,6,,
ABS:ANA_SFD(1.0.0),C,GFC,GGS,10,5,Q,2022-Q3,1644,AUD,6,,
ABS:ANA_SFD(1.0.0),C,GFC,GGS,10,5,Q,2022-Q4,1919,AUD,6,,
ABS:ANA_SFD(1.0.0),C,GFC,GGS,10,5,Q,2023-Q1,1737,AUD,6,,
ABS:ANA_SFD(1.0.0),C,GFC,GGS,10,5,Q,2023-Q2,2414,AUD,6,,
ABS:ANA_SFD(1.0.0),C,GFC,GGS,10,5,Q,2023-Q3,1709,AUD,6,,
ABS:ANA_SFD(1.0.0),C,GFC,GGS,10,5,Q,2023-Q4,2013,AUD,6,,
ABS:ANA_SFD(1.0.0),C,GFC,GGS,10,5,Q,2024-Q1,1705,AUD,6,,
ABS:ANA_SFD(1.0.0),C,GFC,GGS,10,5,Q,2024-Q2,2487,AUD,6,,
ABS:ANA_SFD(1.0.0),C,GFC,GGS,10,5,Q,2024-Q3,1951,AUD,6,,
ABS:ANA_SFD(1.0.0),C,GFC,GGS,10,5,Q,2024-Q4,2225,AUD,6,,
ABS:ANA_SFD(1.0.0),C,GFC,GGS,10,5,Q,2025-Q1,1887,AUD,6,,
ABS:ANA_SFD(1.0.0),C,GFC,GGS,10,5,Q,2025-Q2,2520,AUD,6,,
ABS:ANA_SFD(1.0.0),C,GFC,GGS,10,5,Q,2025-Q3,1871,AUD,6,,
ABS:ANA_SFD(1.0.0),C,GFC,GGS,10,5,Q,2025-Q4,2313,AUD,6,,
ABS:ANA_SFD(1.0.0),C,GFC,GGS,10,5,Q,2026-Q1,2151,AUD,6,,
ABS:ANA_SFD(1.0.0),C,GFC,GGS,10,5,Q,2026-Q2,3081,AUD,6,,
ABS:ANA_SFD(1.0.0),C,FCE,GGC,10,5,Q,2010-Q1,1910,AUD,6,,
ABS:ANA_SFD(1.0.0),C,FCE,GGC,10,5,Q,2010-Q2,2319,AUD,6,,
ABS:ANA_SFD(1.0.0),C,FCE,GGC,10,5,Q,2010-Q3,2040,AUD,6,,
ABS:ANA_SFD(1.0.0),C,FCE,GGC,10,5,Q,2010-Q4,2345,AUD,6,,
ABS:ANA_SFD(1.0.0),C,FCE,GGC,10,5,Q,2011-Q1,1986,AUD,6,,
ABS:ANA_SFD(1.0.0),C,FCE,GGC,10,5,Q,2011-Q2,2450,AUD,6,,
ABS:ANA_SFD(1.0.0),C,FCE,GGC,10,5,Q,2011-Q3,2207,AUD,6,,
ABS:ANA_SFD(1.0.0),C,FCE,GGC,10,5,Q,2011-Q4,2499,AUD,6,,
ABS:ANA_SFD(1.0.0),C,FCE,GGC,10,5,Q,2012-Q1,2138,AUD,6,,
ABS:ANA_SFD(1.0.0),C,FCE,GGC,10,5,Q,2012-Q2,2580,AUD,6,,
ABS:ANA_SFD(1.0.0),C,FCE,GGC,10,5,Q,2012-Q3,2365,AUD,6,,
ABS:ANA_SFD(1.0.0),C,FCE,GGC,10,5,Q,2012-Q4,2546,AUD,6,,
ABS:ANA_SFD(1.0.0),C,FCE,GGC,10,5,Q,2013-Q1,2177,AUD,6,,
ABS:ANA_SFD(1.0.0),C,FCE,GGC,10,5,Q,2013-Q2,2558,AUD,6,,
ABS:ANA_SFD(1.0.0),C,FCE,GGC,10,5,Q,2013-Q3,2500,AUD,6,,
ABS:ANA_SFD(1.0.0),C,FCE,GGC,10,5,Q,2013-Q4,2789,AUD,6,,
ABS:ANA_SFD(1.0.0),C,FCE,GGC,10,5,Q,2014-Q1,2371,AUD,6,,
ABS:ANA_SFD(1.0.0),C,FCE,GGC,10,5,Q,2014-Q2,2730,AUD,6,,
ABS:ANA_SFD(1.0.0),C,FCE,GGC,10,5,Q,2014-Q3,2610,AUD,6,,
ABS:ANA_SFD(1.0.0),C,FCE,GGC,10,5,Q,2014-Q4,2867,AUD,6,,
ABS:ANA_SFD(1.0.0),C,FCE,GGC,10,5,Q,2015-Q1,2539,AUD,6,,
ABS:ANA_SFD(1.0.0),C,FCE,GGC,10,5,Q,2015-Q2,2919,AUD,6,,
ABS:ANA_SFD(1.0.0),C,FCE,GGC,10,5,Q,2015-Q3,2805,AUD,6,,
ABS:ANA_SFD(1.0.0),C,FCE,GGC,10,5,Q,2015-Q4,3030,AUD,6,,
ABS:ANA_SFD(1.0.0),C,FCE,GGC,10,5,Q,2016-Q1,2742,AUD,6,,
ABS:ANA_SFD(1.0.0),C,FCE,GGC,10,5,Q,2016-Q2,3258,AUD,6,,
ABS:ANA_SFD(1.0.0),C,FCE,GGC,10,5,Q,2016-Q3,3052,AUD,6,,
ABS:ANA_SFD(1.0.0),C,FCE,GGC,10,5,Q,2016-Q4,3271,AUD,6,,
ABS:ANA_SFD(1.0.0),C,FCE,GGC,10,5,Q,2017-Q1,2891,AUD,6,,
ABS:ANA_SFD(1.0.0),C,FCE,GGC,10,5,Q,2017-Q2,3215,AUD,6,,
ABS:ANA_SFD(1.0.0),C,FCE,GGC,10,5,Q,2017-Q3,3070,AUD,6,,
ABS:ANA_SFD(1.0.0),C,FCE,GGC,10,5,Q,2017-Q4,3411,AUD,6,,
ABS:ANA_SFD(1.0.0),C,FCE,GGC,10,5,Q,2018-Q1,2983,AUD,6,,
ABS:ANA_SFD(1.0.0),C,FCE,GGC,10,5,Q,2018-Q2,3424,AUD,6,,
ABS:ANA_SFD(1.0.0),C,FCE,GGC,10,5,Q,2018-Q3,3378,AUD,6,,
ABS:ANA_SFD(1.0.0),C,FCE,GGC,10,5,Q,2018-Q4,3791,AUD,6,,
ABS:ANA_SFD(1.0.0),C,FCE,GGC,10,5,Q,2019-Q1,3338,AUD,6,,
ABS:ANA_SFD(1.0.0),C,FCE,GGC,10,5,Q,2019-Q2,3937,AUD,6,,
ABS:ANA_SFD(1.0.0),C,FCE,GGC,10,5,Q,2019-Q3,3902,AUD,6,,
ABS:ANA_SFD(1.0.0),C,FCE,GGC,10,5,Q,2019-Q4,4334,AUD,6,,
ABS:ANA_SFD(1.0.0),C,FCE,GGC,10,5,Q,2020-Q1,4090,AUD,6,,
ABS:ANA_SFD(1.0.0),C,FCE,GGC,10,5,Q,2020-Q2,3982,AUD,6,,
ABS:ANA_SFD(1.0.0),C,FCE,GGC,10,5,Q,2020-Q3,4386,AUD,6,,
ABS:ANA_SFD(1.0.0),C,FCE,GGC,10,5,Q,2020-Q4,4779,AUD,6,,
ABS:ANA_SFD(1.0.0),C,FCE,GGC,10,5,Q,2021-Q1,4543,AUD,6,,
ABS:ANA_SFD(1.0.0),C,FCE,GGC,10,5,Q,2021-Q2,4505,AUD,6,,
ABS:ANA_SFD(1.0.0),C,FCE,GGC,10,5,Q,2021-Q3,4862,AUD,6,,
ABS:ANA_SFD(1.0.0),C,FCE,GGC,10,5,Q,2021-Q4,5187,AUD,6,,
ABS:ANA_SFD(1.0.0),C,FCE,GGC,10,5,Q,2022-Q1,5152,AUD,6,,
ABS:ANA_SFD(1.0.0),C,FCE,GGC,10,5,Q,2022-Q2,5001,AUD,6,,
ABS:ANA_SFD(1.0.0),C,FCE,GGC,10,5,Q,2022-Q3,5223,AUD,6,,
ABS:ANA_SFD(1.0.0),C,FCE,GGC,10,5,Q,2022-Q4,5613,AUD,6,,
ABS:ANA_SFD(1.0.0),C,FCE,GGC,10,5,Q,2023-Q1,5540,AUD,6,,
ABS:ANA_SFD(1.0.0),C,FCE,GGC,10,5,Q,2023-Q2,5315,AUD,6,,
ABS:ANA_SFD(1.0.0),C,FCE,GGC,10,5,Q,2023-Q3,5865,AUD,6,,
ABS:ANA_SFD(1.0.0),C,FCE,GGC,10,5,Q,2023-Q4,6274,AUD,6,,
ABS:ANA_SFD(1.0.0),C,FCE,GGC,10,5,Q,2024-Q1,6186,AUD,6,,
ABS:ANA_SFD(1.0.0),C,FCE,GGC,10,5,Q,2024-Q2,5992,AUD,6,,
ABS:ANA_SFD(1.0.0),C,FCE,GGC,10,5,Q,2024-Q3,6434,AUD,6,,
ABS:ANA_SFD(1.0.0),C,FCE,GGC,10,5,Q,2024-Q4,6888,AUD,6,,
ABS:ANA_SFD(1.0.0),C,FCE,GGC,10,5,Q,2025-Q1,6790,AUD,6,,
ABS:ANA_SFD(1.0.0),C,FCE,GGC,10,5,Q,2025-Q2,6643,AUD,6,,
ABS:ANA_SFD(1.0.0),C,FCE,GGC,10,5,Q,2025-Q3,7104,AUD,6,,
ABS:ANA_SFD(1.0.0),C,FCE,GGC,10,5,Q,2025-Q4,7540,AUD,6,,
ABS:ANA_SFD(1.0.0),C,FCE,GGC,10,5,Q,2026-Q1,7359,AUD,6,,
ABS:ANA_SFD(1.0.0),C,FCE,GGC,10,5,Q,2026-Q2,7076,AUD,6,,
ABS:ANA_SFD(1.0.0),C,GFC,GGS,10,4,Q,2010-Q1,1015,AUD,6,,
ABS:ANA_SFD(1.0.0),C,GFC,GGS,10,4,Q,2010-Q2,1369,AUD,6,,
ABS:ANA_SFD(1.0.0),C,GFC,GGS,10,4,Q,2010-Q3,975,AUD,6,,
ABS:ANA_SFD(1.0.0),C,GFC,GGS,10,4,Q,2010-Q4,1060,AUD,6,,
ABS:ANA_SFD(1.0.0),C,GFC,GGS,10,4,Q,2011-Q1,968,AUD,6,,
ABS:ANA_SFD(1.0.0),C,GFC,GGS,10,4,Q,2011-Q2,1135,AUD,6,,
ABS:ANA_SFD(1.0.0),C,GFC,GGS,10,4,Q,2011-Q3,824,AUD,6,,
ABS:ANA_SFD(1.0.0),C,GFC,GGS,10,4,Q,2011-Q4,955,AUD,6,,
ABS:ANA_SFD(1.0.0),C,GFC,GGS,10,4,Q,2012-Q1,894,AUD,6,,
ABS:ANA_SFD(1.0.0),C,GFC,GGS,10,4,Q,2012-Q2,1313,AUD,6,,
ABS:ANA_SFD(1.0.0),C,GFC,GGS,10,4,Q,2012-Q3,742,AUD,6,,
ABS:ANA_SFD(1.0.0),C,GFC,GGS,10,4,Q,2012-Q4,836,AUD,6,,
ABS:ANA_SFD(1.0.0),C,GFC,GGS,10,4,Q,2013-Q1,933,AUD,6,,
ABS:ANA_SFD(1.0.0),C,GFC,GGS,10,4,Q,2013-Q2,1339,AUD,6,,
ABS:ANA_SFD(1.0.0),C,GFC,GGS,10,4,Q,2013-Q3,798,AUD,6,,
ABS:ANA_SFD(1.0.0),C,GFC,GGS,10,4,Q,2013-Q4,933,AUD,6,,
ABS:ANA_SFD(1.0.0),C,GFC,GGS,10,4,Q,2014-Q1,794,AUD,6,,
ABS:ANA_SFD(1.0.0),C,GFC,GGS,10,4,Q,2014-Q2,1020,AUD,6,,
ABS:ANA_SFD(1.0.0),C,GFC,GGS,10,4,Q,2014-Q3,712,AUD,6,,
ABS:ANA_SFD(1.0.0),C,GFC,GGS,10,4,Q,2014-Q4,684,AUD,6,,
ABS:ANA_SFD(1.0.0),C,GFC,GGS,10,4,Q,2015-Q1,637,AUD,6,,
ABS:ANA_SFD(1.0.0),C,GFC,GGS,10,4,Q,2015-Q2,992,AUD,6,,
ABS:ANA_SFD(1.0.0),C,GFC,GGS,10,4,Q,2015-Q3,586,AUD,6,,
ABS:ANA_SFD(1.0.0),C,GFC,GGS,10,4,Q,2015-Q4,792,AUD,6,,
ABS:ANA_SFD(1.0.0),C,GFC,GGS,10,4,Q,2016-Q1,748,AUD,6,,
ABS:ANA_SFD(1.0.0),C,GFC,GGS,10,4,Q,2016-Q2,1118,AUD,6,,
ABS:ANA_SFD(1.0.0),C,GFC,GGS,10,4,Q,2016-Q3,710,AUD,6,,
ABS:ANA_SFD(1.0.0),C,GFC,GGS,10,4,Q,2016-Q4,983,AUD,6,,
ABS:ANA_SFD(1.0.0),C,GFC,GGS,10,4,Q,2017-Q1,343,AUD,6,,
ABS:ANA_SFD(1.0.0),C,GFC,GGS,10,4,Q,2017-Q2,3885,AUD,6,,
ABS:ANA_SFD(1.0.0),C,GFC,GGS,10,4,Q,2017-Q3,865,AUD,6,,
ABS:ANA_SFD(1.0.0),C,GFC,GGS,10,4,Q,2017-Q4,1140,AUD,6,,
ABS:ANA_SFD(1.0.0),C,GFC,GGS,10,4,Q,2018-Q1,1029,AUD,6,,
ABS:ANA_SFD(1.0.0),C,GFC,GGS,10,4,Q,2018-Q2,1327,AUD,6,,
ABS:ANA_SFD(1.0.0),C,GFC,GGS,10,4,Q,2018-Q3,913,AUD,6,,
ABS:ANA_SFD(1.0.0),C,GFC,GGS,10,4,Q,2018-Q4,1341,AUD,6,,
ABS:ANA_SFD(1.0.0),C,GFC,GGS,10,4,Q,2019-Q1,886,AUD,6,,
ABS:ANA_SFD(1.0.0),C,GFC,GGS,10,4,Q,2019-Q2,1207,AUD,6,,
ABS:ANA_SFD(1.0.0),C,GFC,GGS,10,4,Q,2019-Q3,827,AUD,6,,
ABS:ANA_SFD(1.0.0),C,GFC,GGS,10,4,Q,2019-Q4,1470,AUD,6,,
ABS:ANA_SFD(1.0.0),C,GFC,GGS,10,4,Q,2020-Q1,893,AUD,6,,
ABS:ANA_SFD(1.0.0),C,GFC,GGS,10,4,Q,2020-Q2,1366,AUD,6,,
ABS:ANA_SFD(1.0.0),C,GFC,GGS,10,4,Q,2020-Q3,901,AUD,6,,
ABS:ANA_SFD(1.0.0),C,GFC,GGS,10,4,Q,2020-Q4,1252,AUD,6,,
ABS:ANA_SFD(1.0.0),C,GFC,GGS,10,4,Q,2021-Q1,1130,AUD,6,,
ABS:ANA_SFD(1.0.0),C,GFC,GGS,10,4,Q,2021-Q2,1898,AUD,6,,
ABS:ANA_SFD(1.0.0),C,GFC,GGS,10,4,Q,2021-Q3,1140,AUD,6,,
ABS:ANA_SFD(1.0.0),C,GFC,GGS,10,4,Q,2021-Q4,1397,AUD,6,,
ABS:ANA_SFD(1.0.0),C,GFC,GGS,10,4,Q,2022-Q1,1206,AUD,6,,
ABS:ANA_SFD(1.0.0),C,GFC,GGS,10,4,Q,2022-Q2,1665,AUD,6,,
ABS:ANA_SFD(1.0.0),C,GFC,GGS,10,4,Q,2022-Q3,940,AUD,6,,
ABS:ANA_SFD(1.0.0),C,GFC,GGS,10,4,Q,2022-Q4,1239,AUD,6,,
ABS:ANA_SFD(1.0.0),C,GFC,GGS,10,4,Q,2023-Q1,1081,AUD,6,,
ABS:ANA_SFD(1.0.0),C,GFC,GGS,10,4,Q,2023-Q2,1795,AUD,6,,
ABS:ANA_SFD(1.0.0),C,GFC,GGS,10,4,Q,2023-Q3,1208,AUD,6,,
ABS:ANA_SFD(1.0.0),C,GFC,GGS,10,4,Q,2023-Q4,1617,AUD,6,,
ABS:ANA_SFD(1.0.0),C,GFC,GGS,10,4,Q,2024-Q1,1406,AUD,6,,
ABS:ANA_SFD(1.0.0),C,GFC,GGS,10,4,Q,2024-Q2,2174,AUD,6,,
ABS:ANA_SFD(1.0.0),C,GFC,GGS,10,4,Q,2024-Q3,1473,AUD,6,,
ABS:ANA_SFD(1.0.0),C,GFC,GGS,10,4,Q,2024-Q4,1906,AUD,6,,
ABS:ANA_SFD(1.0.0),C,GFC,GGS,10,4,Q,2025-Q1,1771,AUD,6,,
ABS:ANA_SFD(1.0.0),C,GFC,GGS,10,4,Q,2025-Q2,2562,AUD,6,,
ABS:ANA_SFD(1.0.0),C,GFC,GGS,10,4,Q,2025-Q3,1719,AUD,6,,
ABS:ANA_SFD(1.0.0),C,GFC,GGS,10,4,Q,2025-Q4,2275,AUD,6,,
ABS:ANA_SFD(1.0.0),C,GFC,GGS,10,4,Q,2026-Q1,2004,AUD,6,,
ABS:ANA_SFD(1.0.0),C,GFC,GGS,10,4,Q,2026-Q2,2895,AUD,6,,
ABS:ANA_SFD(1.0.0),C,GFC,GES_SL,10,1,Q,2010-Q1,1832,AUD,6,,
ABS:ANA_SFD(1.0.0),C,GFC,GES_SL,10,1,Q,2010-Q2,1995,AUD,6,,
ABS:ANA_SFD(1.0.0),C,GFC,GES_SL,10,1,Q,2010-Q3,1447,AUD,6,,
ABS:ANA_SFD(1.0.0),C,GFC,GES_SL,10,1,Q,2010-Q4,1441,AUD,6,,
ABS:ANA_SFD(1.0.0),C,GFC,GES_SL,10,1,Q,2011-Q1,1676,AUD,6,,
ABS:ANA_SFD(1.0.0),C,GFC,GES_SL,10,1,Q,2011-Q2,2144,AUD,6,,
ABS:ANA_SFD(1.0.0),C,GFC,GES_SL,10,1,Q,2011-Q3,1417,AUD,6,,
ABS:ANA_SFD(1.0.0),C,GFC,GES_SL,10,1,Q,2011-Q4,1466,AUD,6,,
ABS:ANA_SFD(1.0.0),C,GFC,GES_SL,10,1,Q,2012-Q1,1517,AUD,6,,
ABS:ANA_SFD(1.0.0),C,GFC,GES_SL,10,1,Q,2012-Q2,2409,AUD,6,,
ABS:ANA_SFD(1.0.0),C,GFC,GES_SL,10,1,Q,2012-Q3,1514,AUD,6,,
ABS:ANA_SFD(1.0.0),C,GFC,GES_SL,10,1,Q,2012-Q4,1948,AUD,6,,
ABS:ANA_SFD(1.0.0),C,GFC,GES_SL,10,1,Q,2013-Q1,1734,AUD,6,,
ABS:ANA_SFD(1.0.0),C,GFC,GES_SL,10,1,Q,2013-Q2,-816,AUD,6,,
ABS:ANA_SFD(1.0.0),C,GFC,GES_SL,10,1,Q,2013-Q3,1761,AUD,6,,
ABS:ANA_SFD(1.0.0),C,GFC,GES_SL,10,1,Q,2013-Q4,1577,AUD,6,,
ABS:ANA_SFD(1.0.0),C,GFC,GES_SL,10,1,Q,2014-Q1,1784,AUD,6,,
ABS:ANA_SFD(1.0.0),C,GFC,GES_SL,10,1,Q,2014-Q2,463,AUD,6,,
ABS:ANA_SFD(1.0.0),C,GFC,GES_SL,10,1,Q,2014-Q3,1270,AUD,6,,
ABS:ANA_SFD(1.0.0),C,GFC,GES_SL,10,1,Q,2014-Q4,1180,AUD,6,,
ABS:ANA_SFD(1.0.0),C,GFC,GES_SL,10,1,Q,2015-Q1,1007,AUD,6,,
ABS:ANA_SFD(1.0.0),C,GFC,GES_SL,10,1,Q,2015-Q2,2032,AUD,6,,
ABS:ANA_SFD(1.0.0),C,GFC,GES_SL,10,1,Q,2015-Q3,1448,AUD,6,,
ABS:ANA_SFD(1.0.0),C,GFC,GES_SL,10,1,Q,2015-Q4,1475,AUD,6,,
ABS:ANA_SFD(1.0.0),C,GFC,GES_SL,10,1,Q,2016-Q1,1484,AUD,6,,
ABS:ANA_SFD(1.0.0),C,GFC,GES_SL,10,1,Q,2016-Q2,2202,AUD,6,,
ABS:ANA_SFD(1.0.0),C,GFC,GES_SL,10,1,Q,2016-Q3,2017,AUD,6,,
ABS:ANA_SFD(1.0.0),C,GFC,GES_SL,10,1,Q,2016-Q4,2782,AUD,6,,
ABS:ANA_SFD(1.0.0),C,GFC,GES_SL,10,1,Q,2017-Q1,1370,AUD,6,,
ABS:ANA_SFD(1.0.0),C,GFC,GES_SL,10,1,Q,2017-Q2,1637,AUD,6,,
ABS:ANA_SFD(1.0.0),C,GFC,GES_SL,10,1,Q,2017-Q3,1670,AUD,6,,
ABS:ANA_SFD(1.0.0),C,GFC,GES_SL,10,1,Q,2017-Q4,1377,AUD,6,,
ABS:ANA_SFD(1.0.0),C,GFC,GES_SL,10,1,Q,2018-Q1,1418,AUD,6,,
ABS:ANA_SFD(1.0.0),C,GFC,GES_SL,10,1,Q,2018-Q2,1793,AUD,6,,
ABS:ANA_SFD(1.0.0),C,GFC,GES_SL,10,1,Q,2018-Q3,1580,AUD,6,,
ABS:ANA_SFD(1.0.0),C,GFC,GES_SL,10,1,Q,2018-Q4,1115,AUD,6,,
ABS:ANA_SFD(1.0.0),C,GFC,GES_SL,10,1,Q,2019-Q1,1249,AUD,6,,
ABS:ANA_SFD(1.0.0),C,GFC,GES_SL,10,1,Q,2019-Q2,1481,AUD,6,,
ABS:ANA_SFD(1.0.0),C,GFC,GES_SL,10,1,Q,2019-Q3,1036,AUD,6,,
ABS:ANA_SFD(1.0.0),C,GFC,GES_SL,10,1,Q,2019-Q4,1077,AUD,6,,
ABS:ANA_SFD(1.0.0),C,GFC,GES_SL,10,1,Q,2020-Q1,1050,AUD,6,,
ABS:ANA_SFD(1.0.0),C,GFC,GES_SL,10,1,Q,2020-Q2,1405,AUD,6,,
ABS:ANA_SFD(1.0.0),C,GFC,GES_SL,10,1,Q,2020-Q3,1378,AUD,6,,
ABS:ANA_SFD(1.0.0),C,GFC,GES_SL,10,1,Q,2020-Q4,1288,AUD,6,,
ABS:ANA_SFD(1.0.0),C,GFC,GES_SL,10,1,Q,2021-Q1,1343,AUD,6,,
ABS:ANA_SFD(1.0.0),C,GFC,GES_SL,10,1,Q,2021-Q2,1839,AUD,6,,
ABS:ANA_SFD(1.0.0),C,GFC,GES_SL,10,1,Q,2021-Q3,1326,AUD,6,,
ABS:ANA_SFD(1.0.0),C,GFC,GES_SL,10,1,Q,2021-Q4,1241,AUD,6,,
ABS:ANA_SFD(1.0.0),C,GFC,GES_SL,10,1,Q,2022-Q1,1329,AUD,6,,
ABS:ANA_SFD(1.0.0),C,GFC,GES_SL,10,1,Q,2022-Q2,1691,AUD,6,,
ABS:ANA_SFD(1.0.0),C,GFC,GES_SL,10,1,Q,2022-Q3,1176,AUD,6,,
ABS:ANA_SFD(1.0.0),C,GFC,GES_SL,10,1,Q,2022-Q4,1232,AUD,6,,
ABS:ANA_SFD(1.0.0),C,GFC,GES_SL,10,1,Q,2023-Q1,1458,AUD,6,,
ABS:ANA_SFD(1.0.0),C,GFC,GES_SL,10,1,Q,2023-Q2,1913,AUD,6,,
ABS:ANA_SFD(1.0.0),C,GFC,GES_SL,10,1,Q,2023-Q3,1578,AUD,6,,
ABS:ANA_SFD(1.0.0),C,GFC,GES_SL,10,1,Q,2023-Q4,1448,AUD,6,,
ABS:ANA_SFD(1.0.0),C,GFC,GES_SL,10,1,Q,2024-Q1,1455,AUD,6,,
ABS:ANA_SFD(1.0.0),C,GFC,GES_SL,10,1,Q,2024-Q2,1990,AUD,6,,
ABS:ANA_SFD(1.0.0),C,GFC,GES_SL,10,1,Q,2024-Q3,1582,AUD,6,,
ABS:ANA_SFD(1.0.0),C,GFC,GES_SL,10,1,Q,2024-Q4,1717,AUD,6,,
ABS:ANA_SFD(1.0.0),C,GFC,GES_SL,10,1,Q,2025-Q1,1768,AUD,6,,
ABS:ANA_SFD(1.0.0),C,GFC,GES_SL,10,1,Q,2025-Q2,1987,AUD,6,,
ABS:ANA_SFD(1.0.0),C,GFC,GES_SL,10,1,Q,2025-Q3,1827,AUD,6,,
ABS:ANA_SFD(1.0.0),C,GFC,GES_SL,10,1,Q,2025-Q4,2012,AUD,6,,
ABS:ANA_SFD(1.0.0),C,GFC,GES_SL,10,1,Q,2026-Q1,1641,AUD,6,,
ABS:ANA_SFD(1.0.0),C,GFC,GES_SL,10,1,Q,2026-Q2,2170,AUD,6,,
ABS:ANA_SFD(1.0.0),C,GFC,GEC,10,4,Q,2010-Q1,32,AUD,6,,
ABS:ANA_SFD(1.0.0),C,GFC,GEC,10,4,Q,2010-Q2,21,AUD,6,,
ABS:ANA_SFD(1.0.0),C,GFC,GEC,10,4,Q,2010-Q3,23,AUD,6,,
ABS:ANA_SFD(1.0.0),C,GFC,GEC,10,4,Q,2010-Q4,26,AUD,6,,
ABS:ANA_SFD(1.0.0),C,GFC,GEC,10,4,Q,2011-Q1,32,AUD,6,,
ABS:ANA_SFD(1.0.0),C,GFC,GEC,10,4,Q,2011-Q2,41,AUD,6,,
ABS:ANA_SFD(1.0.0),C,GFC,GEC,10,4,Q,2011-Q3,43,AUD,6,,
ABS:ANA_SFD(1.0.0),C,GFC,GEC,10,4,Q,2011-Q4,47,AUD,6,,
ABS:ANA_SFD(1.0.0),C,GFC,GEC,10,4,Q,2012-Q1,40,AUD,6,,
ABS:ANA_SFD(1.0.0),C,GFC,GEC,10,4,Q,2012-Q2,60,AUD,6,,
ABS:ANA_SFD(1.0.0),C,GFC,GEC,10,4,Q,2012-Q3,68,AUD,6,,
ABS:ANA_SFD(1.0.0),C,GFC,GEC,10,4,Q,2012-Q4,72,AUD,6,,
ABS:ANA_SFD(1.0.0),C,GFC,GEC,10,4,Q,2013-Q1,67,AUD,6,,
ABS:ANA_SFD(1.0.0),C,GFC,GEC,10,4,Q,2013-Q2,91,AUD,6,,
ABS:ANA_SFD(1.0.0),C,GFC,GEC,10,4,Q,2013-Q3,101,AUD,6,,
ABS:ANA_SFD(1.0.0),C,GFC,GEC,10,4,Q,2013-Q4,88,AUD,6,,
ABS:ANA_SFD(1.0.0),C,GFC,GEC,10,4,Q,2014-Q1,71,AUD,6,,
ABS:ANA_SFD(1.0.0),C,GFC,GEC,10,4,Q,2014-Q2,99,AUD,6,,
ABS:ANA_SFD(1.0.0),C,GFC,GEC,10,4,Q,2014-Q3,73,AUD,6,,
ABS:ANA_SFD(1.0.0),C,GFC,GEC,10,4,Q,2014-Q4,71,AUD,6,,
ABS:ANA_SFD(1.0.0),C,GFC,GEC,10,4,Q,2015-Q1,84,AUD,6,,
ABS:ANA_SFD(1.0.0),C,GFC,GEC,10,4,Q,2015-Q2,87,AUD,6,,
ABS:ANA_SFD(1.0.0),C,GFC,GEC,10,4,Q,2015-Q3,99,AUD,6,,
ABS:ANA_SFD(1.0.0),C,GFC,GEC,10,4,Q,2015-Q4,146,AUD,6,,
ABS:ANA_SFD(1.0.0),C,GFC,GEC,10,4,Q,2016-Q1,115,AUD,6,,
ABS:ANA_SFD(1.0.0),C,GFC,GEC,10,4,Q,2016-Q2,135,AUD,6,,
ABS:ANA_SFD(1.0.0),C,GFC,GEC,10,4,Q,2016-Q3,105,AUD,6,,
ABS:ANA_SFD(1.0.0),C,GFC,GEC,10,4,Q,2016-Q4,165,AUD,6,,
ABS:ANA_SFD(1.0.0),C,GFC,GEC,10,4,Q,2017-Q1,146,AUD,6,,
ABS:ANA_SFD(1.0.0),C,GFC,GEC,10,4,Q,2017-Q2,166,AUD,6,,
ABS:ANA_SFD(1.0.0),C,GFC,GEC,10,4,Q,2017-Q3,155,AUD,6,,
ABS:ANA_SFD(1.0.0),C,GFC,GEC,10,4,Q,2017-Q4,328,AUD,6,,
ABS:ANA_SFD(1.0.0),C,GFC,GEC,10,4,Q,2018-Q1,160,AUD,6,,
ABS:ANA_SFD(1.0.0),C,GFC,GEC,10,4,Q,2018-Q2,183,AUD,6,,
ABS:ANA_SFD(1.0.0),C,GFC,GEC,10,4,Q,2018-Q3,196,AUD,6,,
ABS:ANA_SFD(1.0.0),C,GFC,GEC,10,4,Q,2018-Q4,211,AUD,6,,
ABS:ANA_SFD(1.0.0),C,GFC,GEC,10,4,Q,2019-Q1,202,AUD,6,,
ABS:ANA_SFD(1.0.0),C,GFC,GEC,10,4,Q,2019-Q2,228,AUD,6,,
ABS:ANA_SFD(1.0.0),C,GFC,GEC,10,4,Q,2019-Q3,223,AUD,6,,
ABS:ANA_SFD(1.0.0),C,GFC,GEC,10,4,Q,2019-Q4,221,AUD,6,,
ABS:ANA_SFD(1.0.0),C,GFC,GEC,10,4,Q,2020-Q1,189,AUD,6,,
ABS:ANA_SFD(1.0.0),C,GFC,GEC,10,4,Q,2020-Q2,158,AUD,6,,
ABS:ANA_SFD(1.0.0),C,GFC,GEC,10,4,Q,2020-Q3,123,AUD,6,,
ABS:ANA_SFD(1.0.0),C,GFC,GEC,10,4,Q,2020-Q4,125,AUD,6,,
ABS:ANA_SFD(1.0.0),C,GFC,GEC,10,4,Q,2021-Q1,126,AUD,6,,
ABS:ANA_SFD(1.0.0),C,GFC,GEC,10,4,Q,2021-Q2,176,AUD,6,,
ABS:ANA_SFD(1.0.0),C,GFC,GEC,10,4,Q,2021-Q3,147,AUD,6,,
ABS:ANA_SFD(1.0.0),C,GFC,GEC,10,4,Q,2021-Q4,136,AUD,6,,
ABS:ANA_SFD(1.0.0),C,GFC,GEC,10,4,Q,2022-Q1,113,AUD,6,,
ABS:ANA_SFD(1.0.0),C,GFC,GEC,10,4,Q,2022-Q2,95,AUD,6,,
ABS:ANA_SFD(1.0.0),C,GFC,GEC,10,4,Q,2022-Q3,93,AUD,6,,
ABS:ANA_SFD(1.0.0),C,GFC,GEC,10,4,Q,2022-Q4,100,AUD,6,,
ABS:ANA_SFD(1.0.0),C,GFC,GEC,10,4,Q,2023-Q1,80,AUD,6,,
ABS:ANA_SFD(1.0.0),C,GFC,GEC,10,4,Q,2023-Q2,95,AUD,6,,
ABS:ANA_SFD(1.0.0),C,GFC,GEC,10,4,Q,2023-Q3,104,AUD,6,,
ABS:ANA_SFD(1.0.0),C,GFC,GEC,10,4,Q,2023-Q4,105,AUD,6,,
ABS:ANA_SFD(1.0.0),C,GFC,GEC,10,4,Q,2024-Q1,111,AUD,6,,
ABS:ANA_SFD(1.0.0),C,GFC,GEC,10,4,Q,2024-Q2,131,AUD,6,,
ABS:ANA_SFD(1.0.0),C,GFC,GEC,10,4,Q,2024-Q3,159,AUD,6,,
ABS:ANA_SFD(1.0.0),C,GFC,GEC,10,4,Q,2024-Q4,187,AUD,6,,
ABS:ANA_SFD(1.0.0),C,GFC,GEC,10,4,Q,2025-Q1,149,AUD,6,,
ABS:ANA_SFD(1.0.0),C,GFC,GEC,10,4,Q,2025-Q2,189,AUD,6,,
ABS:ANA_SFD(1.0.0),C,GFC,GEC,10,4,Q,2025-Q3,194,AUD,6,,
ABS:ANA_SFD(1.0.0),C,GFC,GEC,10,4,Q,2025-Q4,264,AUD,6,,
ABS:ANA_SFD(1.0.0),C,GFC,GEC,10,4,Q,2026-Q1,224,AUD,6,,
ABS:ANA_SFD(1.0.0),C,GFC,GEC,10,4,Q,2026-Q2,414,AUD,6,,
ABS:ANA_SFD(1.0.0),C,GFC,GGS_SL,10,5,Q,2010-Q1,1074,AUD,6,,
ABS:ANA_SFD(1.0.0),C,GFC,GGS_SL,10,5,Q,2010-Q2,967,AUD,6,,
ABS:ANA_SFD(1.0.0),C,GFC,GGS_SL,10,5,Q,2010-Q3,897,AUD,6,,
ABS:ANA_SFD(1.0.0),C,GFC,GGS_SL,10,5,Q,2010-Q4,979,AUD,6,,
ABS:ANA_SFD(1.0.0),C,GFC,GGS_SL,10,5,Q,2011-Q1,975,AUD,6,,
ABS:ANA_SFD(1.0.0),C,GFC,GGS_SL,10,5,Q,2011-Q2,1063,AUD,6,,
ABS:ANA_SFD(1.0.0),C,GFC,GGS_SL,10,5,Q,2011-Q3,962,AUD,6,,
ABS:ANA_SFD(1.0.0),C,GFC,GGS_SL,10,5,Q,2011-Q4,1061,AUD,6,,
ABS:ANA_SFD(1.0.0),C,GFC,GGS_SL,10,5,Q,2012-Q1,1031,AUD,6,,
ABS:ANA_SFD(1.0.0),C,GFC,GGS_SL,10,5,Q,2012-Q2,1396,AUD,6,,
ABS:ANA_SFD(1.0.0),C,GFC,GGS_SL,10,5,Q,2012-Q3,962,AUD,6,,
ABS:ANA_SFD(1.0.0),C,GFC,GGS_SL,10,5,Q,2012-Q4,1142,AUD,6,,
ABS:ANA_SFD(1.0.0),C,GFC,GGS_SL,10,5,Q,2013-Q1,1105,AUD,6,,
ABS:ANA_SFD(1.0.0),C,GFC,GGS_SL,10,5,Q,2013-Q2,1402,AUD,6,,
ABS:ANA_SFD(1.0.0),C,GFC,GGS_SL,10,5,Q,2013-Q3,898,AUD,6,,
ABS:ANA_SFD(1.0.0),C,GFC,GGS_SL,10,5,Q,2013-Q4,1350,AUD,6,,
ABS:ANA_SFD(1.0.0),C,GFC,GGS_SL,10,5,Q,2014-Q1,1101,AUD,6,,
ABS:ANA_SFD(1.0.0),C,GFC,GGS_SL,10,5,Q,2014-Q2,1150,AUD,6,,
ABS:ANA_SFD(1.0.0),C,GFC,GGS_SL,10,5,Q,2014-Q3,922,AUD,6,,
ABS:ANA_SFD(1.0.0),C,GFC,GGS_SL,10,5,Q,2014-Q4,1226,AUD,6,,
ABS:ANA_SFD(1.0.0),C,GFC,GGS_SL,10,5,Q,2015-Q1,1005,AUD,6,,
ABS:ANA_SFD(1.0.0),C,GFC,GGS_SL,10,5,Q,2015-Q2,1257,AUD,6,,
ABS:ANA_SFD(1.0.0),C,GFC,GGS_SL,10,5,Q,2015-Q3,929,AUD,6,,
ABS:ANA_SFD(1.0.0),C,GFC,GGS_SL,10,5,Q,2015-Q4,1155,AUD,6,,
ABS:ANA_SFD(1.0.0),C,GFC,GGS_SL,10,5,Q,2016-Q1,942,AUD,6,,
ABS:ANA_SFD(1.0.0),C,GFC,GGS_SL,10,5,Q,2016-Q2,1281,AUD,6,,
ABS:ANA_SFD(1.0.0),C,GFC,GGS_SL,10,5,Q,2016-Q3,1198,AUD,6,,
ABS:ANA_SFD(1.0.0),C,GFC,GGS_SL,10,5,Q,2016-Q4,1069,AUD,6,,
ABS:ANA_SFD(1.0.0),C,GFC,GGS_SL,10,5,Q,2017-Q1,1004,AUD,6,,
ABS:ANA_SFD(1.0.0),C,GFC,GGS_SL,10,5,Q,2017-Q2,1325,AUD,6,,
ABS:ANA_SFD(1.0.0),C,GFC,GGS_SL,10,5,Q,2017-Q3,993,AUD,6,,
ABS:ANA_SFD(1.0.0),C,GFC,GGS_SL,10,5,Q,2017-Q4,1122,AUD,6,,
ABS:ANA_SFD(1.0.0),C,GFC,GGS_SL,10,5,Q,2018-Q1,910,AUD,6,,
ABS:ANA_SFD(1.0.0),C,GFC,GGS_SL,10,5,Q,2018-Q2,1202,AUD,6,,
ABS:ANA_SFD(1.0.0),C,GFC,GGS_SL,10,5,Q,2018-Q3,862,AUD,6,,
ABS:ANA_SFD(1.0.0),C,GFC,GGS_SL,10,5,Q,2018-Q4,1085,AUD,6,,
ABS:ANA_SFD(1.0.0),C,GFC,GGS_SL,10,5,Q,2019-Q1,928,AUD,6,,
ABS:ANA_SFD(1.0.0),C,GFC,GGS_SL,10,5,Q,2019-Q2,1333,AUD,6,,
ABS:ANA_SFD(1.0.0),C,GFC,GGS_SL,10,5,Q,2019-Q3,844,AUD,6,,
ABS:ANA_SFD(1.0.0),C,GFC,GGS_SL,10,5,Q,2019-Q4,1044,AUD,6,,
ABS:ANA_SFD(1.0.0),C,GFC,GGS_SL,10,5,Q,2020-Q1,966,AUD,6,,
ABS:ANA_SFD(1.0.0),C,GFC,GGS_SL,10,5,Q,2020-Q2,1275,AUD,6,,
ABS:ANA_SFD(1.0.0),C,GFC,GGS_SL,10,5,Q,2020-Q3,810,AUD,6,,
ABS:ANA_SFD(1.0.0),C,GFC,GGS_SL,10,5,Q,2020-Q4,988,AUD,6,,
ABS:ANA_SFD(1.0.0),C,GFC,GGS_SL,10,5,Q,2021-Q1,942,AUD,6,,
ABS:ANA_SFD(1.0.0),C,GFC,GGS_SL,10,5,Q,2021-Q2,1540,AUD,6,,
ABS:ANA_SFD(1.0.0),C,GFC,GGS_SL,10,5,Q,2021-Q3,1091,AUD,6,,
ABS:ANA_SFD(1.0.0),C,GFC,GGS_SL,10,5,Q,2021-Q4,1276,AUD,6,,
ABS:ANA_SFD(1.0.0),C,GFC,GGS_SL,10,5,Q,2022-Q1,1197,AUD,6,,
ABS:ANA_SFD(1.0.0),C,GFC,GGS_SL,10,5,Q,2022-Q2,1553,AUD,6,,
ABS:ANA_SFD(1.0.0),C,GFC,GGS_SL,10,5,Q,2022-Q3,1167,AUD,6,,
ABS:ANA_SFD(1.0.0),C,GFC,GGS_SL,10,5,Q,2022-Q4,1387,AUD,6,,
ABS:ANA_SFD(1.0.0),C,GFC,GGS_SL,10,5,Q,2023-Q1,1373,AUD,6,,
ABS:ANA_SFD(1.0.0),C,GFC,GGS_SL,10,5,Q,2023-Q2,1745,AUD,6,,
ABS:ANA_SFD(1.0.0),C,GFC,GGS_SL,10,5,Q,2023-Q3,1273,AUD,6,,
ABS:ANA_SFD(1.0.0),C,GFC,GGS_SL,10,5,Q,2023-Q4,1527,AUD,6,,
ABS:ANA_SFD(1.0.0),C,GFC,GGS_SL,10,5,Q,2024-Q1,1320,AUD,6,,
ABS:ANA_SFD(1.0.0),C,GFC,GGS_SL,10,5,Q,2024-Q2,1802,AUD,6,,
ABS:ANA_SFD(1.0.0),C,GFC,GGS_SL,10,5,Q,2024-Q3,1357,AUD,6,,
ABS:ANA_SFD(1.0.0),C,GFC,GGS_SL,10,5,Q,2024-Q4,1627,AUD,6,,
ABS:ANA_SFD(1.0.0),C,GFC,GGS_SL,10,5,Q,2025-Q1,1395,AUD,6,,
ABS:ANA_SFD(1.0.0),C,GFC,GGS_SL,10,5,Q,2025-Q2,1802,AUD,6,,
ABS:ANA_SFD(1.0.0),C,GFC,GGS_SL,10,5,Q,2025-Q3,1295,AUD,6,,
ABS:ANA_SFD(1.0.0),C,GFC,GGS_SL,10,5,Q,2025-Q4,1526,AUD,6,,
ABS:ANA_SFD(1.0.0),C,GFC,GGS_SL,10,5,Q,2026-Q1,1499,AUD,6,,
ABS:ANA_SFD(1.0.0),C,GFC,GGS_SL,10,5,Q,2026-Q2,1989,AUD,6,,
ABS:ANA_SFD(1.0.0),C,GFC,GGS_SL,10,2,Q,2010-Q1,1349,AUD,6,,
ABS:ANA_SFD(1.0.0),C,GFC,GGS_SL,10,2,Q,2010-Q2,1810,AUD,6,,
ABS:ANA_SFD(1.0.0),C,GFC,GGS_SL,10,2,Q,2010-Q3,2043,AUD,6,,
ABS:ANA_SFD(1.0.0),C,GFC,GGS_SL,10,2,Q,2010-Q4,1682,AUD,6,,
ABS:ANA_SFD(1.0.0),C,GFC,GGS_SL,10,2,Q,2011-Q1,1458,AUD,6,,
ABS:ANA_SFD(1.0.0),C,GFC,GGS_SL,10,2,Q,2011-Q2,1536,AUD,6,,
ABS:ANA_SFD(1.0.0),C,GFC,GGS_SL,10,2,Q,2011-Q3,1122,AUD,6,,
ABS:ANA_SFD(1.0.0),C,GFC,GGS_SL,10,2,Q,2011-Q4,3094,AUD,6,,
ABS:ANA_SFD(1.0.0),C,GFC,GGS_SL,10,2,Q,2012-Q1,1053,AUD,6,,
ABS:ANA_SFD(1.0.0),C,GFC,GGS_SL,10,2,Q,2012-Q2,1130,AUD,6,,
ABS:ANA_SFD(1.0.0),C,GFC,GGS_SL,10,2,Q,2012-Q3,1678,AUD,6,,
ABS:ANA_SFD(1.0.0),C,GFC,GGS_SL,10,2,Q,2012-Q4,1584,AUD,6,,
ABS:ANA_SFD(1.0.0),C,GFC,GGS_SL,10,2,Q,2013-Q1,1848,AUD,6,,
ABS:ANA_SFD(1.0.0),C,GFC,GGS_SL,10,2,Q,2013-Q2,2079,AUD,6,,
ABS:ANA_SFD(1.0.0),C,GFC,GGS_SL,10,2,Q,2013-Q3,1336,AUD,6,,
ABS:ANA_SFD(1.0.0),C,GFC,GGS_SL,10,2,Q,2013-Q4,1520,AUD,6,,
ABS:ANA_SFD(1.0.0),C,GFC,GGS_SL,10,2,Q,2014-Q1,1492,AUD,6,,
ABS:ANA_SFD(1.0.0),C,GFC,GGS_SL,10,2,Q,2014-Q2,2115,AUD,6,,
ABS:ANA_SFD(1.0.0),C,GFC,GGS_SL,10,2,Q,2014-Q3,1266,AUD,6,,
ABS:ANA_SFD(1.0.0),C,GFC,GGS_SL,10,2,Q,2014-Q4,1757,AUD,6,,
ABS:ANA_SFD(1.0.0),C,GFC,GGS_SL,10,2,Q,2015-Q1,1653,AUD,6,,
ABS:ANA_SFD(1.0.0),C,GFC,GGS_SL,10,2,Q,2015-Q2,2141,AUD,6,,
ABS:ANA_SFD(1.0.0),C,GFC,GGS_SL,10,2,Q,2015-Q3,1511,AUD,6,,
ABS:ANA_SFD(1.0.0),C,GFC,GGS_SL,10,2,Q,2015-Q4,1896,AUD,6,,
ABS:ANA_SFD(1.0.0),C,GFC,GGS_SL,10,2,Q,2016-Q1,1685,AUD,6,,
ABS:ANA_SFD(1.0.0),C,GFC,GGS_SL,10,2,Q,2016-Q2,3322,AUD,6,,
ABS:ANA_SFD(1.0.0),C,GFC,GGS_SL,10,2,Q,2016-Q3,1895,AUD,6,,
ABS:ANA_SFD(1.0.0),C,GFC,GGS_SL,10,2,Q,2016-Q4,2253,AUD,6,,
ABS:ANA_SFD(1.0.0),C,GFC,GGS_SL,10,2,Q,2017-Q1,2954,AUD,6,,
ABS:ANA_SFD(1.0.0),C,GFC,GGS_SL,10,2,Q,2017-Q2,2909,AUD,6,,
ABS:ANA_SFD(1.0.0),C,GFC,GGS_SL,10,2,Q,2017-Q3,2579,AUD,6,,
ABS:ANA_SFD(1.0.0),C,GFC,GGS_SL,10,2,Q,2017-Q4,3788,AUD,6,,
ABS:ANA_SFD(1.0.0),C,GFC,GGS_SL,10,2,Q,2018-Q1,3145,AUD,6,,
ABS:ANA_SFD(1.0.0),C,GFC,GGS_SL,10,2,Q,2018-Q2,4111,AUD,6,,
ABS:ANA_SFD(1.0.0),C,GFC,GGS_SL,10,2,Q,2018-Q3,3120,AUD,6,,
ABS:ANA_SFD(1.0.0),C,GFC,GGS_SL,10,2,Q,2018-Q4,3839,AUD,6,,
ABS:ANA_SFD(1.0.0),C,GFC,GGS_SL,10,2,Q,2019-Q1,3149,AUD,6,,
ABS:ANA_SFD(1.0.0),C,GFC,GGS_SL,10,2,Q,2019-Q2,3885,AUD,6,,
ABS:ANA_SFD(1.0.0),C,GFC,GGS_SL,10,2,Q,2019-Q3,3354,AUD,6,,
ABS:ANA_SFD(1.0.0),C,GFC,GGS_SL,10,2,Q,2019-Q4,3876,AUD,6,,
ABS:ANA_SFD(1.0.0),C,GFC,GGS_SL,10,2,Q,2020-Q1,3467,AUD,6,,
ABS:ANA_SFD(1.0.0),C,GFC,GGS_SL,10,2,Q,2020-Q2,4649,AUD,6,,
ABS:ANA_SFD(1.0.0),C,GFC,GGS_SL,10,2,Q,2020-Q3,3791,AUD,6,,
ABS:ANA_SFD(1.0.0),C,GFC,GGS_SL,10,2,Q,2020-Q4,4499,AUD,6,,
ABS:ANA_SFD(1.0.0),C,GFC,GGS_SL,10,2,Q,2021-Q1,4148,AUD,6,,
ABS:ANA_SFD(1.0.0),C,GFC,GGS_SL,10,2,Q,2021-Q2,5217,AUD,6,,
ABS:ANA_SFD(1.0.0),C,GFC,GGS_SL,10,2,Q,2021-Q3,4282,AUD,6,,
ABS:ANA_SFD(1.0.0),C,GFC,GGS_SL,10,2,Q,2021-Q4,5135,AUD,6,,
ABS:ANA_SFD(1.0.0),C,GFC,GGS_SL,10,2,Q,2022-Q1,4560,AUD,6,,
ABS:ANA_SFD(1.0.0),C,GFC,GGS_SL,10,2,Q,2022-Q2,6176,AUD,6,,
ABS:ANA_SFD(1.0.0),C,GFC,GGS_SL,10,2,Q,2022-Q3,5004,AUD,6,,
ABS:ANA_SFD(1.0.0),C,GFC,GGS_SL,10,2,Q,2022-Q4,5421,AUD,6,,
ABS:ANA_SFD(1.0.0),C,GFC,GGS_SL,10,2,Q,2023-Q1,5116,AUD,6,,
ABS:ANA_SFD(1.0.0),C,GFC,GGS_SL,10,2,Q,2023-Q2,6840,AUD,6,,
ABS:ANA_SFD(1.0.0),C,GFC,GGS_SL,10,2,Q,2023-Q3,5549,AUD,6,,
ABS:ANA_SFD(1.0.0),C,GFC,GGS_SL,10,2,Q,2023-Q4,5805,AUD,6,,
ABS:ANA_SFD(1.0.0),C,GFC,GGS_SL,10,2,Q,2024-Q1,5179,AUD,6,,
ABS:ANA_SFD(1.0.0),C,GFC,GGS_SL,10,2,Q,2024-Q2,6681,AUD,6,,
ABS:ANA_SFD(1.0.0),C,GFC,GGS_SL,10,2,Q,2024-Q3,5088,AUD,6,,
ABS:ANA_SFD(1.0.0),C,GFC,GGS_SL,10,2,Q,2024-Q4,5604,AUD,6,,
ABS:ANA_SFD(1.0.0),C,GFC,GGS_SL,10,2,Q,2025-Q1,4989,AUD,6,,
ABS:ANA_SFD(1.0.0),C,GFC,GGS_SL,10,2,Q,2025-Q2,6144,AUD,6,,
ABS:ANA_SFD(1.0.0),C,GFC,GGS_SL,10,2,Q,2025-Q3,4971,AUD,6,,
ABS:ANA_SFD(1.0.0),C,GFC,GGS_SL,10,2,Q,2025-Q4,5655,AUD,6,,
ABS:ANA_SFD(1.0.0),C,GFC,GGS_SL,10,2,Q,2026-Q1,4947,AUD,6,,
ABS:ANA_SFD(1.0.0),C,GFC,GGS_SL,10,2,Q,2026-Q2,6496,AUD,6,,
ABS:ANA_SFD(1.0.0),C,GFC,GGS,10,8,Q,2010-Q1,663,AUD,6,,
ABS:ANA_SFD(1.0.0),C,GFC,GGS,10,8,Q,2010-Q2,1164,AUD,6,,
ABS:ANA_SFD(1.0.0),C,GFC,GGS,10,8,Q,2010-Q3,689,AUD,6,,
ABS:ANA_SFD(1.0.0),C,GFC,GGS,10,8,Q,2010-Q4,768,AUD,6,,
ABS:ANA_SFD(1.0.0),C,GFC,GGS,10,8,Q,2011-Q1,786,AUD,6,,
ABS:ANA_SFD(1.0.0),C,GFC,GGS,10,8,Q,2011-Q2,995,AUD,6,,
ABS:ANA_SFD(1.0.0),C,GFC,GGS,10,8,Q,2011-Q3,797,AUD,6,,
ABS:ANA_SFD(1.0.0),C,GFC,GGS,10,8,Q,2011-Q4,929,AUD,6,,
ABS:ANA_SFD(1.0.0),C,GFC,GGS,10,8,Q,2012-Q1,872,AUD,6,,
ABS:ANA_SFD(1.0.0),C,GFC,GGS,10,8,Q,2012-Q2,1226,AUD,6,,
ABS:ANA_SFD(1.0.0),C,GFC,GGS,10,8,Q,2012-Q3,704,AUD,6,,
ABS:ANA_SFD(1.0.0),C,GFC,GGS,10,8,Q,2012-Q4,747,AUD,6,,
ABS:ANA_SFD(1.0.0),C,GFC,GGS,10,8,Q,2013-Q1,704,AUD,6,,
ABS:ANA_SFD(1.0.0),C,GFC,GGS,10,8,Q,2013-Q2,882,AUD,6,,
ABS:ANA_SFD(1.0.0),C,GFC,GGS,10,8,Q,2013-Q3,686,AUD,6,,
ABS:ANA_SFD(1.0.0),C,GFC,GGS,10,8,Q,2013-Q4,766,AUD,6,,
ABS:ANA_SFD(1.0.0),C,GFC,GGS,10,8,Q,2014-Q1,696,AUD,6,,
ABS:ANA_SFD(1.0.0),C,GFC,GGS,10,8,Q,2014-Q2,1041,AUD,6,,
ABS:ANA_SFD(1.0.0),C,GFC,GGS,10,8,Q,2014-Q3,888,AUD,6,,
ABS:ANA_SFD(1.0.0),C,GFC,GGS,10,8,Q,2014-Q4,932,AUD,6,,
ABS:ANA_SFD(1.0.0),C,GFC,GGS,10,8,Q,2015-Q1,817,AUD,6,,
ABS:ANA_SFD(1.0.0),C,GFC,GGS,10,8,Q,2015-Q2,1183,AUD,6,,
ABS:ANA_SFD(1.0.0),C,GFC,GGS,10,8,Q,2015-Q3,607,AUD,6,,
ABS:ANA_SFD(1.0.0),C,GFC,GGS,10,8,Q,2015-Q4,758,AUD,6,,
ABS:ANA_SFD(1.0.0),C,GFC,GGS,10,8,Q,2016-Q1,742,AUD,6,,
ABS:ANA_SFD(1.0.0),C,GFC,GGS,10,8,Q,2016-Q2,1140,AUD,6,,
ABS:ANA_SFD(1.0.0),C,GFC,GGS,10,8,Q,2016-Q3,724,AUD,6,,
ABS:ANA_SFD(1.0.0),C,GFC,GGS,10,8,Q,2016-Q4,846,AUD,6,,
ABS:ANA_SFD(1.0.0),C,GFC,GGS,10,8,Q,2017-Q1,857,AUD,6,,
ABS:ANA_SFD(1.0.0),C,GFC,GGS,10,8,Q,2017-Q2,1065,AUD,6,,
ABS:ANA_SFD(1.0.0),C,GFC,GGS,10,8,Q,2017-Q3,936,AUD,6,,
ABS:ANA_SFD(1.0.0),C,GFC,GGS,10,8,Q,2017-Q4,970,AUD,6,,
ABS:ANA_SFD(1.0.0),C,GFC,GGS,10,8,Q,2018-Q1,829,AUD,6,,
ABS:ANA_SFD(1.0.0),C,GFC,GGS,10,8,Q,2018-Q2,1167,AUD,6,,
ABS:ANA_SFD(1.0.0),C,GFC,GGS,10,8,Q,2018-Q3,791,AUD,6,,
ABS:ANA_SFD(1.0.0),C,GFC,GGS,10,8,Q,2018-Q4,945,AUD,6,,
ABS:ANA_SFD(1.0.0),C,GFC,GGS,10,8,Q,2019-Q1,836,AUD,6,,
ABS:ANA_SFD(1.0.0),C,GFC,GGS,10,8,Q,2019-Q2,1137,AUD,6,,
ABS:ANA_SFD(1.0.0),C,GFC,GGS,10,8,Q,2019-Q3,686,AUD,6,,
ABS:ANA_SFD(1.0.0),C,GFC,GGS,10,8,Q,2019-Q4,875,AUD,6,,
ABS:ANA_SFD(1.0.0),C,GFC,GGS,10,8,Q,2020-Q1,801,AUD,6,,
ABS:ANA_SFD(1.0.0),C,GFC,GGS,10,8,Q,2020-Q2,1062,AUD,6,,
ABS:ANA_SFD(1.0.0),C,GFC,GGS,10,8,Q,2020-Q3,754,AUD,6,,
ABS:ANA_SFD(1.0.0),C,GFC,GGS,10,8,Q,2020-Q4,884,AUD,6,,
ABS:ANA_SFD(1.0.0),C,GFC,GGS,10,8,Q,2021-Q1,760,AUD,6,,
ABS:ANA_SFD(1.0.0),C,GFC,GGS,10,8,Q,2021-Q2,1161,AUD,6,,
ABS:ANA_SFD(1.0.0),C,GFC,GGS,10,8,Q,2021-Q3,843,AUD,6,,
ABS:ANA_SFD(1.0.0),C,GFC,GGS,10,8,Q,2021-Q4,901,AUD,6,,
ABS:ANA_SFD(1.0.0),C,GFC,GGS,10,8,Q,2022-Q1,841,AUD,6,,
ABS:ANA_SFD(1.0.0),C,GFC,GGS,10,8,Q,2022-Q2,1227,AUD,6,,
ABS:ANA_SFD(1.0.0),C,GFC,GGS,10,8,Q,2022-Q3,942,AUD,6,,
ABS:ANA_SFD(1.0.0),C,GFC,GGS,10,8,Q,2022-Q4,1134,AUD,6,,
ABS:ANA_SFD(1.0.0),C,GFC,GGS,10,8,Q,2023-Q1,1027,AUD,6,,
ABS:ANA_SFD(1.0.0),C,GFC,GGS,10,8,Q,2023-Q2,1484,AUD,6,,
ABS:ANA_SFD(1.0.0),C,GFC,GGS,10,8,Q,2023-Q3,1210,AUD,6,,
ABS:ANA_SFD(1.0.0),C,GFC,GGS,10,8,Q,2023-Q4,1271,AUD,6,,
ABS:ANA_SFD(1.0.0),C,GFC,GGS,10,8,Q,2024-Q1,1052,AUD,6,,
ABS:ANA_SFD(1.0.0),C,GFC,GGS,10,8,Q,2024-Q2,1623,AUD,6,,
ABS:ANA_SFD(1.0.0),C,GFC,GGS,10,8,Q,2024-Q3,1164,AUD,6,,
ABS:ANA_SFD(1.0.0),C,GFC,GGS,10,8,Q,2024-Q4,1283,AUD,6,,
ABS:ANA_SFD(1.0.0),C,GFC,GGS,10,8,Q,2025-Q1,1225,AUD,6,,
ABS:ANA_SFD(1.0.0),C,GFC,GGS,10,8,Q,2025-Q2,1573,AUD,6,,
ABS:ANA_SFD(1.0.0),C,GFC,GGS,10,8,Q,2025-Q3,1128,AUD,6,,
ABS:ANA_SFD(1.0.0),C,GFC,GGS,10,8,Q,2025-Q4,1337,AUD,6,,
ABS:ANA_SFD(1.0.0),C,GFC,GGS,10,8,Q,2026-Q1,1131,AUD,6,,
ABS:ANA_SFD(1.0.0),C,GFC,GGS,10,8,Q,2026-Q2,1709,AUD,6,,
ABS:ANA_SFD(1.0.0),C,FCE,GGS_SL,10,1,Q,2010-Q1,10267,AUD,6,,
ABS:ANA_SFD(1.0.0),C,FCE,GGS_SL,10,1,Q,2010-Q2,11664,AUD,6,,
ABS:ANA_SFD(1.0.0),C,FCE,GGS_SL,10,1,Q,2010-Q3,10711,AUD,6,,
ABS:ANA_SFD(1.0.0),C,FCE,GGS_SL,10,1,Q,2010-Q4,10897,AUD,6,,
ABS:ANA_SFD(1.0.0),C,FCE,GGS_SL,10,1,Q,2011-Q1,10884,AUD,6,,
ABS:ANA_SFD(1.0.0),C,FCE,GGS_SL,10,1,Q,2011-Q2,12598,AUD,6,,
ABS:ANA_SFD(1.0.0),C,FCE,GGS_SL,10,1,Q,2011-Q3,11222,AUD,6,,
ABS:ANA_SFD(1.0.0),C,FCE,GGS_SL,10,1,Q,2011-Q4,11707,AUD,6,,
ABS:ANA_SFD(1.0.0),C,FCE,GGS_SL,10,1,Q,2012-Q1,11755,AUD,6,,
ABS:ANA_SFD(1.0.0),C,FCE,GGS_SL,10,1,Q,2012-Q2,12626,AUD,6,,
ABS:ANA_SFD(1.0.0),C,FCE,GGS_SL,10,1,Q,2012-Q3,11657,AUD,6,,
ABS:ANA_SFD(1.0.0),C,FCE,GGS_SL,10,1,Q,2012-Q4,12472,AUD,6,,
ABS:ANA_SFD(1.0.0),C,FCE,GGS_SL,10,1,Q,2013-Q1,11566,AUD,6,,
ABS:ANA_SFD(1.0.0),C,FCE,GGS_SL,10,1,Q,2013-Q2,13216,AUD,6,,
ABS:ANA_SFD(1.0.0),C,FCE,GGS_SL,10,1,Q,2013-Q3,11771,AUD,6,,
ABS:ANA_SFD(1.0.0),C,FCE,GGS_SL,10,1,Q,2013-Q4,12318,AUD,6,,
ABS:ANA_SFD(1.0.0),C,FCE,GGS_SL,10,1,Q,2014-Q1,12163,AUD,6,,
ABS:ANA_SFD(1.0.0),C,FCE,GGS_SL,10,1,Q,2014-Q2,14017,AUD,6,,
ABS:ANA_SFD(1.0.0),C,FCE,GGS_SL,10,1,Q,2014-Q3,12409,AUD,6,,
ABS:ANA_SFD(1.0.0),C,FCE,GGS_SL,10,1,Q,2014-Q4,12744,AUD,6,,
ABS:ANA_SFD(1.0.0),C,FCE,GGS_SL,10,1,Q,2015-Q1,12359,AUD,6,,
ABS:ANA_SFD(1.0.0),C,FCE,GGS_SL,10,1,Q,2015-Q2,14050,AUD,6,,
ABS:ANA_SFD(1.0.0),C,FCE,GGS_SL,10,1,Q,2015-Q3,12913,AUD,6,,
ABS:ANA_SFD(1.0.0),C,FCE,GGS_SL,10,1,Q,2015-Q4,13208,AUD,6,,
ABS:ANA_SFD(1.0.0),C,FCE,GGS_SL,10,1,Q,2016-Q1,12969,AUD,6,,
ABS:ANA_SFD(1.0.0),C,FCE,GGS_SL,10,1,Q,2016-Q2,14816,AUD,6,,
ABS:ANA_SFD(1.0.0),C,FCE,GGS_SL,10,1,Q,2016-Q3,13454,AUD,6,,
ABS:ANA_SFD(1.0.0),C,FCE,GGS_SL,10,1,Q,2016-Q4,13968,AUD,6,,
ABS:ANA_SFD(1.0.0),C,FCE,GGS_SL,10,1,Q,2017-Q1,13649,AUD,6,,
ABS:ANA_SFD(1.0.0),C,FCE,GGS_SL,10,1,Q,2017-Q2,15933,AUD,6,,
ABS:ANA_SFD(1.0.0),C,FCE,GGS_SL,10,1,Q,2017-Q3,14036,AUD,6,,
ABS:ANA_SFD(1.0.0),C,FCE,GGS_SL,10,1,Q,2017-Q4,14785,AUD,6,,
ABS:ANA_SFD(1.0.0),C,FCE,GGS_SL,10,1,Q,2018-Q1,14622,AUD,6,,
ABS:ANA_SFD(1.0.0),C,FCE,GGS_SL,10,1,Q,2018-Q2,16358,AUD,6,,
ABS:ANA_SFD(1.0.0),C,FCE,GGS_SL,10,1,Q,2018-Q3,15162,AUD,6,,
ABS:ANA_SFD(1.0.0),C,FCE,GGS_SL,10,1,Q,2018-Q4,15665,AUD,6,,
ABS:ANA_SFD(1.0.0),C,FCE,GGS_SL,10,1,Q,2019-Q1,15192,AUD,6,,
ABS:ANA_SFD(1.0.0),C,FCE,GGS_SL,10,1,Q,2019-Q2,17463,AUD,6,,
ABS:ANA_SFD(1.0.0),C,FCE,GGS_SL,10,1,Q,2019-Q3,16101,AUD,6,,
ABS:ANA_SFD(1.0.0),C,FCE,GGS_SL,10,1,Q,2019-Q4,16752,AUD,6,,
ABS:ANA_SFD(1.0.0),C,FCE,GGS_SL,10,1,Q,2020-Q1,16679,AUD,6,,
ABS:ANA_SFD(1.0.0),C,FCE,GGS_SL,10,1,Q,2020-Q2,19336,AUD,6,,
ABS:ANA_SFD(1.0.0),C,FCE,GGS_SL,10,1,Q,2020-Q3,17179,AUD,6,,
ABS:ANA_SFD(1.0.0),C,FCE,GGS_SL,10,1,Q,2020-Q4,17710,AUD,6,,
ABS:ANA_SFD(1.0.0),C,FCE,GGS_SL,10,1,Q,2021-Q1,17187,AUD,6,,
ABS:ANA_SFD(1.0.0),C,FCE,GGS_SL,10,1,Q,2021-Q2,19910,AUD,6,,
ABS:ANA_SFD(1.0.0),C,FCE,GGS_SL,10,1,Q,2021-Q3,19244,AUD,6,,
ABS:ANA_SFD(1.0.0),C,FCE,GGS_SL,10,1,Q,2021-Q4,20174,AUD,6,,
ABS:ANA_SFD(1.0.0),C,FCE,GGS_SL,10,1,Q,2022-Q1,19733,AUD,6,,
ABS:ANA_SFD(1.0.0),C,FCE,GGS_SL,10,1,Q,2022-Q2,22498,AUD,6,,
ABS:ANA_SFD(1.0.0),C,FCE,GGS_SL,10,1,Q,2022-Q3,21062,AUD,6,,
ABS:ANA_SFD(1.0.0),C,FCE,GGS_SL,10,1,Q,2022-Q4,21443,AUD,6,,
ABS:ANA_SFD(1.0.0),C,FCE,GGS_SL,10,1,Q,2023-Q1,21048,AUD,6,,
ABS:ANA_SFD(1.0.0),C,FCE,GGS_SL,10,1,Q,2023-Q2,24063,AUD,6,,
ABS:ANA_SFD(1.0.0),C,FCE,GGS_SL,10,1,Q,2023-Q3,21878,AUD,6,,
ABS:ANA_SFD(1.0.0),C,FCE,GGS_SL,10,1,Q,2023-Q4,22740,AUD,6,,
ABS:ANA_SFD(1.0.0),C,FCE,GGS_SL,10,1,Q,2024-Q1,21763,AUD,6,,
ABS:ANA_SFD(1.0.0),C,FCE,GGS_SL,10,1,Q,2024-Q2,24413,AUD,6,,
ABS:ANA_SFD(1.0.0),C,FCE,GGS_SL,10,1,Q,2024-Q3,22448,AUD,6,,
ABS:ANA_SFD(1.0.0),C,FCE,GGS_SL,10,1,Q,2024-Q4,23626,AUD,6,,
ABS:ANA_SFD(1.0.0),C,FCE,GGS_SL,10,1,Q,2025-Q1,22704,AUD,6,,
ABS:ANA_SFD(1.0.0),C,FCE,GGS_SL,10,1,Q,2025-Q2,26026,AUD,6,,
ABS:ANA_SFD(1.0.0),C,FCE,GGS_SL,10,1,Q,2025-Q3,24209,AUD,6,,
ABS:ANA_SFD(1.0.0),C,FCE,GGS_SL,10,1,Q,2025-Q4,25233,AUD,6,,
ABS:ANA_SFD(1.0.0),C,FCE,GGS_SL,10,1,Q,2026-Q1,23587,AUD,6,,
ABS:ANA_SFD(1.0.0),C,FCE,GGS_SL,10,1,Q,2026-Q2,27146,AUD,6,,
ABS:ANA_SFD(1.0.0),C,GFC,GES_SL,10,7,Q,2010-Q1,37,AUD,6,,
ABS:ANA_SFD(1.0.0),C,GFC,GES_SL,10,7,Q,2010-Q2,181,AUD,6,,
ABS:ANA_SFD(1.0.0),C,GFC,GES_SL,10,7,Q,2010-Q3,84,AUD,6,,
ABS:ANA_SFD(1.0.0),C,GFC,GES_SL,10,7,Q,2010-Q4,97,AUD,6,,
ABS:ANA_SFD(1.0.0),C,GFC,GES_SL,10,7,Q,2011-Q1,64,AUD,6,,
ABS:ANA_SFD(1.0.0),C,GFC,GES_SL,10,7,Q,2011-Q2,105,AUD,6,,
ABS:ANA_SFD(1.0.0),C,GFC,GES_SL,10,7,Q,2011-Q3,44,AUD,6,,
ABS:ANA_SFD(1.0.0),C,GFC,GES_SL,10,7,Q,2011-Q4,71,AUD,6,,
ABS:ANA_SFD(1.0.0),C,GFC,GES_SL,10,7,Q,2012-Q1,59,AUD,6,,
ABS:ANA_SFD(1.0.0),C,GFC,GES_SL,10,7,Q,2012-Q2,96,AUD,6,,
ABS:ANA_SFD(1.0.0),C,GFC,GES_SL,10,7,Q,2012-Q3,50,AUD,6,,
ABS:ANA_SFD(1.0.0),C,GFC,GES_SL,10,7,Q,2012-Q4,88,AUD,6,,
ABS:ANA_SFD(1.0.0),C,GFC,GES_SL,10,7,Q,2013-Q1,59,AUD,6,,
ABS:ANA_SFD(1.0.0),C,GFC,GES_SL,10,7,Q,2013-Q2,177,AUD,6,,
ABS:ANA_SFD(1.0.0),C,GFC,GES_SL,10,7,Q,2013-Q3,74,AUD,6,,
ABS:ANA_SFD(1.0.0),C,GFC,GES_SL,10,7,Q,2013-Q4,47,AUD,6,,
ABS:ANA_SFD(1.0.0),C,GFC,GES_SL,10,7,Q,2014-Q1,44,AUD,6,,
ABS:ANA_SFD(1.0.0),C,GFC,GES_SL,10,7,Q,2014-Q2,77,AUD,6,,
ABS:ANA_SFD(1.0.0),C,GFC,GES_SL,10,7,Q,2014-Q3,52,AUD,6,,
ABS:ANA_SFD(1.0.0),C,GFC,GES_SL,10,7,Q,2014-Q4,57,AUD,6,,
ABS:ANA_SFD(1.0.0),C,GFC,GES_SL,10,7,Q,2015-Q1,64,AUD,6,,
ABS:ANA_SFD(1.0.0),C,GFC,GES_SL,10,7,Q,2015-Q2,73,AUD,6,,
ABS:ANA_SFD(1.0.0),C,GFC,GES_SL,10,7,Q,2015-Q3,53,AUD,6,,
ABS:ANA_SFD(1.0.0),C,GFC,GES_SL,10,7,Q,2015-Q4,54,AUD,6,,
ABS:ANA_SFD(1.0.0),C,GFC,GES_SL,10,7,Q,2016-Q1,60,AUD,6,,
ABS:ANA_SFD(1.0.0),C,GFC,GES_SL,10,7,Q,2016-Q2,85,AUD,6,,
ABS:ANA_SFD(1.0.0),C,GFC,GES_SL,10,7,Q,2016-Q3,51,AUD,6,,
ABS:ANA_SFD(1.0.0),C,GFC,GES_SL,10,7,Q,2016-Q4,48,AUD,6,,
ABS:ANA_SFD(1.0.0),C,GFC,GES_SL,10,7,Q,2017-Q1,85,AUD,6,,
ABS:ANA_SFD(1.0.0),C,GFC,GES_SL,10,7,Q,2017-Q2,46,AUD,6,,
ABS:ANA_SFD(1.0.0),C,GFC,GES_SL,10,7,Q,2017-Q3,43,AUD,6,,
ABS:ANA_SFD(1.0.0),C,GFC,GES_SL,10,7,Q,2017-Q4,68,AUD,6,,
ABS:ANA_SFD(1.0.0),C,GFC,GES_SL,10,7,Q,2018-Q1,59,AUD,6,,
ABS:ANA_SFD(1.0.0),C,GFC,GES_SL,10,7,Q,2018-Q2,79,AUD,6,,
ABS:ANA_SFD(1.0.0),C,GFC,GES_SL,10,7,Q,2018-Q3,42,AUD,6,,
ABS:ANA_SFD(1.0.0),C,GFC,GES_SL,10,7,Q,2018-Q4,56,AUD,6,,
ABS:ANA_SFD(1.0.0),C,GFC,GES_SL,10,7,Q,2019-Q1,37,AUD,6,,
ABS:ANA_SFD(1.0.0),C,GFC,GES_SL,10,7,Q,2019-Q2,63,AUD,6,,
ABS:ANA_SFD(1.0.0),C,GFC,GES_SL,10,7,Q,2019-Q3,31,AUD,6,,
ABS:ANA_SFD(1.0.0),C,GFC,GES_SL,10,7,Q,2019-Q4,43,AUD,6,,
ABS:ANA_SFD(1.0.0),C,GFC,GES_SL,10,7,Q,2020-Q1,32,AUD,6,,
ABS:ANA_SFD(1.0.0),C,GFC,GES_SL,10,7,Q,2020-Q2,39,AUD,6,,
ABS:ANA_SFD(1.0.0),C,GFC,GES_SL,10,7,Q,2020-Q3,32,AUD,6,,
ABS:ANA_SFD(1.0.0),C,GFC,GES_SL,10,7,Q,2020-Q4,35,AUD,6,,
ABS:ANA_SFD(1.0.0),C,GFC,GES_SL,10,7,Q,2021-Q1,45,AUD,6,,
ABS:ANA_SFD(1.0.0),C,GFC,GES_SL,10,7,Q,2021-Q2,77,AUD,6,,
ABS:ANA_SFD(1.0.0),C,GFC,GES_SL,10,7,Q,2021-Q3,56,AUD,6,,
ABS:ANA_SFD(1.0.0),C,GFC,GES_SL,10,7,Q,2021-Q4,39,AUD,6,,
ABS:ANA_SFD(1.0.0),C,GFC,GES_SL,10,7,Q,2022-Q1,42,AUD,6,,
ABS:ANA_SFD(1.0.0),C,GFC,GES_SL,10,7,Q,2022-Q2,89,AUD,6,,
ABS:ANA_SFD(1.0.0),C,GFC,GES_SL,10,7,Q,2022-Q3,63,AUD,6,,
ABS:ANA_SFD(1.0.0),C,GFC,GES_SL,10,7,Q,2022-Q4,56,AUD,6,,
ABS:ANA_SFD(1.0.0),C,GFC,GES_SL,10,7,Q,2023-Q1,60,AUD,6,,
ABS:ANA_SFD(1.0.0),C,GFC,GES_SL,10,7,Q,2023-Q2,88,AUD,6,,
ABS:ANA_SFD(1.0.0),C,GFC,GES_SL,10,7,Q,2023-Q3,67,AUD,6,,
ABS:ANA_SFD(1.0.0),C,GFC,GES_SL,10,7,Q,2023-Q4,86,AUD,6,,
ABS:ANA_SFD(1.0.0),C,GFC,GES_SL,10,7,Q,2024-Q1,72,AUD,6,,
ABS:ANA_SFD(1.0.0),C,GFC,GES_SL,10,7,Q,2024-Q2,136,AUD,6,,
ABS:ANA_SFD(1.0.0),C,GFC,GES_SL,10,7,Q,2024-Q3,90,AUD,6,,
ABS:ANA_SFD(1.0.0),C,GFC,GES_SL,10,7,Q,2024-Q4,108,AUD,6,,
ABS:ANA_SFD(1.0.0),C,GFC,GES_SL,10,7,Q,2025-Q1,88,AUD,6,,
ABS:ANA_SFD(1.0.0),C,GFC,GES_SL,10,7,Q,2025-Q2,118,AUD,6,,
ABS:ANA_SFD(1.0.0),C,GFC,GES_SL,10,7,Q,2025-Q3,95,AUD,6,,
ABS:ANA_SFD(1.0.0),C,GFC,GES_SL,10,7,Q,2025-Q4,100,AUD,6,,
ABS:ANA_SFD(1.0.0),C,GFC,GES_SL,10,7,Q,2026-Q1,101,AUD,6,,
ABS:ANA_SFD(1.0.0),C,GFC,GES_SL,10,7,Q,2026-Q2,145,AUD,6,,
ABS:ANA_SFD(1.0.0),C,GFC,GGC,10,6,Q,2010-Q1,89,AUD,6,,
ABS:ANA_SFD(1.0.0),C,GFC,GGC,10,6,Q,2010-Q2,166,AUD,6,,
ABS:ANA_SFD(1.0.0),C,GFC,GGC,10,6,Q,2010-Q3,75,AUD,6,,
ABS:ANA_SFD(1.0.0),C,GFC,GGC,10,6,Q,2010-Q4,101,AUD,6,,
ABS:ANA_SFD(1.0.0),C,GFC,GGC,10,6,Q,2011-Q1,83,AUD,6,,
ABS:ANA_SFD(1.0.0),C,GFC,GGC,10,6,Q,2011-Q2,131,AUD,6,,
ABS:ANA_SFD(1.0.0),C,GFC,GGC,10,6,Q,2011-Q3,81,AUD,6,,
ABS:ANA_SFD(1.0.0),C,GFC,GGC,10,6,Q,2011-Q4,105,AUD,6,,
ABS:ANA_SFD(1.0.0),C,GFC,GGC,10,6,Q,2012-Q1,79,AUD,6,,
ABS:ANA_SFD(1.0.0),C,GFC,GGC,10,6,Q,2012-Q2,162,AUD,6,,
ABS:ANA_SFD(1.0.0),C,GFC,GGC,10,6,Q,2012-Q3,74,AUD,6,,
ABS:ANA_SFD(1.0.0),C,GFC,GGC,10,6,Q,2012-Q4,124,AUD,6,,
ABS:ANA_SFD(1.0.0),C,GFC,GGC,10,6,Q,2013-Q1,81,AUD,6,,
ABS:ANA_SFD(1.0.0),C,GFC,GGC,10,6,Q,2013-Q2,93,AUD,6,,
ABS:ANA_SFD(1.0.0),C,GFC,GGC,10,6,Q,2013-Q3,79,AUD,6,,
ABS:ANA_SFD(1.0.0),C,GFC,GGC,10,6,Q,2013-Q4,115,AUD,6,,
ABS:ANA_SFD(1.0.0),C,GFC,GGC,10,6,Q,2014-Q1,66,AUD,6,,
ABS:ANA_SFD(1.0.0),C,GFC,GGC,10,6,Q,2014-Q2,110,AUD,6,,
ABS:ANA_SFD(1.0.0),C,GFC,GGC,10,6,Q,2014-Q3,122,AUD,6,,
ABS:ANA_SFD(1.0.0),C,GFC,GGC,10,6,Q,2014-Q4,115,AUD,6,,
ABS:ANA_SFD(1.0.0),C,GFC,GGC,10,6,Q,2015-Q1,94,AUD,6,,
ABS:ANA_SFD(1.0.0),C,GFC,GGC,10,6,Q,2015-Q2,135,AUD,6,,
ABS:ANA_SFD(1.0.0),C,GFC,GGC,10,6,Q,2015-Q3,90,AUD,6,,
ABS:ANA_SFD(1.0.0),C,GFC,GGC,10,6,Q,2015-Q4,109,AUD,6,,
ABS:ANA_SFD(1.0.0),C,GFC,GGC,10,6,Q,2016-Q1,93,AUD,6,,
ABS:ANA_SFD(1.0.0),C,GFC,GGC,10,6,Q,2016-Q2,128,AUD,6,,
ABS:ANA_SFD(1.0.0),C,GFC,GGC,10,6,Q,2016-Q3,85,AUD,6,,
ABS:ANA_SFD(1.0.0),C,GFC,GGC,10,6,Q,2016-Q4,120,AUD,6,,
ABS:ANA_SFD(1.0.0),C,GFC,GGC,10,6,Q,2017-Q1,102,AUD,6,,
ABS:ANA_SFD(1.0.0),C,GFC,GGC,10,6,Q,2017-Q2,123,AUD,6,,
ABS:ANA_SFD(1.0.0),C,GFC,GGC,10,6,Q,2017-Q3,104,AUD,6,,
ABS:ANA_SFD(1.0.0),C,GFC,GGC,10,6,Q,2017-Q4,-12,AUD,6,,
ABS:ANA_SFD(1.0.0),C,GFC,GGC,10,6,Q,2018-Q1,96,AUD,6,,
ABS:ANA_SFD(1.0.0),C,GFC,GGC,10,6,Q,2018-Q2,135,AUD,6,,
ABS:ANA_SFD(1.0.0),C,GFC,GGC,10,6,Q,2018-Q3,118,AUD,6,,
ABS:ANA_SFD(1.0.0),C,GFC,GGC,10,6,Q,2018-Q4,129,AUD,6,,
ABS:ANA_SFD(1.0.0),C,GFC,GGC,10,6,Q,2019-Q1,114,AUD,6,,
ABS:ANA_SFD(1.0.0),C,GFC,GGC,10,6,Q,2019-Q2,170,AUD,6,,
ABS:ANA_SFD(1.0.0),C,GFC,GGC,10,6,Q,2019-Q3,122,AUD,6,,
ABS:ANA_SFD(1.0.0),C,GFC,GGC,10,6,Q,2019-Q4,138,AUD,6,,
ABS:ANA_SFD(1.0.0),C,GFC,GGC,10,6,Q,2020-Q1,127,AUD,6,,
ABS:ANA_SFD(1.0.0),C,GFC,GGC,10,6,Q,2020-Q2,158,AUD,6,,
ABS:ANA_SFD(1.0.0),C,GFC,GGC,10,6,Q,2020-Q3,119,AUD,6,,
ABS:ANA_SFD(1.0.0),C,GFC,GGC,10,6,Q,2020-Q4,147,AUD,6,,
ABS:ANA_SFD(1.0.0),C,GFC,GGC,10,6,Q,2021-Q1,123,AUD,6,,
ABS:ANA_SFD(1.0.0),C,GFC,GGC,10,6,Q,2021-Q2,177,AUD,6,,
ABS:ANA_SFD(1.0.0),C,GFC,GGC,10,6,Q,2021-Q3,159,AUD,6,,
ABS:ANA_SFD(1.0.0),C,GFC,GGC,10,6,Q,2021-Q4,181,AUD,6,,
ABS:ANA_SFD(1.0.0),C,GFC,GGC,10,6,Q,2022-Q1,123,AUD,6,,
ABS:ANA_SFD(1.0.0),C,GFC,GGC,10,6,Q,2022-Q2,190,AUD,6,,
ABS:ANA_SFD(1.0.0),C,GFC,GGC,10,6,Q,2022-Q3,131,AUD,6,,
ABS:ANA_SFD(1.0.0),C,GFC,GGC,10,6,Q,2022-Q4,147,AUD,6,,
ABS:ANA_SFD(1.0.0),C,GFC,GGC,10,6,Q,2023-Q1,136,AUD,6,,
ABS:ANA_SFD(1.0.0),C,GFC,GGC,10,6,Q,2023-Q2,225,AUD,6,,
ABS:ANA_SFD(1.0.0),C,GFC,GGC,10,6,Q,2023-Q3,145,AUD,6,,
ABS:ANA_SFD(1.0.0),C,GFC,GGC,10,6,Q,2023-Q4,171,AUD,6,,
ABS:ANA_SFD(1.0.0),C,GFC,GGC,10,6,Q,2024-Q1,158,AUD,6,,
ABS:ANA_SFD(1.0.0),C,GFC,GGC,10,6,Q,2024-Q2,229,AUD,6,,
ABS:ANA_SFD(1.0.0),C,GFC,GGC,10,6,Q,2024-Q3,202,AUD,6,,
ABS:ANA_SFD(1.0.0),C,GFC,GGC,10,6,Q,2024-Q4,213,AUD,6,,
ABS:ANA_SFD(1.0.0),C,GFC,GGC,10,6,Q,2025-Q1,238,AUD,6,,
ABS:ANA_SFD(1.0.0),C,GFC,GGC,10,6,Q,2025-Q2,280,AUD,6,,
ABS:ANA_SFD(1.0.0),C,GFC,GGC,10,6,Q,2025-Q3,212,AUD,6,,
ABS:ANA_SFD(1.0.0),C,GFC,GGC,10,6,Q,2025-Q4,228,AUD,6,,
ABS:ANA_SFD(1.0.0),C,GFC,GGC,10,6,Q,2026-Q1,156,AUD,6,,
ABS:ANA_SFD(1.0.0),C,GFC,GGC,10,6,Q,2026-Q2,209,AUD,6,,
ABS:ANA_SFD(1.0.0),C,FCE,GGS_SL,10,3,Q,2010-Q1,7126,AUD,6,,
ABS:ANA_SFD(1.0.0),C,FCE,GGS_SL,10,3,Q,2010-Q2,7833,AUD,6,,
ABS:ANA_SFD(1.0.0),C,FCE,GGS_SL,10,3,Q,2010-Q3,7624,AUD,6,,
ABS:ANA_SFD(1.0.0),C,FCE,GGS_SL,10,3,Q,2010-Q4,8172,AUD,6,,
ABS:ANA_SFD(1.0.0),C,FCE,GGS_SL,10,3,Q,2011-Q1,8233,AUD,6,,
ABS:ANA_SFD(1.0.0),C,FCE,GGS_SL,10,3,Q,2011-Q2,8977,AUD,6,,
ABS:ANA_SFD(1.0.0),C,FCE,GGS_SL,10,3,Q,2011-Q3,8309,AUD,6,,
ABS:ANA_SFD(1.0.0),C,FCE,GGS_SL,10,3,Q,2011-Q4,8810,AUD,6,,
ABS:ANA_SFD(1.0.0),C,FCE,GGS_SL,10,3,Q,2012-Q1,8433,AUD,6,,
ABS:ANA_SFD(1.0.0),C,FCE,GGS_SL,10,3,Q,2012-Q2,9397,AUD,6,,
ABS:ANA_SFD(1.0.0),C,FCE,GGS_SL,10,3,Q,2012-Q3,8507,AUD,6,,
ABS:ANA_SFD(1.0.0),C,FCE,GGS_SL,10,3,Q,2012-Q4,8493,AUD,6,,
ABS:ANA_SFD(1.0.0),C,FCE,GGS_SL,10,3,Q,2013-Q1,8612,AUD,6,,
ABS:ANA_SFD(1.0.0),C,FCE,GGS_SL,10,3,Q,2013-Q2,9241,AUD,6,,
ABS:ANA_SFD(1.0.0),C,FCE,GGS_SL,10,3,Q,2013-Q3,8430,AUD,6,,
ABS:ANA_SFD(1.0.0),C,FCE,GGS_SL,10,3,Q,2013-Q4,8836,AUD,6,,
ABS:ANA_SFD(1.0.0),C,FCE,GGS_SL,10,3,Q,2014-Q1,8228,AUD,6,,
ABS:ANA_SFD(1.0.0),C,FCE,GGS_SL,10,3,Q,2014-Q2,9116,AUD,6,,
ABS:ANA_SFD(1.0.0),C,FCE,GGS_SL,10,3,Q,2014-Q3,8596,AUD,6,,
ABS:ANA_SFD(1.0.0),C,FCE,GGS_SL,10,3,Q,2014-Q4,8903,AUD,6,,
ABS:ANA_SFD(1.0.0),C,FCE,GGS_SL,10,3,Q,2015-Q1,8917,AUD,6,,
ABS:ANA_SFD(1.0.0),C,FCE,GGS_SL,10,3,Q,2015-Q2,9658,AUD,6,,
ABS:ANA_SFD(1.0.0),C,FCE,GGS_SL,10,3,Q,2015-Q3,9139,AUD,6,,
ABS:ANA_SFD(1.0.0),C,FCE,GGS_SL,10,3,Q,2015-Q4,9275,AUD,6,,
ABS:ANA_SFD(1.0.0),C,FCE,GGS_SL,10,3,Q,2016-Q1,9382,AUD,6,,
ABS:ANA_SFD(1.0.0),C,FCE,GGS_SL,10,3,Q,2016-Q2,10214,AUD,6,,
ABS:ANA_SFD(1.0.0),C,FCE,GGS_SL,10,3,Q,2016-Q3,9702,AUD,6,,
ABS:ANA_SFD(1.0.0),C,FCE,GGS_SL,10,3,Q,2016-Q4,10001,AUD,6,,
ABS:ANA_SFD(1.0.0),C,FCE,GGS_SL,10,3,Q,2017-Q1,10043,AUD,6,,
ABS:ANA_SFD(1.0.0),C,FCE,GGS_SL,10,3,Q,2017-Q2,10919,AUD,6,,
ABS:ANA_SFD(1.0.0),C,FCE,GGS_SL,10,3,Q,2017-Q3,10363,AUD,6,,
ABS:ANA_SFD(1.0.0),C,FCE,GGS_SL,10,3,Q,2017-Q4,10707,AUD,6,,
ABS:ANA_SFD(1.0.0),C,FCE,GGS_SL,10,3,Q,2018-Q1,10754,AUD,6,,
ABS:ANA_SFD(1.0.0),C,FCE,GGS_SL,10,3,Q,2018-Q2,11547,AUD,6,,
ABS:ANA_SFD(1.0.0),C,FCE,GGS_SL,10,3,Q,2018-Q3,10703,AUD,6,,
ABS:ANA_SFD(1.0.0),C,FCE,GGS_SL,10,3,Q,2018-Q4,11202,AUD,6,,
ABS:ANA_SFD(1.0.0),C,FCE,GGS_SL,10,3,Q,2019-Q1,10963,AUD,6,,
ABS:ANA_SFD(1.0.0),C,FCE,GGS_SL,10,3,Q,2019-Q2,12514,AUD,6,,
ABS:ANA_SFD(1.0.0),C,FCE,GGS_SL,10,3,Q,2019-Q3,11628,AUD,6,,
ABS:ANA_SFD(1.0.0),C,FCE,GGS_SL,10,3,Q,2019-Q4,11750,AUD,6,,
ABS:ANA_SFD(1.0.0),C,FCE,GGS_SL,10,3,Q,2020-Q1,11913,AUD,6,,
ABS:ANA_SFD(1.0.0),C,FCE,GGS_SL,10,3,Q,2020-Q2,13532,AUD,6,,
ABS:ANA_SFD(1.0.0),C,FCE,GGS_SL,10,3,Q,2020-Q3,12237,AUD,6,,
ABS:ANA_SFD(1.0.0),C,FCE,GGS_SL,10,3,Q,2020-Q4,11787,AUD,6,,
ABS:ANA_SFD(1.0.0),C,FCE,GGS_SL,10,3,Q,2021-Q1,11771,AUD,6,,
ABS:ANA_SFD(1.0.0),C,FCE,GGS_SL,10,3,Q,2021-Q2,13176,AUD,6,,
ABS:ANA_SFD(1.0.0),C,FCE,GGS_SL,10,3,Q,2021-Q3,12969,AUD,6,,
ABS:ANA_SFD(1.0.0),C,FCE,GGS_SL,10,3,Q,2021-Q4,12929,AUD,6,,
ABS:ANA_SFD(1.0.0),C,FCE,GGS_SL,10,3,Q,2022-Q1,13274,AUD,6,,
ABS:ANA_SFD(1.0.0),C,FCE,GGS_SL,10,3,Q,2022-Q2,14513,AUD,6,,
ABS:ANA_SFD(1.0.0),C,FCE,GGS_SL,10,3,Q,2022-Q3,14222,AUD,6,,
ABS:ANA_SFD(1.0.0),C,FCE,GGS_SL,10,3,Q,2022-Q4,14386,AUD,6,,
ABS:ANA_SFD(1.0.0),C,FCE,GGS_SL,10,3,Q,2023-Q1,14231,AUD,6,,
ABS:ANA_SFD(1.0.0),C,FCE,GGS_SL,10,3,Q,2023-Q2,16106,AUD,6,,
ABS:ANA_SFD(1.0.0),C,FCE,GGS_SL,10,3,Q,2023-Q3,15996,AUD,6,,
ABS:ANA_SFD(1.0.0),C,FCE,GGS_SL,10,3,Q,2023-Q4,16254,AUD,6,,
ABS:ANA_SFD(1.0.0),C,FCE,GGS_SL,10,3,Q,2024-Q1,16462,AUD,6,,
ABS:ANA_SFD(1.0.0),C,FCE,GGS_SL,10,3,Q,2024-Q2,18129,AUD,6,,
ABS:ANA_SFD(1.0.0),C,FCE,GGS_SL,10,3,Q,2024-Q3,18611,AUD,6,,
ABS:ANA_SFD(1.0.0),C,FCE,GGS_SL,10,3,Q,2024-Q4,18110,AUD,6,,
ABS:ANA_SFD(1.0.0),C,FCE,GGS_SL,10,3,Q,2025-Q1,17700,AUD,6,,
ABS:ANA_SFD(1.0.0),C,FCE,GGS_SL,10,3,Q,2025-Q2,18946,AUD,6,,
ABS:ANA_SFD(1.0.0),C,FCE,GGS_SL,10,3,Q,2025-Q3,18583,AUD,6,,
ABS:ANA_SFD(1.0.0),C,FCE,GGS_SL,10,3,Q,2025-Q4,18627,AUD,6,,
ABS:ANA_SFD(1.0.0),C,FCE,GGS_SL,10,3,Q,2026-Q1,18276,AUD,6,,
ABS:ANA_SFD(1.0.0),C,FCE,GGS_SL,10,3,Q,2026-Q2,20338,AUD,6,,
ABS:ANA_SFD(1.0.0),C,GFC,GGS_SL,10,4,Q,2010-Q1,668,AUD,6,,
ABS:ANA_SFD(1.0.0),C,GFC,GGS_SL,10,4,Q,2010-Q2,814,AUD,6,,
ABS:ANA_SFD(1.0.0),C,GFC,GGS_SL,10,4,Q,2010-Q3,683,AUD,6,,
ABS:ANA_SFD(1.0.0),C,GFC,GGS_SL,10,4,Q,2010-Q4,661,AUD,6,,
ABS:ANA_SFD(1.0.0),C,GFC,GGS_SL,10,4,Q,2011-Q1,661,AUD,6,,
ABS:ANA_SFD(1.0.0),C,GFC,GGS_SL,10,4,Q,2011-Q2,689,AUD,6,,
ABS:ANA_SFD(1.0.0),C,GFC,GGS_SL,10,4,Q,2011-Q3,535,AUD,6,,
ABS:ANA_SFD(1.0.0),C,GFC,GGS_SL,10,4,Q,2011-Q4,601,AUD,6,,
ABS:ANA_SFD(1.0.0),C,GFC,GGS_SL,10,4,Q,2012-Q1,621,AUD,6,,
ABS:ANA_SFD(1.0.0),C,GFC,GGS_SL,10,4,Q,2012-Q2,790,AUD,6,,
ABS:ANA_SFD(1.0.0),C,GFC,GGS_SL,10,4,Q,2012-Q3,482,AUD,6,,
ABS:ANA_SFD(1.0.0),C,GFC,GGS_SL,10,4,Q,2012-Q4,535,AUD,6,,
ABS:ANA_SFD(1.0.0),C,GFC,GGS_SL,10,4,Q,2013-Q1,688,AUD,6,,
ABS:ANA_SFD(1.0.0),C,GFC,GGS_SL,10,4,Q,2013-Q2,954,AUD,6,,
ABS:ANA_SFD(1.0.0),C,GFC,GGS_SL,10,4,Q,2013-Q3,557,AUD,6,,
ABS:ANA_SFD(1.0.0),C,GFC,GGS_SL,10,4,Q,2013-Q4,629,AUD,6,,
ABS:ANA_SFD(1.0.0),C,GFC,GGS_SL,10,4,Q,2014-Q1,570,AUD,6,,
ABS:ANA_SFD(1.0.0),C,GFC,GGS_SL,10,4,Q,2014-Q2,699,AUD,6,,
ABS:ANA_SFD(1.0.0),C,GFC,GGS_SL,10,4,Q,2014-Q3,442,AUD,6,,
ABS:ANA_SFD(1.0.0),C,GFC,GGS_SL,10,4,Q,2014-Q4,362,AUD,6,,
ABS:ANA_SFD(1.0.0),C,GFC,GGS_SL,10,4,Q,2015-Q1,390,AUD,6,,
ABS:ANA_SFD(1.0.0),C,GFC,GGS_SL,10,4,Q,2015-Q2,556,AUD,6,,
ABS:ANA_SFD(1.0.0),C,GFC,GGS_SL,10,4,Q,2015-Q3,354,AUD,6,,
ABS:ANA_SFD(1.0.0),C,GFC,GGS_SL,10,4,Q,2015-Q4,440,AUD,6,,
ABS:ANA_SFD(1.0.0),C,GFC,GGS_SL,10,4,Q,2016-Q1,446,AUD,6,,
ABS:ANA_SFD(1.0.0),C,GFC,GGS_SL,10,4,Q,2016-Q2,732,AUD,6,,
ABS:ANA_SFD(1.0.0),C,GFC,GGS_SL,10,4,Q,2016-Q3,385,AUD,6,,
ABS:ANA_SFD(1.0.0),C,GFC,GGS_SL,10,4,Q,2016-Q4,534,AUD,6,,
ABS:ANA_SFD(1.0.0),C,GFC,GGS_SL,10,4,Q,2017-Q1,43,AUD,6,,
ABS:ANA_SFD(1.0.0),C,GFC,GGS_SL,10,4,Q,2017-Q2,3482,AUD,6,,
ABS:ANA_SFD(1.0.0),C,GFC,GGS_SL,10,4,Q,2017-Q3,537,AUD,6,,
ABS:ANA_SFD(1.0.0),C,GFC,GGS_SL,10,4,Q,2017-Q4,636,AUD,6,,
ABS:ANA_SFD(1.0.0),C,GFC,GGS_SL,10,4,Q,2018-Q1,687,AUD,6,,
ABS:ANA_SFD(1.0.0),C,GFC,GGS_SL,10,4,Q,2018-Q2,866,AUD,6,,
ABS:ANA_SFD(1.0.0),C,GFC,GGS_SL,10,4,Q,2018-Q3,549,AUD,6,,
ABS:ANA_SFD(1.0.0),C,GFC,GGS_SL,10,4,Q,2018-Q4,959,AUD,6,,
ABS:ANA_SFD(1.0.0),C,GFC,GGS_SL,10,4,Q,2019-Q1,573,AUD,6,,
ABS:ANA_SFD(1.0.0),C,GFC,GGS_SL,10,4,Q,2019-Q2,730,AUD,6,,
ABS:ANA_SFD(1.0.0),C,GFC,GGS_SL,10,4,Q,2019-Q3,514,AUD,6,,
ABS:ANA_SFD(1.0.0),C,GFC,GGS_SL,10,4,Q,2019-Q4,1076,AUD,6,,
ABS:ANA_SFD(1.0.0),C,GFC,GGS_SL,10,4,Q,2020-Q1,586,AUD,6,,
ABS:ANA_SFD(1.0.0),C,GFC,GGS_SL,10,4,Q,2020-Q2,965,AUD,6,,
ABS:ANA_SFD(1.0.0),C,GFC,GGS_SL,10,4,Q,2020-Q3,591,AUD,6,,
ABS:ANA_SFD(1.0.0),C,GFC,GGS_SL,10,4,Q,2020-Q4,858,AUD,6,,
ABS:ANA_SFD(1.0.0),C,GFC,GGS_SL,10,4,Q,2021-Q1,837,AUD,6,,
ABS:ANA_SFD(1.0.0),C,GFC,GGS_SL,10,4,Q,2021-Q2,1466,AUD,6,,
ABS:ANA_SFD(1.0.0),C,GFC,GGS_SL,10,4,Q,2021-Q3,760,AUD,6,,
ABS:ANA_SFD(1.0.0),C,GFC,GGS_SL,10,4,Q,2021-Q4,1023,AUD,6,,
ABS:ANA_SFD(1.0.0),C,GFC,GGS_SL,10,4,Q,2022-Q1,888,AUD,6,,
ABS:ANA_SFD(1.0.0),C,GFC,GGS_SL,10,4,Q,2022-Q2,1164,AUD,6,,
ABS:ANA_SFD(1.0.0),C,GFC,GGS_SL,10,4,Q,2022-Q3,576,AUD,6,,
ABS:ANA_SFD(1.0.0),C,GFC,GGS_SL,10,4,Q,2022-Q4,789,AUD,6,,
ABS:ANA_SFD(1.0.0),C,GFC,GGS_SL,10,4,Q,2023-Q1,724,AUD,6,,
ABS:ANA_SFD(1.0.0),C,GFC,GGS_SL,10,4,Q,2023-Q2,1236,AUD,6,,
ABS:ANA_SFD(1.0.0),C,GFC,GGS_SL,10,4,Q,2023-Q3,795,AUD,6,,
ABS:ANA_SFD(1.0.0),C,GFC,GGS_SL,10,4,Q,2023-Q4,1134,AUD,6,,
ABS:ANA_SFD(1.0.0),C,GFC,GGS_SL,10,4,Q,2024-Q1,968,AUD,6,,
ABS:ANA_SFD(1.0.0),C,GFC,GGS_SL,10,4,Q,2024-Q2,1509,AUD,6,,
ABS:ANA_SFD(1.0.0),C,GFC,GGS_SL,10,4,Q,2024-Q3,918,AUD,6,,
ABS:ANA_SFD(1.0.0),C,GFC,GGS_SL,10,4,Q,2024-Q4,1343,AUD,6,,
ABS:ANA_SFD(1.0.0),C,GFC,GGS_SL,10,4,Q,2025-Q1,1229,AUD,6,,
ABS:ANA_SFD(1.0.0),C,GFC,GGS_SL,10,4,Q,2025-Q2,1935,AUD,6,,
ABS:ANA_SFD(1.0.0),C,GFC,GGS_SL,10,4,Q,2025-Q3,1206,AUD,6,,
ABS:ANA_SFD(1.0.0),C,GFC,GGS_SL,10,4,Q,2025-Q4,1682,AUD,6,,
ABS:ANA_SFD(1.0.0),C,GFC,GGS_SL,10,4,Q,2026-Q1,1532,AUD,6,,
ABS:ANA_SFD(1.0.0),C,GFC,GGS_SL,10,4,Q,2026-Q2,2247,AUD,6,,
ABS:ANA_SFD(1.0.0),C,FCE,GGS_SL,10,2,Q,2010-Q1,8711,AUD,6,,
ABS:ANA_SFD(1.0.0),C,FCE,GGS_SL,10,2,Q,2010-Q2,9818,AUD,6,,
ABS:ANA_SFD(1.0.0),C,FCE,GGS_SL,10,2,Q,2010-Q3,8631,AUD,6,,
ABS:ANA_SFD(1.0.0),C,FCE,GGS_SL,10,2,Q,2010-Q4,9407,AUD,6,,
ABS:ANA_SFD(1.0.0),C,FCE,GGS_SL,10,2,Q,2011-Q1,9258,AUD,6,,
ABS:ANA_SFD(1.0.0),C,FCE,GGS_SL,10,2,Q,2011-Q2,10037,AUD,6,,
ABS:ANA_SFD(1.0.0),C,FCE,GGS_SL,10,2,Q,2011-Q3,9422,AUD,6,,
ABS:ANA_SFD(1.0.0),C,FCE,GGS_SL,10,2,Q,2011-Q4,9772,AUD,6,,
ABS:ANA_SFD(1.0.0),C,FCE,GGS_SL,10,2,Q,2012-Q1,9563,AUD,6,,
ABS:ANA_SFD(1.0.0),C,FCE,GGS_SL,10,2,Q,2012-Q2,10591,AUD,6,,
ABS:ANA_SFD(1.0.0),C,FCE,GGS_SL,10,2,Q,2012-Q3,9558,AUD,6,,
ABS:ANA_SFD(1.0.0),C,FCE,GGS_SL,10,2,Q,2012-Q4,9509,AUD,6,,
ABS:ANA_SFD(1.0.0),C,FCE,GGS_SL,10,2,Q,2013-Q1,9714,AUD,6,,
ABS:ANA_SFD(1.0.0),C,FCE,GGS_SL,10,2,Q,2013-Q2,11062,AUD,6,,
ABS:ANA_SFD(1.0.0),C,FCE,GGS_SL,10,2,Q,2013-Q3,10138,AUD,6,,
ABS:ANA_SFD(1.0.0),C,FCE,GGS_SL,10,2,Q,2013-Q4,10332,AUD,6,,
ABS:ANA_SFD(1.0.0),C,FCE,GGS_SL,10,2,Q,2014-Q1,10024,AUD,6,,
ABS:ANA_SFD(1.0.0),C,FCE,GGS_SL,10,2,Q,2014-Q2,10946,AUD,6,,
ABS:ANA_SFD(1.0.0),C,FCE,GGS_SL,10,2,Q,2014-Q3,10210,AUD,6,,
ABS:ANA_SFD(1.0.0),C,FCE,GGS_SL,10,2,Q,2014-Q4,10922,AUD,6,,
ABS:ANA_SFD(1.0.0),C,FCE,GGS_SL,10,2,Q,2015-Q1,10456,AUD,6,,
ABS:ANA_SFD(1.0.0),C,FCE,GGS_SL,10,2,Q,2015-Q2,11593,AUD,6,,
ABS:ANA_SFD(1.0.0),C,FCE,GGS_SL,10,2,Q,2015-Q3,10758,AUD,6,,
ABS:ANA_SFD(1.0.0),C,FCE,GGS_SL,10,2,Q,2015-Q4,11271,AUD,6,,
ABS:ANA_SFD(1.0.0),C,FCE,GGS_SL,10,2,Q,2016-Q1,10914,AUD,6,,
ABS:ANA_SFD(1.0.0),C,FCE,GGS_SL,10,2,Q,2016-Q2,12405,AUD,6,,
ABS:ANA_SFD(1.0.0),C,FCE,GGS_SL,10,2,Q,2016-Q3,11564,AUD,6,,
ABS:ANA_SFD(1.0.0),C,FCE,GGS_SL,10,2,Q,2016-Q4,11953,AUD,6,,
ABS:ANA_SFD(1.0.0),C,FCE,GGS_SL,10,2,Q,2017-Q1,11782,AUD,6,,
ABS:ANA_SFD(1.0.0),C,FCE,GGS_SL,10,2,Q,2017-Q2,13510,AUD,6,,
ABS:ANA_SFD(1.0.0),C,FCE,GGS_SL,10,2,Q,2017-Q3,12466,AUD,6,,
ABS:ANA_SFD(1.0.0),C,FCE,GGS_SL,10,2,Q,2017-Q4,12780,AUD,6,,
ABS:ANA_SFD(1.0.0),C,FCE,GGS_SL,10,2,Q,2018-Q1,12552,AUD,6,,
ABS:ANA_SFD(1.0.0),C,FCE,GGS_SL,10,2,Q,2018-Q2,14516,AUD,6,,
ABS:ANA_SFD(1.0.0),C,FCE,GGS_SL,10,2,Q,2018-Q3,13147,AUD,6,,
ABS:ANA_SFD(1.0.0),C,FCE,GGS_SL,10,2,Q,2018-Q4,13539,AUD,6,,
ABS:ANA_SFD(1.0.0),C,FCE,GGS_SL,10,2,Q,2019-Q1,13602,AUD,6,,
ABS:ANA_SFD(1.0.0),C,FCE,GGS_SL,10,2,Q,2019-Q2,16195,AUD,6,,
ABS:ANA_SFD(1.0.0),C,FCE,GGS_SL,10,2,Q,2019-Q3,14592,AUD,6,,
ABS:ANA_SFD(1.0.0),C,FCE,GGS_SL,10,2,Q,2019-Q4,14649,AUD,6,,
ABS:ANA_SFD(1.0.0),C,FCE,GGS_SL,10,2,Q,2020-Q1,14979,AUD,6,,
ABS:ANA_SFD(1.0.0),C,FCE,GGS_SL,10,2,Q,2020-Q2,17323,AUD,6,,
ABS:ANA_SFD(1.0.0),C,FCE,GGS_SL,10,2,Q,2020-Q3,16267,AUD,6,,
ABS:ANA_SFD(1.0.0),C,FCE,GGS_SL,10,2,Q,2020-Q4,16510,AUD,6,,
ABS:ANA_SFD(1.0.0),C,FCE,GGS_SL,10,2,Q,2021-Q1,16390,AUD,6,,
ABS:ANA_SFD(1.0.0),C,FCE,GGS_SL,10,2,Q,2021-Q2,19128,AUD,6,,
ABS:ANA_SFD(1.0.0),C,FCE,GGS_SL,10,2,Q,2021-Q3,17500,AUD,6,,
ABS:ANA_SFD(1.0.0),C,FCE,GGS_SL,10,2,Q,2021-Q4,18283,AUD,6,,
ABS:ANA_SFD(1.0.0),C,FCE,GGS_SL,10,2,Q,2022-Q1,18371,AUD,6,,
ABS:ANA_SFD(1.0.0),C,FCE,GGS_SL,10,2,Q,2022-Q2,20394,AUD,6,,
ABS:ANA_SFD(1.0.0),C,FCE,GGS_SL,10,2,Q,2022-Q3,18525,AUD,6,,
ABS:ANA_SFD(1.0.0),C,FCE,GGS_SL,10,2,Q,2022-Q4,19000,AUD,6,,
ABS:ANA_SFD(1.0.0),C,FCE,GGS_SL,10,2,Q,2023-Q1,18648,AUD,6,,
ABS:ANA_SFD(1.0.0),C,FCE,GGS_SL,10,2,Q,2023-Q2,21202,AUD,6,,
ABS:ANA_SFD(1.0.0),C,FCE,GGS_SL,10,2,Q,2023-Q3,19428,AUD,6,,
ABS:ANA_SFD(1.0.0),C,FCE,GGS_SL,10,2,Q,2023-Q4,19759,AUD,6,,
ABS:ANA_SFD(1.0.0),C,FCE,GGS_SL,10,2,Q,2024-Q1,19592,AUD,6,,
ABS:ANA_SFD(1.0.0),C,FCE,GGS_SL,10,2,Q,2024-Q2,22559,AUD,6,,
ABS:ANA_SFD(1.0.0),C,FCE,GGS_SL,10,2,Q,2024-Q3,20816,AUD,6,,
ABS:ANA_SFD(1.0.0),C,FCE,GGS_SL,10,2,Q,2024-Q4,21398,AUD,6,,
ABS:ANA_SFD(1.0.0),C,FCE,GGS_SL,10,2,Q,2025-Q1,20726,AUD,6,,
ABS:ANA_SFD(1.0.0),C,FCE,GGS_SL,10,2,Q,2025-Q2,23446,AUD,6,,
ABS:ANA_SFD(1.0.0),C,FCE,GGS_SL,10,2,Q,2025-Q3,21721,AUD,6,,
ABS:ANA_SFD(1.0.0),C,FCE,GGS_SL,10,2,Q,2025-Q4,22267,AUD,6,,
ABS:ANA_SFD(1.0.0),C,FCE,GGS_SL,10,2,Q,2026-Q1,21761,AUD,6,,
ABS:ANA_SFD(1.0.0),C,FCE,GGS_SL,10,2,Q,2026-Q2,25001,AUD,6,,
ABS:ANA_SFD(1.0.0),C,FCE,GGS,10,4,Q,2010-Q1,4091,AUD,6,,
ABS:ANA_SFD(1.0.0),C,FCE,GGS,10,4,Q,2010-Q2,4738,AUD,6,,
ABS:ANA_SFD(1.0.0),C,FCE,GGS,10,4,Q,2010-Q3,4308,AUD,6,,
ABS:ANA_SFD(1.0.0),C,FCE,GGS,10,4,Q,2010-Q4,4678,AUD,6,,
ABS:ANA_SFD(1.0.0),C,FCE,GGS,10,4,Q,2011-Q1,4341,AUD,6,,
ABS:ANA_SFD(1.0.0),C,FCE,GGS,10,4,Q,2011-Q2,4867,AUD,6,,
ABS:ANA_SFD(1.0.0),C,FCE,GGS,10,4,Q,2011-Q3,4711,AUD,6,,
ABS:ANA_SFD(1.0.0),C,FCE,GGS,10,4,Q,2011-Q4,4971,AUD,6,,
ABS:ANA_SFD(1.0.0),C,FCE,GGS,10,4,Q,2012-Q1,4450,AUD,6,,
ABS:ANA_SFD(1.0.0),C,FCE,GGS,10,4,Q,2012-Q2,5329,AUD,6,,
ABS:ANA_SFD(1.0.0),C,FCE,GGS,10,4,Q,2012-Q3,4914,AUD,6,,
ABS:ANA_SFD(1.0.0),C,FCE,GGS,10,4,Q,2012-Q4,5179,AUD,6,,
ABS:ANA_SFD(1.0.0),C,FCE,GGS,10,4,Q,2013-Q1,4716,AUD,6,,
ABS:ANA_SFD(1.0.0),C,FCE,GGS,10,4,Q,2013-Q2,5398,AUD,6,,
ABS:ANA_SFD(1.0.0),C,FCE,GGS,10,4,Q,2013-Q3,5090,AUD,6,,
ABS:ANA_SFD(1.0.0),C,FCE,GGS,10,4,Q,2013-Q4,5412,AUD,6,,
ABS:ANA_SFD(1.0.0),C,FCE,GGS,10,4,Q,2014-Q1,5033,AUD,6,,
ABS:ANA_SFD(1.0.0),C,FCE,GGS,10,4,Q,2014-Q2,5513,AUD,6,,
ABS:ANA_SFD(1.0.0),C,FCE,GGS,10,4,Q,2014-Q3,5296,AUD,6,,
ABS:ANA_SFD(1.0.0),C,FCE,GGS,10,4,Q,2014-Q4,5417,AUD,6,,
ABS:ANA_SFD(1.0.0),C,FCE,GGS,10,4,Q,2015-Q1,5207,AUD,6,,
ABS:ANA_SFD(1.0.0),C,FCE,GGS,10,4,Q,2015-Q2,5730,AUD,6,,
ABS:ANA_SFD(1.0.0),C,FCE,GGS,10,4,Q,2015-Q3,5420,AUD,6,,
ABS:ANA_SFD(1.0.0),C,FCE,GGS,10,4,Q,2015-Q4,5639,AUD,6,,
ABS:ANA_SFD(1.0.0),C,FCE,GGS,10,4,Q,2016-Q1,5459,AUD,6,,
ABS:ANA_SFD(1.0.0),C,FCE,GGS,10,4,Q,2016-Q2,6141,AUD,6,,
ABS:ANA_SFD(1.0.0),C,FCE,GGS,10,4,Q,2016-Q3,5848,AUD,6,,
ABS:ANA_SFD(1.0.0),C,FCE,GGS,10,4,Q,2016-Q4,5884,AUD,6,,
ABS:ANA_SFD(1.0.0),C,FCE,GGS,10,4,Q,2017-Q1,5830,AUD,6,,
ABS:ANA_SFD(1.0.0),C,FCE,GGS,10,4,Q,2017-Q2,6446,AUD,6,,
ABS:ANA_SFD(1.0.0),C,FCE,GGS,10,4,Q,2017-Q3,6096,AUD,6,,
ABS:ANA_SFD(1.0.0),C,FCE,GGS,10,4,Q,2017-Q4,6358,AUD,6,,
ABS:ANA_SFD(1.0.0),C,FCE,GGS,10,4,Q,2018-Q1,6172,AUD,6,,
ABS:ANA_SFD(1.0.0),C,FCE,GGS,10,4,Q,2018-Q2,6694,AUD,6,,
ABS:ANA_SFD(1.0.0),C,FCE,GGS,10,4,Q,2018-Q3,6490,AUD,6,,
ABS:ANA_SFD(1.0.0),C,FCE,GGS,10,4,Q,2018-Q4,6683,AUD,6,,
ABS:ANA_SFD(1.0.0),C,FCE,GGS,10,4,Q,2019-Q1,6479,AUD,6,,
ABS:ANA_SFD(1.0.0),C,FCE,GGS,10,4,Q,2019-Q2,7202,AUD,6,,
ABS:ANA_SFD(1.0.0),C,FCE,GGS,10,4,Q,2019-Q3,6871,AUD,6,,
ABS:ANA_SFD(1.0.0),C,FCE,GGS,10,4,Q,2019-Q4,7180,AUD,6,,
ABS:ANA_SFD(1.0.0),C,FCE,GGS,10,4,Q,2020-Q1,7219,AUD,6,,
ABS:ANA_SFD(1.0.0),C,FCE,GGS,10,4,Q,2020-Q2,7344,AUD,6,,
ABS:ANA_SFD(1.0.0),C,FCE,GGS,10,4,Q,2020-Q3,7492,AUD,6,,
ABS:ANA_SFD(1.0.0),C,FCE,GGS,10,4,Q,2020-Q4,7578,AUD,6,,
ABS:ANA_SFD(1.0.0),C,FCE,GGS,10,4,Q,2021-Q1,7569,AUD,6,,
ABS:ANA_SFD(1.0.0),C,FCE,GGS,10,4,Q,2021-Q2,7888,AUD,6,,
ABS:ANA_SFD(1.0.0),C,FCE,GGS,10,4,Q,2021-Q3,7994,AUD,6,,
ABS:ANA_SFD(1.0.0),C,FCE,GGS,10,4,Q,2021-Q4,8290,AUD,6,,
ABS:ANA_SFD(1.0.0),C,FCE,GGS,10,4,Q,2022-Q1,8374,AUD,6,,
ABS:ANA_SFD(1.0.0),C,FCE,GGS,10,4,Q,2022-Q2,8777,AUD,6,,
ABS:ANA_SFD(1.0.0),C,FCE,GGS,10,4,Q,2022-Q3,8588,AUD,6,,
ABS:ANA_SFD(1.0.0),C,FCE,GGS,10,4,Q,2022-Q4,8828,AUD,6,,
ABS:ANA_SFD(1.0.0),C,FCE,GGS,10,4,Q,2023-Q1,8799,AUD,6,,
ABS:ANA_SFD(1.0.0),C,FCE,GGS,10,4,Q,2023-Q2,9041,AUD,6,,
ABS:ANA_SFD(1.0.0),C,FCE,GGS,10,4,Q,2023-Q3,9141,AUD,6,,
ABS:ANA_SFD(1.0.0),C,FCE,GGS,10,4,Q,2023-Q4,9525,AUD,6,,
ABS:ANA_SFD(1.0.0),C,FCE,GGS,10,4,Q,2024-Q1,9468,AUD,6,,
ABS:ANA_SFD(1.0.0),C,FCE,GGS,10,4,Q,2024-Q2,9885,AUD,6,,
ABS:ANA_SFD(1.0.0),C,FCE,GGS,10,4,Q,2024-Q3,9935,AUD,6,,
ABS:ANA_SFD(1.0.0),C,FCE,GGS,10,4,Q,2024-Q4,10296,AUD,6,,
ABS:ANA_SFD(1.0.0),C,FCE,GGS,10,4,Q,2025-Q1,10243,AUD,6,,
ABS:ANA_SFD(1.0.0),C,FCE,GGS,10,4,Q,2025-Q2,10686,AUD,6,,
ABS:ANA_SFD(1.0.0),C,FCE,GGS,10,4,Q,2025-Q3,10741,AUD,6,,
ABS:ANA_SFD(1.0.0),C,FCE,GGS,10,4,Q,2025-Q4,11241,AUD,6,,
ABS:ANA_SFD(1.0.0),C,FCE,GGS,10,4,Q,2026-Q1,11096,AUD,6,,
ABS:ANA_SFD(1.0.0),C,FCE,GGS,10,4,Q,2026-Q2,11260,AUD,6,,
ABS:ANA_SFD(1.0.0),C,FCE,GGS,10,5,Q,2010-Q1,5976,AUD,6,,
ABS:ANA_SFD(1.0.0),C,FCE,GGS,10,5,Q,2010-Q2,7161,AUD,6,,
ABS:ANA_SFD(1.0.0),C,FCE,GGS,10,5,Q,2010-Q3,6585,AUD,6,,
ABS:ANA_SFD(1.0.0),C,FCE,GGS,10,5,Q,2010-Q4,6976,AUD,6,,
ABS:ANA_SFD(1.0.0),C,FCE,GGS,10,5,Q,2011-Q1,6497,AUD,6,,
ABS:ANA_SFD(1.0.0),C,FCE,GGS,10,5,Q,2011-Q2,7943,AUD,6,,
ABS:ANA_SFD(1.0.0),C,FCE,GGS,10,5,Q,2011-Q3,7345,AUD,6,,
ABS:ANA_SFD(1.0.0),C,FCE,GGS,10,5,Q,2011-Q4,7792,AUD,6,,
ABS:ANA_SFD(1.0.0),C,FCE,GGS,10,5,Q,2012-Q1,7179,AUD,6,,
ABS:ANA_SFD(1.0.0),C,FCE,GGS,10,5,Q,2012-Q2,8531,AUD,6,,
ABS:ANA_SFD(1.0.0),C,FCE,GGS,10,5,Q,2012-Q3,7762,AUD,6,,
ABS:ANA_SFD(1.0.0),C,FCE,GGS,10,5,Q,2012-Q4,8083,AUD,6,,
ABS:ANA_SFD(1.0.0),C,FCE,GGS,10,5,Q,2013-Q1,7495,AUD,6,,
ABS:ANA_SFD(1.0.0),C,FCE,GGS,10,5,Q,2013-Q2,8820,AUD,6,,
ABS:ANA_SFD(1.0.0),C,FCE,GGS,10,5,Q,2013-Q3,8348,AUD,6,,
ABS:ANA_SFD(1.0.0),C,FCE,GGS,10,5,Q,2013-Q4,8804,AUD,6,,
ABS:ANA_SFD(1.0.0),C,FCE,GGS,10,5,Q,2014-Q1,8051,AUD,6,,
ABS:ANA_SFD(1.0.0),C,FCE,GGS,10,5,Q,2014-Q2,9200,AUD,6,,
ABS:ANA_SFD(1.0.0),C,FCE,GGS,10,5,Q,2014-Q3,8590,AUD,6,,
ABS:ANA_SFD(1.0.0),C,FCE,GGS,10,5,Q,2014-Q4,9139,AUD,6,,
ABS:ANA_SFD(1.0.0),C,FCE,GGS,10,5,Q,2015-Q1,8332,AUD,6,,
ABS:ANA_SFD(1.0.0),C,FCE,GGS,10,5,Q,2015-Q2,9590,AUD,6,,
ABS:ANA_SFD(1.0.0),C,FCE,GGS,10,5,Q,2015-Q3,9025,AUD,6,,
ABS:ANA_SFD(1.0.0),C,FCE,GGS,10,5,Q,2015-Q4,9454,AUD,6,,
ABS:ANA_SFD(1.0.0),C,FCE,GGS,10,5,Q,2016-Q1,8871,AUD,6,,
ABS:ANA_SFD(1.0.0),C,FCE,GGS,10,5,Q,2016-Q2,10187,AUD,6,,
ABS:ANA_SFD(1.0.0),C,FCE,GGS,10,5,Q,2016-Q3,9554,AUD,6,,
ABS:ANA_SFD(1.0.0),C,FCE,GGS,10,5,Q,2016-Q4,9740,AUD,6,,
ABS:ANA_SFD(1.0.0),C,FCE,GGS,10,5,Q,2017-Q1,9109,AUD,6,,
ABS:ANA_SFD(1.0.0),C,FCE,GGS,10,5,Q,2017-Q2,10526,AUD,6,,
ABS:ANA_SFD(1.0.0),C,FCE,GGS,10,5,Q,2017-Q3,9661,AUD,6,,
ABS:ANA_SFD(1.0.0),C,FCE,GGS,10,5,Q,2017-Q4,10152,AUD,6,,
ABS:ANA_SFD(1.0.0),C,FCE,GGS,10,5,Q,2018-Q1,9434,AUD,6,,
ABS:ANA_SFD(1.0.0),C,FCE,GGS,10,5,Q,2018-Q2,10512,AUD,6,,
ABS:ANA_SFD(1.0.0),C,FCE,GGS,10,5,Q,2018-Q3,9992,AUD,6,,
ABS:ANA_SFD(1.0.0),C,FCE,GGS,10,5,Q,2018-Q4,10431,AUD,6,,
ABS:ANA_SFD(1.0.0),C,FCE,GGS,10,5,Q,2019-Q1,9764,AUD,6,,
ABS:ANA_SFD(1.0.0),C,FCE,GGS,10,5,Q,2019-Q2,11055,AUD,6,,
ABS:ANA_SFD(1.0.0),C,FCE,GGS,10,5,Q,2019-Q3,10824,AUD,6,,
ABS:ANA_SFD(1.0.0),C,FCE,GGS,10,5,Q,2019-Q4,11304,AUD,6,,
ABS:ANA_SFD(1.0.0),C,FCE,GGS,10,5,Q,2020-Q1,10803,AUD,6,,
ABS:ANA_SFD(1.0.0),C,FCE,GGS,10,5,Q,2020-Q2,11843,AUD,6,,
ABS:ANA_SFD(1.0.0),C,FCE,GGS,10,5,Q,2020-Q3,11517,AUD,6,,
ABS:ANA_SFD(1.0.0),C,FCE,GGS,10,5,Q,2020-Q4,12283,AUD,6,,
ABS:ANA_SFD(1.0.0),C,FCE,GGS,10,5,Q,2021-Q1,11960,AUD,6,,
ABS:ANA_SFD(1.0.0),C,FCE,GGS,10,5,Q,2021-Q2,12398,AUD,6,,
ABS:ANA_SFD(1.0.0),C,FCE,GGS,10,5,Q,2021-Q3,12356,AUD,6,,
ABS:ANA_SFD(1.0.0),C,FCE,GGS,10,5,Q,2021-Q4,12931,AUD,6,,
ABS:ANA_SFD(1.0.0),C,FCE,GGS,10,5,Q,2022-Q1,13034,AUD,6,,
ABS:ANA_SFD(1.0.0),C,FCE,GGS,10,5,Q,2022-Q2,13637,AUD,6,,
ABS:ANA_SFD(1.0.0),C,FCE,GGS,10,5,Q,2022-Q3,13942,AUD,6,,
ABS:ANA_SFD(1.0.0),C,FCE,GGS,10,5,Q,2022-Q4,13999,AUD,6,,
ABS:ANA_SFD(1.0.0),C,FCE,GGS,10,5,Q,2023-Q1,14070,AUD,6,,
ABS:ANA_SFD(1.0.0),C,FCE,GGS,10,5,Q,2023-Q2,14527,AUD,6,,
ABS:ANA_SFD(1.0.0),C,FCE,GGS,10,5,Q,2023-Q3,14842,AUD,6,,
ABS:ANA_SFD(1.0.0),C,FCE,GGS,10,5,Q,2023-Q4,15369,AUD,6,,
ABS:ANA_SFD(1.0.0),C,FCE,GGS,10,5,Q,2024-Q1,15501,AUD,6,,
ABS:ANA_SFD(1.0.0),C,FCE,GGS,10,5,Q,2024-Q2,15870,AUD,6,,
ABS:ANA_SFD(1.0.0),C,FCE,GGS,10,5,Q,2024-Q3,16344,AUD,6,,
ABS:ANA_SFD(1.0.0),C,FCE,GGS,10,5,Q,2024-Q4,16821,AUD,6,,
ABS:ANA_SFD(1.0.0),C,FCE,GGS,10,5,Q,2025-Q1,16874,AUD,6,,
ABS:ANA_SFD(1.0.0),C,FCE,GGS,10,5,Q,2025-Q2,17485,AUD,6,,
ABS:ANA_SFD(1.0.0),C,FCE,GGS,10,5,Q,2025-Q3,17738,AUD,6,,
ABS:ANA_SFD(1.0.0),C,FCE,GGS,10,5,Q,2025-Q4,18529,AUD,6,,
ABS:ANA_SFD(1.0.0),C,FCE,GGS,10,5,Q,2026-Q1,18040,AUD,6,,
ABS:ANA_SFD(1.0.0),C,FCE,GGS,10,5,Q,2026-Q2,18799,AUD,6,,
ABS:ANA_SFD(1.0.0),C,FCE,GGS,10,8,Q,2010-Q1,4027,AUD,6,,
ABS:ANA_SFD(1.0.0),C,FCE,GGS,10,8,Q,2010-Q2,5349,AUD,6,,
ABS:ANA_SFD(1.0.0),C,FCE,GGS,10,8,Q,2010-Q3,4363,AUD,6,,
ABS:ANA_SFD(1.0.0),C,FCE,GGS,10,8,Q,2010-Q4,4486,AUD,6,,
ABS:ANA_SFD(1.0.0),C,FCE,GGS,10,8,Q,2011-Q1,4948,AUD,6,,
ABS:ANA_SFD(1.0.0),C,FCE,GGS,10,8,Q,2011-Q2,5490,AUD,6,,
ABS:ANA_SFD(1.0.0),C,FCE,GGS,10,8,Q,2011-Q3,5405,AUD,6,,
ABS:ANA_SFD(1.0.0),C,FCE,GGS,10,8,Q,2011-Q4,5625,AUD,6,,
ABS:ANA_SFD(1.0.0),C,FCE,GGS,10,8,Q,2012-Q1,4871,AUD,6,,
ABS:ANA_SFD(1.0.0),C,FCE,GGS,10,8,Q,2012-Q2,5922,AUD,6,,
ABS:ANA_SFD(1.0.0),C,FCE,GGS,10,8,Q,2012-Q3,5185,AUD,6,,
ABS:ANA_SFD(1.0.0),C,FCE,GGS,10,8,Q,2012-Q4,5591,AUD,6,,
ABS:ANA_SFD(1.0.0),C,FCE,GGS,10,8,Q,2013-Q1,5583,AUD,6,,
ABS:ANA_SFD(1.0.0),C,FCE,GGS,10,8,Q,2013-Q2,6099,AUD,6,,
ABS:ANA_SFD(1.0.0),C,FCE,GGS,10,8,Q,2013-Q3,5798,AUD,6,,
ABS:ANA_SFD(1.0.0),C,FCE,GGS,10,8,Q,2013-Q4,5984,AUD,6,,
ABS:ANA_SFD(1.0.0),C,FCE,GGS,10,8,Q,2014-Q1,5389,AUD,6,,
ABS:ANA_SFD(1.0.0),C,FCE,GGS,10,8,Q,2014-Q2,5899,AUD,6,,
ABS:ANA_SFD(1.0.0),C,FCE,GGS,10,8,Q,2014-Q3,5610,AUD,6,,
ABS:ANA_SFD(1.0.0),C,FCE,GGS,10,8,Q,2014-Q4,5580,AUD,6,,
ABS:ANA_SFD(1.0.0),C,FCE,GGS,10,8,Q,2015-Q1,5656,AUD,6,,
ABS:ANA_SFD(1.0.0),C,FCE,GGS,10,8,Q,2015-Q2,6428,AUD,6,,
ABS:ANA_SFD(1.0.0),C,FCE,GGS,10,8,Q,2015-Q3,5988,AUD,6,,
ABS:ANA_SFD(1.0.0),C,FCE,GGS,10,8,Q,2015-Q4,6083,AUD,6,,
ABS:ANA_SFD(1.0.0),C,FCE,GGS,10,8,Q,2016-Q1,5874,AUD,6,,
ABS:ANA_SFD(1.0.0),C,FCE,GGS,10,8,Q,2016-Q2,6449,AUD,6,,
ABS:ANA_SFD(1.0.0),C,FCE,GGS,10,8,Q,2016-Q3,6195,AUD,6,,
ABS:ANA_SFD(1.0.0),C,FCE,GGS,10,8,Q,2016-Q4,6148,AUD,6,,
ABS:ANA_SFD(1.0.0),C,FCE,GGS,10,8,Q,2017-Q1,5979,AUD,6,,
ABS:ANA_SFD(1.0.0),C,FCE,GGS,10,8,Q,2017-Q2,7016,AUD,6,,
ABS:ANA_SFD(1.0.0),C,FCE,GGS,10,8,Q,2017-Q3,6208,AUD,6,,
ABS:ANA_SFD(1.0.0),C,FCE,GGS,10,8,Q,2017-Q4,6416,AUD,6,,
ABS:ANA_SFD(1.0.0),C,FCE,GGS,10,8,Q,2018-Q1,6063,AUD,6,,
ABS:ANA_SFD(1.0.0),C,FCE,GGS,10,8,Q,2018-Q2,7468,AUD,6,,
ABS:ANA_SFD(1.0.0),C,FCE,GGS,10,8,Q,2018-Q3,6782,AUD,6,,
ABS:ANA_SFD(1.0.0),C,FCE,GGS,10,8,Q,2018-Q4,7108,AUD,6,,
ABS:ANA_SFD(1.0.0),C,FCE,GGS,10,8,Q,2019-Q1,6741,AUD,6,,
ABS:ANA_SFD(1.0.0),C,FCE,GGS,10,8,Q,2019-Q2,8201,AUD,6,,
ABS:ANA_SFD(1.0.0),C,FCE,GGS,10,8,Q,2019-Q3,7267,AUD,6,,
ABS:ANA_SFD(1.0.0),C,FCE,GGS,10,8,Q,2019-Q4,7382,AUD,6,,
ABS:ANA_SFD(1.0.0),C,FCE,GGS,10,8,Q,2020-Q1,7460,AUD,6,,
ABS:ANA_SFD(1.0.0),C,FCE,GGS,10,8,Q,2020-Q2,9200,AUD,6,,
ABS:ANA_SFD(1.0.0),C,FCE,GGS,10,8,Q,2020-Q3,8237,AUD,6,,
ABS:ANA_SFD(1.0.0),C,FCE,GGS,10,8,Q,2020-Q4,8321,AUD,6,,
ABS:ANA_SFD(1.0.0),C,FCE,GGS,10,8,Q,2021-Q1,8090,AUD,6,,
ABS:ANA_SFD(1.0.0),C,FCE,GGS,10,8,Q,2021-Q2,9516,AUD,6,,
ABS:ANA_SFD(1.0.0),C,FCE,GGS,10,8,Q,2021-Q3,9142,AUD,6,,
ABS:ANA_SFD(1.0.0),C,FCE,GGS,10,8,Q,2021-Q4,9001,AUD,6,,
ABS:ANA_SFD(1.0.0),C,FCE,GGS,10,8,Q,2022-Q1,8943,AUD,6,,
ABS:ANA_SFD(1.0.0),C,FCE,GGS,10,8,Q,2022-Q2,10276,AUD,6,,
ABS:ANA_SFD(1.0.0),C,FCE,GGS,10,8,Q,2022-Q3,9290,AUD,6,,
ABS:ANA_SFD(1.0.0),C,FCE,GGS,10,8,Q,2022-Q4,9498,AUD,6,,
ABS:ANA_SFD(1.0.0),C,FCE,GGS,10,8,Q,2023-Q1,9201,AUD,6,,
ABS:ANA_SFD(1.0.0),C,FCE,GGS,10,8,Q,2023-Q2,10928,AUD,6,,
ABS:ANA_SFD(1.0.0),C,FCE,GGS,10,8,Q,2023-Q3,9694,AUD,6,,
ABS:ANA_SFD(1.0.0),C,FCE,GGS,10,8,Q,2023-Q4,9922,AUD,6,,
ABS:ANA_SFD(1.0.0),C,FCE,GGS,10,8,Q,2024-Q1,9983,AUD,6,,
ABS:ANA_SFD(1.0.0),C,FCE,GGS,10,8,Q,2024-Q2,12008,AUD,6,,
ABS:ANA_SFD(1.0.0),C,FCE,GGS,10,8,Q,2024-Q3,10885,AUD,6,,
ABS:ANA_SFD(1.0.0),C,FCE,GGS,10,8,Q,2024-Q4,11040,AUD,6,,
ABS:ANA_SFD(1.0.0),C,FCE,GGS,10,8,Q,2025-Q1,10778,AUD,6,,
ABS:ANA_SFD(1.0.0),C,FCE,GGS,10,8,Q,2025-Q2,12978,AUD,6,,
ABS:ANA_SFD(1.0.0),C,FCE,GGS,10,8,Q,2025-Q3,11893,AUD,6,,
ABS:ANA_SFD(1.0.0),C,FCE,GGS,10,8,Q,2025-Q4,11966,AUD,6,,
ABS:ANA_SFD(1.0.0),C,FCE,GGS,10,8,Q,2026-Q1,11375,AUD,6,,
ABS:ANA_SFD(1.0.0),C,FCE,GGS,10,8,Q,2026-Q2,13447,AUD,6,,
ABS:ANA_SFD(1.0.0),C,GFC,GEC,10,5,Q,2010-Q1,45,AUD,6,,
ABS:ANA_SFD(1.0.0),C,GFC,GEC,10,5,Q,2010-Q2,27,AUD,6,,
ABS:ANA_SFD(1.0.0),C,GFC,GEC,10,5,Q,2010-Q3,34,AUD,6,,
ABS:ANA_SFD(1.0.0),C,GFC,GEC,10,5,Q,2010-Q4,36,AUD,6,,
ABS:ANA_SFD(1.0.0),C,GFC,GEC,10,5,Q,2011-Q1,44,AUD,6,,
ABS:ANA_SFD(1.0.0),C,GFC,GEC,10,5,Q,2011-Q2,60,AUD,6,,
ABS:ANA_SFD(1.0.0),C,GFC,GEC,10,5,Q,2011-Q3,62,AUD,6,,
ABS:ANA_SFD(1.0.0),C,GFC,GEC,10,5,Q,2011-Q4,65,AUD,6,,
ABS:ANA_SFD(1.0.0),C,GFC,GEC,10,5,Q,2012-Q1,57,AUD,6,,
ABS:ANA_SFD(1.0.0),C,GFC,GEC,10,5,Q,2012-Q2,90,AUD,6,,
ABS:ANA_SFD(1.0.0),C,GFC,GEC,10,5,Q,2012-Q3,101,AUD,6,,
ABS:ANA_SFD(1.0.0),C,GFC,GEC,10,5,Q,2012-Q4,105,AUD,6,,
ABS:ANA_SFD(1.0.0),C,GFC,GEC,10,5,Q,2013-Q1,100,AUD,6,,
ABS:ANA_SFD(1.0.0),C,GFC,GEC,10,5,Q,2013-Q2,130,AUD,6,,
ABS:ANA_SFD(1.0.0),C,GFC,GEC,10,5,Q,2013-Q3,148,AUD,6,,
ABS:ANA_SFD(1.0.0),C,GFC,GEC,10,5,Q,2013-Q4,127,AUD,6,,
ABS:ANA_SFD(1.0.0),C,GFC,GEC,10,5,Q,2014-Q1,105,AUD,6,,
ABS:ANA_SFD(1.0.0),C,GFC,GEC,10,5,Q,2014-Q2,147,AUD,6,,
ABS:ANA_SFD(1.0.0),C,GFC,GEC,10,5,Q,2014-Q3,109,AUD,6,,
ABS:ANA_SFD(1.0.0),C,GFC,GEC,10,5,Q,2014-Q4,107,AUD,6,,
ABS:ANA_SFD(1.0.0),C,GFC,GEC,10,5,Q,2015-Q1,126,AUD,6,,
ABS:ANA_SFD(1.0.0),C,GFC,GEC,10,5,Q,2015-Q2,130,AUD,6,,
ABS:ANA_SFD(1.0.0),C,GFC,GEC,10,5,Q,2015-Q3,148,AUD,6,,
ABS:ANA_SFD(1.0.0),C,GFC,GEC,10,5,Q,2015-Q4,218,AUD,6,,
ABS:ANA_SFD(1.0.0),C,GFC,GEC,10,5,Q,2016-Q1,172,AUD,6,,
ABS:ANA_SFD(1.0.0),C,GFC,GEC,10,5,Q,2016-Q2,202,AUD,6,,
ABS:ANA_SFD(1.0.0),C,GFC,GEC,10,5,Q,2016-Q3,156,AUD,6,,
ABS:ANA_SFD(1.0.0),C,GFC,GEC,10,5,Q,2016-Q4,247,AUD,6,,
ABS:ANA_SFD(1.0.0),C,GFC,GEC,10,5,Q,2017-Q1,218,AUD,6,,
ABS:ANA_SFD(1.0.0),C,GFC,GEC,10,5,Q,2017-Q2,249,AUD,6,,
ABS:ANA_SFD(1.0.0),C,GFC,GEC,10,5,Q,2017-Q3,201,AUD,6,,
ABS:ANA_SFD(1.0.0),C,GFC,GEC,10,5,Q,2017-Q4,209,AUD,6,,
ABS:ANA_SFD(1.0.0),C,GFC,GEC,10,5,Q,2018-Q1,214,AUD,6,,
ABS:ANA_SFD(1.0.0),C,GFC,GEC,10,5,Q,2018-Q2,239,AUD,6,,
ABS:ANA_SFD(1.0.0),C,GFC,GEC,10,5,Q,2018-Q3,210,AUD,6,,
ABS:ANA_SFD(1.0.0),C,GFC,GEC,10,5,Q,2018-Q4,206,AUD,6,,
ABS:ANA_SFD(1.0.0),C,GFC,GEC,10,5,Q,2019-Q1,230,AUD,6,,
ABS:ANA_SFD(1.0.0),C,GFC,GEC,10,5,Q,2019-Q2,245,AUD,6,,
ABS:ANA_SFD(1.0.0),C,GFC,GEC,10,5,Q,2019-Q3,201,AUD,6,,
ABS:ANA_SFD(1.0.0),C,GFC,GEC,10,5,Q,2019-Q4,181,AUD,6,,
ABS:ANA_SFD(1.0.0),C,GFC,GEC,10,5,Q,2020-Q1,179,AUD,6,,
ABS:ANA_SFD(1.0.0),C,GFC,GEC,10,5,Q,2020-Q2,174,AUD,6,,
ABS:ANA_SFD(1.0.0),C,GFC,GEC,10,5,Q,2020-Q3,123,AUD,6,,
ABS:ANA_SFD(1.0.0),C,GFC,GEC,10,5,Q,2020-Q4,97,AUD,6,,
ABS:ANA_SFD(1.0.0),C,GFC,GEC,10,5,Q,2021-Q1,112,AUD,6,,
ABS:ANA_SFD(1.0.0),C,GFC,GEC,10,5,Q,2021-Q2,140,AUD,6,,
ABS:ANA_SFD(1.0.0),C,GFC,GEC,10,5,Q,2021-Q3,99,AUD,6,,
ABS:ANA_SFD(1.0.0),C,GFC,GEC,10,5,Q,2021-Q4,113,AUD,6,,
ABS:ANA_SFD(1.0.0),C,GFC,GEC,10,5,Q,2022-Q1,125,AUD,6,,
ABS:ANA_SFD(1.0.0),C,GFC,GEC,10,5,Q,2022-Q2,124,AUD,6,,
ABS:ANA_SFD(1.0.0),C,GFC,GEC,10,5,Q,2022-Q3,139,AUD,6,,
ABS:ANA_SFD(1.0.0),C,GFC,GEC,10,5,Q,2022-Q4,133,AUD,6,,
ABS:ANA_SFD(1.0.0),C,GFC,GEC,10,5,Q,2023-Q1,123,AUD,6,,
ABS:ANA_SFD(1.0.0),C,GFC,GEC,10,5,Q,2023-Q2,127,AUD,6,,
ABS:ANA_SFD(1.0.0),C,GFC,GEC,10,5,Q,2023-Q3,141,AUD,6,,
ABS:ANA_SFD(1.0.0),C,GFC,GEC,10,5,Q,2023-Q4,140,AUD,6,,
ABS:ANA_SFD(1.0.0),C,GFC,GEC,10,5,Q,2024-Q1,135,AUD,6,,
ABS:ANA_SFD(1.0.0),C,GFC,GEC,10,5,Q,2024-Q2,164,AUD,6,,
ABS:ANA_SFD(1.0.0),C,GFC,GEC,10,5,Q,2024-Q3,138,AUD,6,,
ABS:ANA_SFD(1.0.0),C,GFC,GEC,10,5,Q,2024-Q4,157,AUD,6,,
ABS:ANA_SFD(1.0.0),C,GFC,GEC,10,5,Q,2025-Q1,135,AUD,6,,
ABS:ANA_SFD(1.0.0),C,GFC,GEC,10,5,Q,2025-Q2,182,AUD,6,,
ABS:ANA_SFD(1.0.0),C,GFC,GEC,10,5,Q,2025-Q3,139,AUD,6,,
ABS:ANA_SFD(1.0.0),C,GFC,GEC,10,5,Q,2025-Q4,131,AUD,6,,
ABS:ANA_SFD(1.0.0),C,GFC,GEC,10,5,Q,2026-Q1,105,AUD,6,,
ABS:ANA_SFD(1.0.0),C,GFC,GEC,10,5,Q,2026-Q2,133,AUD,6,,
ABS:ANA_SFD(1.0.0),C,FCE,GGS,10,1,Q,2010-Q1,16853,AUD,6,,
ABS:ANA_SFD(1.0.0),C,FCE,GGS,10,1,Q,2010-Q2,19463,AUD,6,,
ABS:ANA_SFD(1.0.0),C,FCE,GGS,10,1,Q,2010-Q3,17909,AUD,6,,
ABS:ANA_SFD(1.0.0),C,FCE,GGS,10,1,Q,2010-Q4,18689,AUD,6,,
ABS:ANA_SFD(1.0.0),C,FCE,GGS,10,1,Q,2011-Q1,17807,AUD,6,,
ABS:ANA_SFD(1.0.0),C,FCE,GGS,10,1,Q,2011-Q2,21105,AUD,6,,
ABS:ANA_SFD(1.0.0),C,FCE,GGS,10,1,Q,2011-Q3,19042,AUD,6,,
ABS:ANA_SFD(1.0.0),C,FCE,GGS,10,1,Q,2011-Q4,19955,AUD,6,,
ABS:ANA_SFD(1.0.0),C,FCE,GGS,10,1,Q,2012-Q1,19101,AUD,6,,
ABS:ANA_SFD(1.0.0),C,FCE,GGS,10,1,Q,2012-Q2,21695,AUD,6,,
ABS:ANA_SFD(1.0.0),C,FCE,GGS,10,1,Q,2012-Q3,19722,AUD,6,,
ABS:ANA_SFD(1.0.0),C,FCE,GGS,10,1,Q,2012-Q4,21033,AUD,6,,
ABS:ANA_SFD(1.0.0),C,FCE,GGS,10,1,Q,2013-Q1,19171,AUD,6,,
ABS:ANA_SFD(1.0.0),C,FCE,GGS,10,1,Q,2013-Q2,22062,AUD,6,,
ABS:ANA_SFD(1.0.0),C,FCE,GGS,10,1,Q,2013-Q3,20043,AUD,6,,
ABS:ANA_SFD(1.0.0),C,FCE,GGS,10,1,Q,2013-Q4,21367,AUD,6,,
ABS:ANA_SFD(1.0.0),C,FCE,GGS,10,1,Q,2014-Q1,19915,AUD,6,,
ABS:ANA_SFD(1.0.0),C,FCE,GGS,10,1,Q,2014-Q2,23293,AUD,6,,
ABS:ANA_SFD(1.0.0),C,FCE,GGS,10,1,Q,2014-Q3,20912,AUD,6,,
ABS:ANA_SFD(1.0.0),C,FCE,GGS,10,1,Q,2014-Q4,22077,AUD,6,,
ABS:ANA_SFD(1.0.0),C,FCE,GGS,10,1,Q,2015-Q1,20564,AUD,6,,
ABS:ANA_SFD(1.0.0),C,FCE,GGS,10,1,Q,2015-Q2,24117,AUD,6,,
ABS:ANA_SFD(1.0.0),C,FCE,GGS,10,1,Q,2015-Q3,22215,AUD,6,,
ABS:ANA_SFD(1.0.0),C,FCE,GGS,10,1,Q,2015-Q4,23528,AUD,6,,
ABS:ANA_SFD(1.0.0),C,FCE,GGS,10,1,Q,2016-Q1,21894,AUD,6,,
ABS:ANA_SFD(1.0.0),C,FCE,GGS,10,1,Q,2016-Q2,25900,AUD,6,,
ABS:ANA_SFD(1.0.0),C,FCE,GGS,10,1,Q,2016-Q3,23534,AUD,6,,
ABS:ANA_SFD(1.0.0),C,FCE,GGS,10,1,Q,2016-Q4,24857,AUD,6,,
ABS:ANA_SFD(1.0.0),C,FCE,GGS,10,1,Q,2017-Q1,23115,AUD,6,,
ABS:ANA_SFD(1.0.0),C,FCE,GGS,10,1,Q,2017-Q2,27168,AUD,6,,
ABS:ANA_SFD(1.0.0),C,FCE,GGS,10,1,Q,2017-Q3,24285,AUD,6,,
ABS:ANA_SFD(1.0.0),C,FCE,GGS,10,1,Q,2017-Q4,26394,AUD,6,,
ABS:ANA_SFD(1.0.0),C,FCE,GGS,10,1,Q,2018-Q1,24692,AUD,6,,
ABS:ANA_SFD(1.0.0),C,FCE,GGS,10,1,Q,2018-Q2,28270,AUD,6,,
ABS:ANA_SFD(1.0.0),C,FCE,GGS,10,1,Q,2018-Q3,26341,AUD,6,,
ABS:ANA_SFD(1.0.0),C,FCE,GGS,10,1,Q,2018-Q4,28427,AUD,6,,
ABS:ANA_SFD(1.0.0),C,FCE,GGS,10,1,Q,2019-Q1,26086,AUD,6,,
ABS:ANA_SFD(1.0.0),C,FCE,GGS,10,1,Q,2019-Q2,30904,AUD,6,,
ABS:ANA_SFD(1.0.0),C,FCE,GGS,10,1,Q,2019-Q3,28837,AUD,6,,
ABS:ANA_SFD(1.0.0),C,FCE,GGS,10,1,Q,2019-Q4,31284,AUD,6,,
ABS:ANA_SFD(1.0.0),C,FCE,GGS,10,1,Q,2020-Q1,30046,AUD,6,,
ABS:ANA_SFD(1.0.0),C,FCE,GGS,10,1,Q,2020-Q2,32830,AUD,6,,
ABS:ANA_SFD(1.0.0),C,FCE,GGS,10,1,Q,2020-Q3,31437,AUD,6,,
ABS:ANA_SFD(1.0.0),C,FCE,GGS,10,1,Q,2020-Q4,33607,AUD,6,,
ABS:ANA_SFD(1.0.0),C,FCE,GGS,10,1,Q,2021-Q1,31884,AUD,6,,
ABS:ANA_SFD(1.0.0),C,FCE,GGS,10,1,Q,2021-Q2,34913,AUD,6,,
ABS:ANA_SFD(1.0.0),C,FCE,GGS,10,1,Q,2021-Q3,34982,AUD,6,,
ABS:ANA_SFD(1.0.0),C,FCE,GGS,10,1,Q,2021-Q4,37096,AUD,6,,
ABS:ANA_SFD(1.0.0),C,FCE,GGS,10,1,Q,2022-Q1,36329,AUD,6,,
ABS:ANA_SFD(1.0.0),C,FCE,GGS,10,1,Q,2022-Q2,39137,AUD,6,,
ABS:ANA_SFD(1.0.0),C,FCE,GGS,10,1,Q,2022-Q3,37760,AUD,6,,
ABS:ANA_SFD(1.0.0),C,FCE,GGS,10,1,Q,2022-Q4,39613,AUD,6,,
ABS:ANA_SFD(1.0.0),C,FCE,GGS,10,1,Q,2023-Q1,38377,AUD,6,,
ABS:ANA_SFD(1.0.0),C,FCE,GGS,10,1,Q,2023-Q2,41558,AUD,6,,
ABS:ANA_SFD(1.0.0),C,FCE,GGS,10,1,Q,2023-Q3,40285,AUD,6,,
ABS:ANA_SFD(1.0.0),C,FCE,GGS,10,1,Q,2023-Q4,42893,AUD,6,,
ABS:ANA_SFD(1.0.0),C,FCE,GGS,10,1,Q,2024-Q1,41098,AUD,6,,
ABS:ANA_SFD(1.0.0),C,FCE,GGS,10,1,Q,2024-Q2,43947,AUD,6,,
ABS:ANA_SFD(1.0.0),C,FCE,GGS,10,1,Q,2024-Q3,42526,AUD,6,,
ABS:ANA_SFD(1.0.0),C,FCE,GGS,10,1,Q,2024-Q4,45511,AUD,6,,
ABS:ANA_SFD(1.0.0),C,FCE,GGS,10,1,Q,2025-Q1,43538,AUD,6,,
ABS:ANA_SFD(1.0.0),C,FCE,GGS,10,1,Q,2025-Q2,47335,AUD,6,,
ABS:ANA_SFD(1.0.0),C,FCE,GGS,10,1,Q,2025-Q3,46253,AUD,6,,
ABS:ANA_SFD(1.0.0),C,FCE,GGS,10,1,Q,2025-Q4,49167,AUD,6,,
ABS:ANA_SFD(1.0.0),C,FCE,GGS,10,1,Q,2026-Q1,46098,AUD,6,,
ABS:ANA_SFD(1.0.0),C,FCE,GGS,10,1,Q,2026-Q2,49772,AUD,6,,
ABS:ANA_SFD(1.0.0),C,FCE,GGS_SL,10,5,Q,2010-Q1,4066,AUD,6,,
ABS:ANA_SFD(1.0.0),C,FCE,GGS_SL,10,5,Q,2010-Q2,4842,AUD,6,,
ABS:ANA_SFD(1.0.0),C,FCE,GGS_SL,10,5,Q,2010-Q3,4545,AUD,6,,
ABS:ANA_SFD(1.0.0),C,FCE,GGS_SL,10,5,Q,2010-Q4,4631,AUD,6,,
ABS:ANA_SFD(1.0.0),C,FCE,GGS_SL,10,5,Q,2011-Q1,4511,AUD,6,,
ABS:ANA_SFD(1.0.0),C,FCE,GGS_SL,10,5,Q,2011-Q2,5493,AUD,6,,
ABS:ANA_SFD(1.0.0),C,FCE,GGS_SL,10,5,Q,2011-Q3,5138,AUD,6,,
ABS:ANA_SFD(1.0.0),C,FCE,GGS_SL,10,5,Q,2011-Q4,5293,AUD,6,,
ABS:ANA_SFD(1.0.0),C,FCE,GGS_SL,10,5,Q,2012-Q1,5040,AUD,6,,
ABS:ANA_SFD(1.0.0),C,FCE,GGS_SL,10,5,Q,2012-Q2,5951,AUD,6,,
ABS:ANA_SFD(1.0.0),C,FCE,GGS_SL,10,5,Q,2012-Q3,5397,AUD,6,,
ABS:ANA_SFD(1.0.0),C,FCE,GGS_SL,10,5,Q,2012-Q4,5536,AUD,6,,
ABS:ANA_SFD(1.0.0),C,FCE,GGS_SL,10,5,Q,2013-Q1,5319,AUD,6,,
ABS:ANA_SFD(1.0.0),C,FCE,GGS_SL,10,5,Q,2013-Q2,6262,AUD,6,,
ABS:ANA_SFD(1.0.0),C,FCE,GGS_SL,10,5,Q,2013-Q3,5848,AUD,6,,
ABS:ANA_SFD(1.0.0),C,FCE,GGS_SL,10,5,Q,2013-Q4,6015,AUD,6,,
ABS:ANA_SFD(1.0.0),C,FCE,GGS_SL,10,5,Q,2014-Q1,5680,AUD,6,,
ABS:ANA_SFD(1.0.0),C,FCE,GGS_SL,10,5,Q,2014-Q2,6471,AUD,6,,
ABS:ANA_SFD(1.0.0),C,FCE,GGS_SL,10,5,Q,2014-Q3,5981,AUD,6,,
ABS:ANA_SFD(1.0.0),C,FCE,GGS_SL,10,5,Q,2014-Q4,6272,AUD,6,,
ABS:ANA_SFD(1.0.0),C,FCE,GGS_SL,10,5,Q,2015-Q1,5793,AUD,6,,
ABS:ANA_SFD(1.0.0),C,FCE,GGS_SL,10,5,Q,2015-Q2,6672,AUD,6,,
ABS:ANA_SFD(1.0.0),C,FCE,GGS_SL,10,5,Q,2015-Q3,6220,AUD,6,,
ABS:ANA_SFD(1.0.0),C,FCE,GGS_SL,10,5,Q,2015-Q4,6424,AUD,6,,
ABS:ANA_SFD(1.0.0),C,FCE,GGS_SL,10,5,Q,2016-Q1,6129,AUD,6,,
ABS:ANA_SFD(1.0.0),C,FCE,GGS_SL,10,5,Q,2016-Q2,6929,AUD,6,,
ABS:ANA_SFD(1.0.0),C,FCE,GGS_SL,10,5,Q,2016-Q3,6502,AUD,6,,
ABS:ANA_SFD(1.0.0),C,FCE,GGS_SL,10,5,Q,2016-Q4,6469,AUD,6,,
ABS:ANA_SFD(1.0.0),C,FCE,GGS_SL,10,5,Q,2017-Q1,6218,AUD,6,,
ABS:ANA_SFD(1.0.0),C,FCE,GGS_SL,10,5,Q,2017-Q2,7310,AUD,6,,
ABS:ANA_SFD(1.0.0),C,FCE,GGS_SL,10,5,Q,2017-Q3,6590,AUD,6,,
ABS:ANA_SFD(1.0.0),C,FCE,GGS_SL,10,5,Q,2017-Q4,6741,AUD,6,,
ABS:ANA_SFD(1.0.0),C,FCE,GGS_SL,10,5,Q,2018-Q1,6451,AUD,6,,
ABS:ANA_SFD(1.0.0),C,FCE,GGS_SL,10,5,Q,2018-Q2,7088,AUD,6,,
ABS:ANA_SFD(1.0.0),C,FCE,GGS_SL,10,5,Q,2018-Q3,6614,AUD,6,,
ABS:ANA_SFD(1.0.0),C,FCE,GGS_SL,10,5,Q,2018-Q4,6640,AUD,6,,
ABS:ANA_SFD(1.0.0),C,FCE,GGS_SL,10,5,Q,2019-Q1,6426,AUD,6,,
ABS:ANA_SFD(1.0.0),C,FCE,GGS_SL,10,5,Q,2019-Q2,7118,AUD,6,,
ABS:ANA_SFD(1.0.0),C,FCE,GGS_SL,10,5,Q,2019-Q3,6922,AUD,6,,
ABS:ANA_SFD(1.0.0),C,FCE,GGS_SL,10,5,Q,2019-Q4,6969,AUD,6,,
ABS:ANA_SFD(1.0.0),C,FCE,GGS_SL,10,5,Q,2020-Q1,6713,AUD,6,,
ABS:ANA_SFD(1.0.0),C,FCE,GGS_SL,10,5,Q,2020-Q2,7862,AUD,6,,
ABS:ANA_SFD(1.0.0),C,FCE,GGS_SL,10,5,Q,2020-Q3,7132,AUD,6,,
ABS:ANA_SFD(1.0.0),C,FCE,GGS_SL,10,5,Q,2020-Q4,7505,AUD,6,,
ABS:ANA_SFD(1.0.0),C,FCE,GGS_SL,10,5,Q,2021-Q1,7417,AUD,6,,
ABS:ANA_SFD(1.0.0),C,FCE,GGS_SL,10,5,Q,2021-Q2,7893,AUD,6,,
ABS:ANA_SFD(1.0.0),C,FCE,GGS_SL,10,5,Q,2021-Q3,7494,AUD,6,,
ABS:ANA_SFD(1.0.0),C,FCE,GGS_SL,10,5,Q,2021-Q4,7744,AUD,6,,
ABS:ANA_SFD(1.0.0),C,FCE,GGS_SL,10,5,Q,2022-Q1,7882,AUD,6,,
ABS:ANA_SFD(1.0.0),C,FCE,GGS_SL,10,5,Q,2022-Q2,8636,AUD,6,,
ABS:ANA_SFD(1.0.0),C,FCE,GGS_SL,10,5,Q,2022-Q3,8719,AUD,6,,
ABS:ANA_SFD(1.0.0),C,FCE,GGS_SL,10,5,Q,2022-Q4,8386,AUD,6,,
ABS:ANA_SFD(1.0.0),C,FCE,GGS_SL,10,5,Q,2023-Q1,8531,AUD,6,,
ABS:ANA_SFD(1.0.0),C,FCE,GGS_SL,10,5,Q,2023-Q2,9212,AUD,6,,
ABS:ANA_SFD(1.0.0),C,FCE,GGS_SL,10,5,Q,2023-Q3,8976,AUD,6,,
ABS:ANA_SFD(1.0.0),C,FCE,GGS_SL,10,5,Q,2023-Q4,9095,AUD,6,,
ABS:ANA_SFD(1.0.0),C,FCE,GGS_SL,10,5,Q,2024-Q1,9315,AUD,6,,
ABS:ANA_SFD(1.0.0),C,FCE,GGS_SL,10,5,Q,2024-Q2,9878,AUD,6,,
ABS:ANA_SFD(1.0.0),C,FCE,GGS_SL,10,5,Q,2024-Q3,9910,AUD,6,,
ABS:ANA_SFD(1.0.0),C,FCE,GGS_SL,10,5,Q,2024-Q4,9933,AUD,6,,
ABS:ANA_SFD(1.0.0),C,FCE,GGS_SL,10,5,Q,2025-Q1,10084,AUD,6,,
ABS:ANA_SFD(1.0.0),C,FCE,GGS_SL,10,5,Q,2025-Q2,10842,AUD,6,,
ABS:ANA_SFD(1.0.0),C,FCE,GGS_SL,10,5,Q,2025-Q3,10635,AUD,6,,
ABS:ANA_SFD(1.0.0),C,FCE,GGS_SL,10,5,Q,2025-Q4,10989,AUD,6,,
ABS:ANA_SFD(1.0.0),C,FCE,GGS_SL,10,5,Q,2026-Q1,10681,AUD,6,,
ABS:ANA_SFD(1.0.0),C,FCE,GGS_SL,10,5,Q,2026-Q2,11722,AUD,6,,
ABS:ANA_SFD(1.0.0),C,FCE,GGC,10,1,Q,2010-Q1,6586,AUD,6,,
ABS:ANA_SFD(1.0.0),C,FCE,GGC,10,1,Q,2010-Q2,7799,AUD,6,,
ABS:ANA_SFD(1.0.0),C,FCE,GGC,10,1,Q,2010-Q3,7198,AUD,6,,
ABS:ANA_SFD(1.0.0),C,FCE,GGC,10,1,Q,2010-Q4,7792,AUD,6,,
ABS:ANA_SFD(1.0.0),C,FCE,GGC,10,1,Q,2011-Q1,6922,AUD,6,,
ABS:ANA_SFD(1.0.0),C,FCE,GGC,10,1,Q,2011-Q2,8507,AUD,6,,
ABS:ANA_SFD(1.0.0),C,FCE,GGC,10,1,Q,2011-Q3,7820,AUD,6,,
ABS:ANA_SFD(1.0.0),C,FCE,GGC,10,1,Q,2011-Q4,8248,AUD,6,,
ABS:ANA_SFD(1.0.0),C,FCE,GGC,10,1,Q,2012-Q1,7346,AUD,6,,
ABS:ANA_SFD(1.0.0),C,FCE,GGC,10,1,Q,2012-Q2,9069,AUD,6,,
ABS:ANA_SFD(1.0.0),C,FCE,GGC,10,1,Q,2012-Q3,8065,AUD,6,,
ABS:ANA_SFD(1.0.0),C,FCE,GGC,10,1,Q,2012-Q4,8560,AUD,6,,
ABS:ANA_SFD(1.0.0),C,FCE,GGC,10,1,Q,2013-Q1,7605,AUD,6,,
ABS:ANA_SFD(1.0.0),C,FCE,GGC,10,1,Q,2013-Q2,8846,AUD,6,,
ABS:ANA_SFD(1.0.0),C,FCE,GGC,10,1,Q,2013-Q3,8272,AUD,6,,
ABS:ANA_SFD(1.0.0),C,FCE,GGC,10,1,Q,2013-Q4,9049,AUD,6,,
ABS:ANA_SFD(1.0.0),C,FCE,GGC,10,1,Q,2014-Q1,7752,AUD,6,,
ABS:ANA_SFD(1.0.0),C,FCE,GGC,10,1,Q,2014-Q2,9276,AUD,6,,
ABS:ANA_SFD(1.0.0),C,FCE,GGC,10,1,Q,2014-Q3,8503,AUD,6,,
ABS:ANA_SFD(1.0.0),C,FCE,GGC,10,1,Q,2014-Q4,9333,AUD,6,,
ABS:ANA_SFD(1.0.0),C,FCE,GGC,10,1,Q,2015-Q1,8205,AUD,6,,
ABS:ANA_SFD(1.0.0),C,FCE,GGC,10,1,Q,2015-Q2,10067,AUD,6,,
ABS:ANA_SFD(1.0.0),C,FCE,GGC,10,1,Q,2015-Q3,9302,AUD,6,,
ABS:ANA_SFD(1.0.0),C,FCE,GGC,10,1,Q,2015-Q4,10321,AUD,6,,
ABS:ANA_SFD(1.0.0),C,FCE,GGC,10,1,Q,2016-Q1,8925,AUD,6,,
ABS:ANA_SFD(1.0.0),C,FCE,GGC,10,1,Q,2016-Q2,11084,AUD,6,,
ABS:ANA_SFD(1.0.0),C,FCE,GGC,10,1,Q,2016-Q3,10079,AUD,6,,
ABS:ANA_SFD(1.0.0),C,FCE,GGC,10,1,Q,2016-Q4,10890,AUD,6,,
ABS:ANA_SFD(1.0.0),C,FCE,GGC,10,1,Q,2017-Q1,9466,AUD,6,,
ABS:ANA_SFD(1.0.0),C,FCE,GGC,10,1,Q,2017-Q2,11235,AUD,6,,
ABS:ANA_SFD(1.0.0),C,FCE,GGC,10,1,Q,2017-Q3,10249,AUD,6,,
ABS:ANA_SFD(1.0.0),C,FCE,GGC,10,1,Q,2017-Q4,11608,AUD,6,,
ABS:ANA_SFD(1.0.0),C,FCE,GGC,10,1,Q,2018-Q1,10069,AUD,6,,
ABS:ANA_SFD(1.0.0),C,FCE,GGC,10,1,Q,2018-Q2,11912,AUD,6,,
ABS:ANA_SFD(1.0.0),C,FCE,GGC,10,1,Q,2018-Q3,11179,AUD,6,,
ABS:ANA_SFD(1.0.0),C,FCE,GGC,10,1,Q,2018-Q4,12763,AUD,6,,
ABS:ANA_SFD(1.0.0),C,FCE,GGC,10,1,Q,2019-Q1,10895,AUD,6,,
ABS:ANA_SFD(1.0.0),C,FCE,GGC,10,1,Q,2019-Q2,13440,AUD,6,,
ABS:ANA_SFD(1.0.0),C,FCE,GGC,10,1,Q,2019-Q3,12736,AUD,6,,
ABS:ANA_SFD(1.0.0),C,FCE,GGC,10,1,Q,2019-Q4,14532,AUD,6,,
ABS:ANA_SFD(1.0.0),C,FCE,GGC,10,1,Q,2020-Q1,13367,AUD,6,,
ABS:ANA_SFD(1.0.0),C,FCE,GGC,10,1,Q,2020-Q2,13493,AUD,6,,
ABS:ANA_SFD(1.0.0),C,FCE,GGC,10,1,Q,2020-Q3,14257,AUD,6,,
ABS:ANA_SFD(1.0.0),C,FCE,GGC,10,1,Q,2020-Q4,15897,AUD,6,,
ABS:ANA_SFD(1.0.0),C,FCE,GGC,10,1,Q,2021-Q1,14697,AUD,6,,
ABS:ANA_SFD(1.0.0),C,FCE,GGC,10,1,Q,2021-Q2,15003,AUD,6,,
ABS:ANA_SFD(1.0.0),C,FCE,GGC,10,1,Q,2021-Q3,15737,AUD,6,,
ABS:ANA_SFD(1.0.0),C,FCE,GGC,10,1,Q,2021-Q4,16922,AUD,6,,
ABS:ANA_SFD(1.0.0),C,FCE,GGC,10,1,Q,2022-Q1,16596,AUD,6,,
ABS:ANA_SFD(1.0.0),C,FCE,GGC,10,1,Q,2022-Q2,16639,AUD,6,,
ABS:ANA_SFD(1.0.0),C,FCE,GGC,10,1,Q,2022-Q3,16699,AUD,6,,
ABS:ANA_SFD(1.0.0),C,FCE,GGC,10,1,Q,2022-Q4,18169,AUD,6,,
ABS:ANA_SFD(1.0.0),C,FCE,GGC,10,1,Q,2023-Q1,17328,AUD,6,,
ABS:ANA_SFD(1.0.0),C,FCE,GGC,10,1,Q,2023-Q2,17495,AUD,6,,
ABS:ANA_SFD(1.0.0),C,FCE,GGC,10,1,Q,2023-Q3,18407,AUD,6,,
ABS:ANA_SFD(1.0.0),C,FCE,GGC,10,1,Q,2023-Q4,20153,AUD,6,,
ABS:ANA_SFD(1.0.0),C,FCE,GGC,10,1,Q,2024-Q1,19335,AUD,6,,
ABS:ANA_SFD(1.0.0),C,FCE,GGC,10,1,Q,2024-Q2,19534,AUD,6,,
ABS:ANA_SFD(1.0.0),C,FCE,GGC,10,1,Q,2024-Q3,20078,AUD,6,,
ABS:ANA_SFD(1.0.0),C,FCE,GGC,10,1,Q,2024-Q4,21885,AUD,6,,
ABS:ANA_SFD(1.0.0),C,FCE,GGC,10,1,Q,2025-Q1,20835,AUD,6,,
ABS:ANA_SFD(1.0.0),C,FCE,GGC,10,1,Q,2025-Q2,21309,AUD,6,,
ABS:ANA_SFD(1.0.0),C,FCE,GGC,10,1,Q,2025-Q3,22043,AUD,6,,
ABS:ANA_SFD(1.0.0),C,FCE,GGC,10,1,Q,2025-Q4,23934,AUD,6,,
ABS:ANA_SFD(1.0.0),C,FCE,GGC,10,1,Q,2026-Q1,22511,AUD,6,,
ABS:ANA_SFD(1.0.0),C,FCE,GGC,10,1,Q,2026-Q2,22626,AUD,6,,
ABS:ANA_SFD(1.0.0),C,GFC,GES_SL,10,8,Q,2010-Q1,51,AUD,6,,
ABS:ANA_SFD(1.0.0),C,GFC,GES_SL,10,8,Q,2010-Q2,51,AUD,6,,
ABS:ANA_SFD(1.0.0),C,GFC,GES_SL,10,8,Q,2010-Q3,94,AUD,6,,
ABS:ANA_SFD(1.0.0),C,GFC,GES_SL,10,8,Q,2010-Q4,106,AUD,6,,
ABS:ANA_SFD(1.0.0),C,GFC,GES_SL,10,8,Q,2011-Q1,67,AUD,6,,
ABS:ANA_SFD(1.0.0),C,GFC,GES_SL,10,8,Q,2011-Q2,29,AUD,6,,
ABS:ANA_SFD(1.0.0),C,GFC,GES_SL,10,8,Q,2011-Q3,95,AUD,6,,
ABS:ANA_SFD(1.0.0),C,GFC,GES_SL,10,8,Q,2011-Q4,83,AUD,6,,
ABS:ANA_SFD(1.0.0),C,GFC,GES_SL,10,8,Q,2012-Q1,46,AUD,6,,
ABS:ANA_SFD(1.0.0),C,GFC,GES_SL,10,8,Q,2012-Q2,37,AUD,6,,
ABS:ANA_SFD(1.0.0),C,GFC,GES_SL,10,8,Q,2012-Q3,65,AUD,6,,
ABS:ANA_SFD(1.0.0),C,GFC,GES_SL,10,8,Q,2012-Q4,65,AUD,6,,
ABS:ANA_SFD(1.0.0),C,GFC,GES_SL,10,8,Q,2013-Q1,18,AUD,6,,
ABS:ANA_SFD(1.0.0),C,GFC,GES_SL,10,8,Q,2013-Q2,29,AUD,6,,
ABS:ANA_SFD(1.0.0),C,GFC,GES_SL,10,8,Q,2013-Q3,31,AUD,6,,
ABS:ANA_SFD(1.0.0),C,GFC,GES_SL,10,8,Q,2013-Q4,29,AUD,6,,
ABS:ANA_SFD(1.0.0),C,GFC,GES_SL,10,8,Q,2014-Q1,27,AUD,6,,
ABS:ANA_SFD(1.0.0),C,GFC,GES_SL,10,8,Q,2014-Q2,-30,AUD,6,,
ABS:ANA_SFD(1.0.0),C,GFC,GES_SL,10,8,Q,2014-Q3,19,AUD,6,,
ABS:ANA_SFD(1.0.0),C,GFC,GES_SL,10,8,Q,2014-Q4,28,AUD,6,,
ABS:ANA_SFD(1.0.0),C,GFC,GES_SL,10,8,Q,2015-Q1,28,AUD,6,,
ABS:ANA_SFD(1.0.0),C,GFC,GES_SL,10,8,Q,2015-Q2,-24,AUD,6,,
ABS:ANA_SFD(1.0.0),C,GFC,GES_SL,10,8,Q,2015-Q3,32,AUD,6,,
ABS:ANA_SFD(1.0.0),C,GFC,GES_SL,10,8,Q,2015-Q4,44,AUD,6,,
ABS:ANA_SFD(1.0.0),C,GFC,GES_SL,10,8,Q,2016-Q1,20,AUD,6,,
ABS:ANA_SFD(1.0.0),C,GFC,GES_SL,10,8,Q,2016-Q2,31,AUD,6,,
ABS:ANA_SFD(1.0.0),C,GFC,GES_SL,10,8,Q,2016-Q3,35,AUD,6,,
ABS:ANA_SFD(1.0.0),C,GFC,GES_SL,10,8,Q,2016-Q4,23,AUD,6,,
ABS:ANA_SFD(1.0.0),C,GFC,GES_SL,10,8,Q,2017-Q1,24,AUD,6,,
ABS:ANA_SFD(1.0.0),C,GFC,GES_SL,10,8,Q,2017-Q2,-6,AUD,6,,
ABS:ANA_SFD(1.0.0),C,GFC,GES_SL,10,8,Q,2017-Q3,49,AUD,6,,
ABS:ANA_SFD(1.0.0),C,GFC,GES_SL,10,8,Q,2017-Q4,24,AUD,6,,
ABS:ANA_SFD(1.0.0),C,GFC,GES_SL,10,8,Q,2018-Q1,48,AUD,6,,
ABS:ANA_SFD(1.0.0),C,GFC,GES_SL,10,8,Q,2018-Q2,35,AUD,6,,
ABS:ANA_SFD(1.0.0),C,GFC,GES_SL,10,8,Q,2018-Q3,28,AUD,6,,
ABS:ANA_SFD(1.0.0),C,GFC,GES_SL,10,8,Q,2018-Q4,25,AUD,6,,
ABS:ANA_SFD(1.0.0),C,GFC,GES_SL,10,8,Q,2019-Q1,18,AUD,6,,
ABS:ANA_SFD(1.0.0),C,GFC,GES_SL,10,8,Q,2019-Q2,38,AUD,6,,
ABS:ANA_SFD(1.0.0),C,GFC,GES_SL,10,8,Q,2019-Q3,14,AUD,6,,
ABS:ANA_SFD(1.0.0),C,GFC,GES_SL,10,8,Q,2019-Q4,8,AUD,6,,
ABS:ANA_SFD(1.0.0),C,GFC,GES_SL,10,8,Q,2020-Q1,32,AUD,6,,
ABS:ANA_SFD(1.0.0),C,GFC,GES_SL,10,8,Q,2020-Q2,48,AUD,6,,
ABS:ANA_SFD(1.0.0),C,GFC,GES_SL,10,8,Q,2020-Q3,24,AUD,6,,
ABS:ANA_SFD(1.0.0),C,GFC,GES_SL,10,8,Q,2020-Q4,10,AUD,6,,
ABS:ANA_SFD(1.0.0),C,GFC,GES_SL,10,8,Q,2021-Q1,16,AUD,6,,
ABS:ANA_SFD(1.0.0),C,GFC,GES_SL,10,8,Q,2021-Q2,-17,AUD,6,,
ABS:ANA_SFD(1.0.0),C,GFC,GES_SL,10,8,Q,2021-Q3,20,AUD,6,,
ABS:ANA_SFD(1.0.0),C,GFC,GES_SL,10,8,Q,2021-Q4,16,AUD,6,,
ABS:ANA_SFD(1.0.0),C,GFC,GES_SL,10,8,Q,2022-Q1,10,AUD,6,,
ABS:ANA_SFD(1.0.0),C,GFC,GES_SL,10,8,Q,2022-Q2,41,AUD,6,,
ABS:ANA_SFD(1.0.0),C,GFC,GES_SL,10,8,Q,2022-Q3,42,AUD,6,,
ABS:ANA_SFD(1.0.0),C,GFC,GES_SL,10,8,Q,2022-Q4,28,AUD,6,,
ABS:ANA_SFD(1.0.0),C,GFC,GES_SL,10,8,Q,2023-Q1,25,AUD,6,,
ABS:ANA_SFD(1.0.0),C,GFC,GES_SL,10,8,Q,2023-Q2,71,AUD,6,,
ABS:ANA_SFD(1.0.0),C,GFC,GES_SL,10,8,Q,2023-Q3,58,AUD,6,,
ABS:ANA_SFD(1.0.0),C,GFC,GES_SL,10,8,Q,2023-Q4,55,AUD,6,,
ABS:ANA_SFD(1.0.0),C,GFC,GES_SL,10,8,Q,2024-Q1,31,AUD,6,,
ABS:ANA_SFD(1.0.0),C,GFC,GES_SL,10,8,Q,2024-Q2,87,AUD,6,,
ABS:ANA_SFD(1.0.0),C,GFC,GES_SL,10,8,Q,2024-Q3,106,AUD,6,,
ABS:ANA_SFD(1.0.0),C,GFC,GES_SL,10,8,Q,2024-Q4,93,AUD,6,,
ABS:ANA_SFD(1.0.0),C,GFC,GES_SL,10,8,Q,2025-Q1,93,AUD,6,,
ABS:ANA_SFD(1.0.0),C,GFC,GES_SL,10,8,Q,2025-Q2,109,AUD,6,,
ABS:ANA_SFD(1.0.0),C,GFC,GES_SL,10,8,Q,2025-Q3,153,AUD,6,,
ABS:ANA_SFD(1.0.0),C,GFC,GES_SL,10,8,Q,2025-Q4,116,AUD,6,,
ABS:ANA_SFD(1.0.0),C,GFC,GES_SL,10,8,Q,2026-Q1,102,AUD,6,,
ABS:ANA_SFD(1.0.0),C,GFC,GES_SL,10,8,Q,2026-Q2,146,AUD,6,,
ABS:ANA_SFD(1.0.0),C,FCE,GGS,10,7,Q,2010-Q1,1341,AUD,6,,
ABS:ANA_SFD(1.0.0),C,FCE,GGS,10,7,Q,2010-Q2,1650,AUD,6,,
ABS:ANA_SFD(1.0.0),C,FCE,GGS,10,7,Q,2010-Q3,1456,AUD,6,,
ABS:ANA_SFD(1.0.0),C,FCE,GGS,10,7,Q,2010-Q4,1529,AUD,6,,
ABS:ANA_SFD(1.0.0),C,FCE,GGS,10,7,Q,2011-Q1,1482,AUD,6,,
ABS:ANA_SFD(1.0.0),C,FCE,GGS,10,7,Q,2011-Q2,1767,AUD,6,,
ABS:ANA_SFD(1.0.0),C,FCE,GGS,10,7,Q,2011-Q3,1583,AUD,6,,
ABS:ANA_SFD(1.0.0),C,FCE,GGS,10,7,Q,2011-Q4,1659,AUD,6,,
ABS:ANA_SFD(1.0.0),C,FCE,GGS,10,7,Q,2012-Q1,1557,AUD,6,,
ABS:ANA_SFD(1.0.0),C,FCE,GGS,10,7,Q,2012-Q2,1837,AUD,6,,
ABS:ANA_SFD(1.0.0),C,FCE,GGS,10,7,Q,2012-Q3,1622,AUD,6,,
ABS:ANA_SFD(1.0.0),C,FCE,GGS,10,7,Q,2012-Q4,1708,AUD,6,,
ABS:ANA_SFD(1.0.0),C,FCE,GGS,10,7,Q,2013-Q1,1577,AUD,6,,
ABS:ANA_SFD(1.0.0),C,FCE,GGS,10,7,Q,2013-Q2,1791,AUD,6,,
ABS:ANA_SFD(1.0.0),C,FCE,GGS,10,7,Q,2013-Q3,1660,AUD,6,,
ABS:ANA_SFD(1.0.0),C,FCE,GGS,10,7,Q,2013-Q4,1734,AUD,6,,
ABS:ANA_SFD(1.0.0),C,FCE,GGS,10,7,Q,2014-Q1,1665,AUD,6,,
ABS:ANA_SFD(1.0.0),C,FCE,GGS,10,7,Q,2014-Q2,1926,AUD,6,,
ABS:ANA_SFD(1.0.0),C,FCE,GGS,10,7,Q,2014-Q3,1722,AUD,6,,
ABS:ANA_SFD(1.0.0),C,FCE,GGS,10,7,Q,2014-Q4,1765,AUD,6,,
ABS:ANA_SFD(1.0.0),C,FCE,GGS,10,7,Q,2015-Q1,1741,AUD,6,,
ABS:ANA_SFD(1.0.0),C,FCE,GGS,10,7,Q,2015-Q2,1960,AUD,6,,
ABS:ANA_SFD(1.0.0),C,FCE,GGS,10,7,Q,2015-Q3,1820,AUD,6,,
ABS:ANA_SFD(1.0.0),C,FCE,GGS,10,7,Q,2015-Q4,1872,AUD,6,,
ABS:ANA_SFD(1.0.0),C,FCE,GGS,10,7,Q,2016-Q1,1823,AUD,6,,
ABS:ANA_SFD(1.0.0),C,FCE,GGS,10,7,Q,2016-Q2,2083,AUD,6,,
ABS:ANA_SFD(1.0.0),C,FCE,GGS,10,7,Q,2016-Q3,1941,AUD,6,,
ABS:ANA_SFD(1.0.0),C,FCE,GGS,10,7,Q,2016-Q4,1944,AUD,6,,
ABS:ANA_SFD(1.0.0),C,FCE,GGS,10,7,Q,2017-Q1,1921,AUD,6,,
ABS:ANA_SFD(1.0.0),C,FCE,GGS,10,7,Q,2017-Q2,2159,AUD,6,,
ABS:ANA_SFD(1.0.0),C,FCE,GGS,10,7,Q,2017-Q3,1931,AUD,6,,
ABS:ANA_SFD(1.0.0),C,FCE,GGS,10,7,Q,2017-Q4,1986,AUD,6,,
ABS:ANA_SFD(1.0.0),C,FCE,GGS,10,7,Q,2018-Q1,1953,AUD,6,,
ABS:ANA_SFD(1.0.0),C,FCE,GGS,10,7,Q,2018-Q2,2237,AUD,6,,
ABS:ANA_SFD(1.0.0),C,FCE,GGS,10,7,Q,2018-Q3,2007,AUD,6,,
ABS:ANA_SFD(1.0.0),C,FCE,GGS,10,7,Q,2018-Q4,2081,AUD,6,,
ABS:ANA_SFD(1.0.0),C,FCE,GGS,10,7,Q,2019-Q1,2004,AUD,6,,
ABS:ANA_SFD(1.0.0),C,FCE,GGS,10,7,Q,2019-Q2,2325,AUD,6,,
ABS:ANA_SFD(1.0.0),C,FCE,GGS,10,7,Q,2019-Q3,2129,AUD,6,,
ABS:ANA_SFD(1.0.0),C,FCE,GGS,10,7,Q,2019-Q4,2158,AUD,6,,
ABS:ANA_SFD(1.0.0),C,FCE,GGS,10,7,Q,2020-Q1,2143,AUD,6,,
ABS:ANA_SFD(1.0.0),C,FCE,GGS,10,7,Q,2020-Q2,2337,AUD,6,,
ABS:ANA_SFD(1.0.0),C,FCE,GGS,10,7,Q,2020-Q3,2310,AUD,6,,
ABS:ANA_SFD(1.0.0),C,FCE,GGS,10,7,Q,2020-Q4,2350,AUD,6,,
ABS:ANA_SFD(1.0.0),C,FCE,GGS,10,7,Q,2021-Q1,2363,AUD,6,,
ABS:ANA_SFD(1.0.0),C,FCE,GGS,10,7,Q,2021-Q2,2518,AUD,6,,
ABS:ANA_SFD(1.0.0),C,FCE,GGS,10,7,Q,2021-Q3,2533,AUD,6,,
ABS:ANA_SFD(1.0.0),C,FCE,GGS,10,7,Q,2021-Q4,2475,AUD,6,,
ABS:ANA_SFD(1.0.0),C,FCE,GGS,10,7,Q,2022-Q1,2603,AUD,6,,
ABS:ANA_SFD(1.0.0),C,FCE,GGS,10,7,Q,2022-Q2,2651,AUD,6,,
ABS:ANA_SFD(1.0.0),C,FCE,GGS,10,7,Q,2022-Q3,2591,AUD,6,,
ABS:ANA_SFD(1.0.0),C,FCE,GGS,10,7,Q,2022-Q4,2589,AUD,6,,
ABS:ANA_SFD(1.0.0),C,FCE,GGS,10,7,Q,2023-Q1,2618,AUD,6,,
ABS:ANA_SFD(1.0.0),C,FCE,GGS,10,7,Q,2023-Q2,2778,AUD,6,,
ABS:ANA_SFD(1.0.0),C,FCE,GGS,10,7,Q,2023-Q3,2830,AUD,6,,
ABS:ANA_SFD(1.0.0),C,FCE,GGS,10,7,Q,2023-Q4,2838,AUD,6,,
ABS:ANA_SFD(1.0.0),C,FCE,GGS,10,7,Q,2024-Q1,2875,AUD,6,,
ABS:ANA_SFD(1.0.0),C,FCE,GGS,10,7,Q,2024-Q2,3028,AUD,6,,
ABS:ANA_SFD(1.0.0),C,FCE,GGS,10,7,Q,2024-Q3,3003,AUD,6,,
ABS:ANA_SFD(1.0.0),C,FCE,GGS,10,7,Q,2024-Q4,2988,AUD,6,,
ABS:ANA_SFD(1.0.0),C,FCE,GGS,10,7,Q,2025-Q1,3033,AUD,6,,
ABS:ANA_SFD(1.0.0),C,FCE,GGS,10,7,Q,2025-Q2,3181,AUD,6,,
ABS:ANA_SFD(1.0.0),C,FCE,GGS,10,7,Q,2025-Q3,3229,AUD,6,,
ABS:ANA_SFD(1.0.0),C,FCE,GGS,10,7,Q,2025-Q4,3225,AUD,6,,
ABS:ANA_SFD(1.0.0),C,FCE,GGS,10,7,Q,2026-Q1,3229,AUD,6,,
ABS:ANA_SFD(1.0.0),C,FCE,GGS,10,7,Q,2026-Q2,3449,AUD,6,,
ABS:ANA_SFD(1.0.0),C,GFC,GGC,10,8,Q,2010-Q1,450,AUD,6,,
ABS:ANA_SFD(1.0.0),C,GFC,GGC,10,8,Q,2010-Q2,914,AUD,6,,
ABS:ANA_SFD(1.0.0),C,GFC,GGC,10,8,Q,2010-Q3,478,AUD,6,,
ABS:ANA_SFD(1.0.0),C,GFC,GGC,10,8,Q,2010-Q4,562,AUD,6,,
ABS:ANA_SFD(1.0.0),C,GFC,GGC,10,8,Q,2011-Q1,565,AUD,6,,
ABS:ANA_SFD(1.0.0),C,GFC,GGC,10,8,Q,2011-Q2,807,AUD,6,,
ABS:ANA_SFD(1.0.0),C,GFC,GGC,10,8,Q,2011-Q3,572,AUD,6,,
ABS:ANA_SFD(1.0.0),C,GFC,GGC,10,8,Q,2011-Q4,689,AUD,6,,
ABS:ANA_SFD(1.0.0),C,GFC,GGC,10,8,Q,2012-Q1,649,AUD,6,,
ABS:ANA_SFD(1.0.0),C,GFC,GGC,10,8,Q,2012-Q2,991,AUD,6,,
ABS:ANA_SFD(1.0.0),C,GFC,GGC,10,8,Q,2012-Q3,526,AUD,6,,
ABS:ANA_SFD(1.0.0),C,GFC,GGC,10,8,Q,2012-Q4,560,AUD,6,,
ABS:ANA_SFD(1.0.0),C,GFC,GGC,10,8,Q,2013-Q1,516,AUD,6,,
ABS:ANA_SFD(1.0.0),C,GFC,GGC,10,8,Q,2013-Q2,656,AUD,6,,
ABS:ANA_SFD(1.0.0),C,GFC,GGC,10,8,Q,2013-Q3,498,AUD,6,,
ABS:ANA_SFD(1.0.0),C,GFC,GGC,10,8,Q,2013-Q4,587,AUD,6,,
ABS:ANA_SFD(1.0.0),C,GFC,GGC,10,8,Q,2014-Q1,496,AUD,6,,
ABS:ANA_SFD(1.0.0),C,GFC,GGC,10,8,Q,2014-Q2,847,AUD,6,,
ABS:ANA_SFD(1.0.0),C,GFC,GGC,10,8,Q,2014-Q3,624,AUD,6,,
ABS:ANA_SFD(1.0.0),C,GFC,GGC,10,8,Q,2014-Q4,677,AUD,6,,
ABS:ANA_SFD(1.0.0),C,GFC,GGC,10,8,Q,2015-Q1,579,AUD,6,,
ABS:ANA_SFD(1.0.0),C,GFC,GGC,10,8,Q,2015-Q2,897,AUD,6,,
ABS:ANA_SFD(1.0.0),C,GFC,GGC,10,8,Q,2015-Q3,432,AUD,6,,
ABS:ANA_SFD(1.0.0),C,GFC,GGC,10,8,Q,2015-Q4,538,AUD,6,,
ABS:ANA_SFD(1.0.0),C,GFC,GGC,10,8,Q,2016-Q1,501,AUD,6,,
ABS:ANA_SFD(1.0.0),C,GFC,GGC,10,8,Q,2016-Q2,880,AUD,6,,
ABS:ANA_SFD(1.0.0),C,GFC,GGC,10,8,Q,2016-Q3,486,AUD,6,,
ABS:ANA_SFD(1.0.0),C,GFC,GGC,10,8,Q,2016-Q4,628,AUD,6,,
ABS:ANA_SFD(1.0.0),C,GFC,GGC,10,8,Q,2017-Q1,606,AUD,6,,
ABS:ANA_SFD(1.0.0),C,GFC,GGC,10,8,Q,2017-Q2,708,AUD,6,,
ABS:ANA_SFD(1.0.0),C,GFC,GGC,10,8,Q,2017-Q3,585,AUD,6,,
ABS:ANA_SFD(1.0.0),C,GFC,GGC,10,8,Q,2017-Q4,673,AUD,6,,
ABS:ANA_SFD(1.0.0),C,GFC,GGC,10,8,Q,2018-Q1,576,AUD,6,,
ABS:ANA_SFD(1.0.0),C,GFC,GGC,10,8,Q,2018-Q2,814,AUD,6,,
ABS:ANA_SFD(1.0.0),C,GFC,GGC,10,8,Q,2018-Q3,530,AUD,6,,
ABS:ANA_SFD(1.0.0),C,GFC,GGC,10,8,Q,2018-Q4,672,AUD,6,,
ABS:ANA_SFD(1.0.0),C,GFC,GGC,10,8,Q,2019-Q1,564,AUD,6,,
ABS:ANA_SFD(1.0.0),C,GFC,GGC,10,8,Q,2019-Q2,881,AUD,6,,
ABS:ANA_SFD(1.0.0),C,GFC,GGC,10,8,Q,2019-Q3,486,AUD,6,,
ABS:ANA_SFD(1.0.0),C,GFC,GGC,10,8,Q,2019-Q4,683,AUD,6,,
ABS:ANA_SFD(1.0.0),C,GFC,GGC,10,8,Q,2020-Q1,635,AUD,6,,
ABS:ANA_SFD(1.0.0),C,GFC,GGC,10,8,Q,2020-Q2,891,AUD,6,,
ABS:ANA_SFD(1.0.0),C,GFC,GGC,10,8,Q,2020-Q3,573,AUD,6,,
ABS:ANA_SFD(1.0.0),C,GFC,GGC,10,8,Q,2020-Q4,674,AUD,6,,
ABS:ANA_SFD(1.0.0),C,GFC,GGC,10,8,Q,2021-Q1,571,AUD,6,,
ABS:ANA_SFD(1.0.0),C,GFC,GGC,10,8,Q,2021-Q2,907,AUD,6,,
ABS:ANA_SFD(1.0.0),C,GFC,GGC,10,8,Q,2021-Q3,652,AUD,6,,
ABS:ANA_SFD(1.0.0),C,GFC,GGC,10,8,Q,2021-Q4,700,AUD,6,,
ABS:ANA_SFD(1.0.0),C,GFC,GGC,10,8,Q,2022-Q1,651,AUD,6,,
ABS:ANA_SFD(1.0.0),C,GFC,GGC,10,8,Q,2022-Q2,994,AUD,6,,
ABS:ANA_SFD(1.0.0),C,GFC,GGC,10,8,Q,2022-Q3,725,AUD,6,,
ABS:ANA_SFD(1.0.0),C,GFC,GGC,10,8,Q,2022-Q4,874,AUD,6,,
ABS:ANA_SFD(1.0.0),C,GFC,GGC,10,8,Q,2023-Q1,766,AUD,6,,
ABS:ANA_SFD(1.0.0),C,GFC,GGC,10,8,Q,2023-Q2,1140,AUD,6,,
ABS:ANA_SFD(1.0.0),C,GFC,GGC,10,8,Q,2023-Q3,805,AUD,6,,
ABS:ANA_SFD(1.0.0),C,GFC,GGC,10,8,Q,2023-Q4,955,AUD,6,,
ABS:ANA_SFD(1.0.0),C,GFC,GGC,10,8,Q,2024-Q1,801,AUD,6,,
ABS:ANA_SFD(1.0.0),C,GFC,GGC,10,8,Q,2024-Q2,1311,AUD,6,,
ABS:ANA_SFD(1.0.0),C,GFC,GGC,10,8,Q,2024-Q3,902,AUD,6,,
ABS:ANA_SFD(1.0.0),C,GFC,GGC,10,8,Q,2024-Q4,986,AUD,6,,
ABS:ANA_SFD(1.0.0),C,GFC,GGC,10,8,Q,2025-Q1,898,AUD,6,,
ABS:ANA_SFD(1.0.0),C,GFC,GGC,10,8,Q,2025-Q2,1243,AUD,6,,
ABS:ANA_SFD(1.0.0),C,GFC,GGC,10,8,Q,2025-Q3,864,AUD,6,,
ABS:ANA_SFD(1.0.0),C,GFC,GGC,10,8,Q,2025-Q4,1063,AUD,6,,
ABS:ANA_SFD(1.0.0),C,GFC,GGC,10,8,Q,2026-Q1,856,AUD,6,,
ABS:ANA_SFD(1.0.0),C,GFC,GGC,10,8,Q,2026-Q2,1380,AUD,6,,
ABS:ANA_SFD(1.0.0),C,GFC,GGS,10,3,Q,2010-Q1,3494,AUD,6,,
ABS:ANA_SFD(1.0.0),C,GFC,GGS,10,3,Q,2010-Q2,4323,AUD,6,,
ABS:ANA_SFD(1.0.0),C,GFC,GGS,10,3,Q,2010-Q3,3066,AUD,6,,
ABS:ANA_SFD(1.0.0),C,GFC,GGS,10,3,Q,2010-Q4,4056,AUD,6,,
ABS:ANA_SFD(1.0.0),C,GFC,GGS,10,3,Q,2011-Q1,3149,AUD,6,,
ABS:ANA_SFD(1.0.0),C,GFC,GGS,10,3,Q,2011-Q2,3341,AUD,6,,
ABS:ANA_SFD(1.0.0),C,GFC,GGS,10,3,Q,2011-Q3,3375,AUD,6,,
ABS:ANA_SFD(1.0.0),C,GFC,GGS,10,3,Q,2011-Q4,4093,AUD,6,,
ABS:ANA_SFD(1.0.0),C,GFC,GGS,10,3,Q,2012-Q1,2879,AUD,6,,
ABS:ANA_SFD(1.0.0),C,GFC,GGS,10,3,Q,2012-Q2,4472,AUD,6,,
ABS:ANA_SFD(1.0.0),C,GFC,GGS,10,3,Q,2012-Q3,3475,AUD,6,,
ABS:ANA_SFD(1.0.0),C,GFC,GGS,10,3,Q,2012-Q4,3752,AUD,6,,
ABS:ANA_SFD(1.0.0),C,GFC,GGS,10,3,Q,2013-Q1,2863,AUD,6,,
ABS:ANA_SFD(1.0.0),C,GFC,GGS,10,3,Q,2013-Q2,3377,AUD,6,,
ABS:ANA_SFD(1.0.0),C,GFC,GGS,10,3,Q,2013-Q3,3150,AUD,6,,
ABS:ANA_SFD(1.0.0),C,GFC,GGS,10,3,Q,2013-Q4,3405,AUD,6,,
ABS:ANA_SFD(1.0.0),C,GFC,GGS,10,3,Q,2014-Q1,2854,AUD,6,,
ABS:ANA_SFD(1.0.0),C,GFC,GGS,10,3,Q,2014-Q2,3954,AUD,6,,
ABS:ANA_SFD(1.0.0),C,GFC,GGS,10,3,Q,2014-Q3,2879,AUD,6,,
ABS:ANA_SFD(1.0.0),C,GFC,GGS,10,3,Q,2014-Q4,2756,AUD,6,,
ABS:ANA_SFD(1.0.0),C,GFC,GGS,10,3,Q,2015-Q1,2149,AUD,6,,
ABS:ANA_SFD(1.0.0),C,GFC,GGS,10,3,Q,2015-Q2,3758,AUD,6,,
ABS:ANA_SFD(1.0.0),C,GFC,GGS,10,3,Q,2015-Q3,2385,AUD,6,,
ABS:ANA_SFD(1.0.0),C,GFC,GGS,10,3,Q,2015-Q4,2808,AUD,6,,
ABS:ANA_SFD(1.0.0),C,GFC,GGS,10,3,Q,2016-Q1,2675,AUD,6,,
ABS:ANA_SFD(1.0.0),C,GFC,GGS,10,3,Q,2016-Q2,3357,AUD,6,,
ABS:ANA_SFD(1.0.0),C,GFC,GGS,10,3,Q,2016-Q3,2435,AUD,6,,
ABS:ANA_SFD(1.0.0),C,GFC,GGS,10,3,Q,2016-Q4,3057,AUD,6,,
ABS:ANA_SFD(1.0.0),C,GFC,GGS,10,3,Q,2017-Q1,2876,AUD,6,,
ABS:ANA_SFD(1.0.0),C,GFC,GGS,10,3,Q,2017-Q2,3690,AUD,6,,
ABS:ANA_SFD(1.0.0),C,GFC,GGS,10,3,Q,2017-Q3,2825,AUD,6,,
ABS:ANA_SFD(1.0.0),C,GFC,GGS,10,3,Q,2017-Q4,3343,AUD,6,,
ABS:ANA_SFD(1.0.0),C,GFC,GGS,10,3,Q,2018-Q1,2893,AUD,6,,
ABS:ANA_SFD(1.0.0),C,GFC,GGS,10,3,Q,2018-Q2,4055,AUD,6,,
ABS:ANA_SFD(1.0.0),C,GFC,GGS,10,3,Q,2018-Q3,3177,AUD,6,,
ABS:ANA_SFD(1.0.0),C,GFC,GGS,10,3,Q,2018-Q4,3657,AUD,6,,
ABS:ANA_SFD(1.0.0),C,GFC,GGS,10,3,Q,2019-Q1,3448,AUD,6,,
ABS:ANA_SFD(1.0.0),C,GFC,GGS,10,3,Q,2019-Q2,4745,AUD,6,,
ABS:ANA_SFD(1.0.0),C,GFC,GGS,10,3,Q,2019-Q3,3646,AUD,6,,
ABS:ANA_SFD(1.0.0),C,GFC,GGS,10,3,Q,2019-Q4,4313,AUD,6,,
ABS:ANA_SFD(1.0.0),C,GFC,GGS,10,3,Q,2020-Q1,3585,AUD,6,,
ABS:ANA_SFD(1.0.0),C,GFC,GGS,10,3,Q,2020-Q2,4666,AUD,6,,
ABS:ANA_SFD(1.0.0),C,GFC,GGS,10,3,Q,2020-Q3,3555,AUD,6,,
ABS:ANA_SFD(1.0.0),C,GFC,GGS,10,3,Q,2020-Q4,4293,AUD,6,,
ABS:ANA_SFD(1.0.0),C,GFC,GGS,10,3,Q,2021-Q1,3595,AUD,6,,
ABS:ANA_SFD(1.0.0),C,GFC,GGS,10,3,Q,2021-Q2,5404,AUD,6,,
ABS:ANA_SFD(1.0.0),C,GFC,GGS,10,3,Q,2021-Q3,4017,AUD,6,,
ABS:ANA_SFD(1.0.0),C,GFC,GGS,10,3,Q,2021-Q4,4130,AUD,6,,
ABS:ANA_SFD(1.0.0),C,GFC,GGS,10,3,Q,2022-Q1,3650,AUD,6,,
ABS:ANA_SFD(1.0.0),C,GFC,GGS,10,3,Q,2022-Q2,5271,AUD,6,,
ABS:ANA_SFD(1.0.0),C,GFC,GGS,10,3,Q,2022-Q3,4070,AUD,6,,
ABS:ANA_SFD(1.0.0),C,GFC,GGS,10,3,Q,2022-Q4,4866,AUD,6,,
ABS:ANA_SFD(1.0.0),C,GFC,GGS,10,3,Q,2023-Q1,4492,AUD,6,,
ABS:ANA_SFD(1.0.0),C,GFC,GGS,10,3,Q,2023-Q2,6562,AUD,6,,
ABS:ANA_SFD(1.0.0),C,GFC,GGS,10,3,Q,2023-Q3,4869,AUD,6,,
ABS:ANA_SFD(1.0.0),C,GFC,GGS,10,3,Q,2023-Q4,5448,AUD,6,,
ABS:ANA_SFD(1.0.0),C,GFC,GGS,10,3,Q,2024-Q1,4737,AUD,6,,
ABS:ANA_SFD(1.0.0),C,GFC,GGS,10,3,Q,2024-Q2,6340,AUD,6,,
ABS:ANA_SFD(1.0.0),C,GFC,GGS,10,3,Q,2024-Q3,5269,AUD,6,,
ABS:ANA_SFD(1.0.0),C,GFC,GGS,10,3,Q,2024-Q4,6191,AUD,6,,
ABS:ANA_SFD(1.0.0),C,GFC,GGS,10,3,Q,2025-Q1,5428,AUD,6,,
ABS:ANA_SFD(1.0.0),C,GFC,GGS,10,3,Q,2025-Q2,6802,AUD,6,,
ABS:ANA_SFD(1.0.0),C,GFC,GGS,10,3,Q,2025-Q3,5430,AUD,6,,
ABS:ANA_SFD(1.0.0),C,GFC,GGS,10,3,Q,2025-Q4,6349,AUD,6,,
ABS:ANA_SFD(1.0.0),C,GFC,GGS,10,3,Q,2026-Q1,5722,AUD,6,,
ABS:ANA_SFD(1.0.0),C,GFC,GGS,10,3,Q,2026-Q2,7406,AUD,6,,
ABS:ANA_SFD(1.0.0),C,FCE,GGC,10,7,Q,2010-Q1,553,AUD,6,,
ABS:ANA_SFD(1.0.0),C,FCE,GGC,10,7,Q,2010-Q2,726,AUD,6,,
ABS:ANA_SFD(1.0.0),C,FCE,GGC,10,7,Q,2010-Q3,634,AUD,6,,
ABS:ANA_SFD(1.0.0),C,FCE,GGC,10,7,Q,2010-Q4,658,AUD,6,,
ABS:ANA_SFD(1.0.0),C,FCE,GGC,10,7,Q,2011-Q1,621,AUD,6,,
ABS:ANA_SFD(1.0.0),C,FCE,GGC,10,7,Q,2011-Q2,763,AUD,6,,
ABS:ANA_SFD(1.0.0),C,FCE,GGC,10,7,Q,2011-Q3,660,AUD,6,,
ABS:ANA_SFD(1.0.0),C,FCE,GGC,10,7,Q,2011-Q4,682,AUD,6,,
ABS:ANA_SFD(1.0.0),C,FCE,GGC,10,7,Q,2012-Q1,633,AUD,6,,
ABS:ANA_SFD(1.0.0),C,FCE,GGC,10,7,Q,2012-Q2,778,AUD,6,,
ABS:ANA_SFD(1.0.0),C,FCE,GGC,10,7,Q,2012-Q3,671,AUD,6,,
ABS:ANA_SFD(1.0.0),C,FCE,GGC,10,7,Q,2012-Q4,707,AUD,6,,
ABS:ANA_SFD(1.0.0),C,FCE,GGC,10,7,Q,2013-Q1,650,AUD,6,,
ABS:ANA_SFD(1.0.0),C,FCE,GGC,10,7,Q,2013-Q2,746,AUD,6,,
ABS:ANA_SFD(1.0.0),C,FCE,GGC,10,7,Q,2013-Q3,703,AUD,6,,
ABS:ANA_SFD(1.0.0),C,FCE,GGC,10,7,Q,2013-Q4,739,AUD,6,,
ABS:ANA_SFD(1.0.0),C,FCE,GGC,10,7,Q,2014-Q1,702,AUD,6,,
ABS:ANA_SFD(1.0.0),C,FCE,GGC,10,7,Q,2014-Q2,805,AUD,6,,
ABS:ANA_SFD(1.0.0),C,FCE,GGC,10,7,Q,2014-Q3,716,AUD,6,,
ABS:ANA_SFD(1.0.0),C,FCE,GGC,10,7,Q,2014-Q4,736,AUD,6,,
ABS:ANA_SFD(1.0.0),C,FCE,GGC,10,7,Q,2015-Q1,725,AUD,6,,
ABS:ANA_SFD(1.0.0),C,FCE,GGC,10,7,Q,2015-Q2,820,AUD,6,,
ABS:ANA_SFD(1.0.0),C,FCE,GGC,10,7,Q,2015-Q3,768,AUD,6,,
ABS:ANA_SFD(1.0.0),C,FCE,GGC,10,7,Q,2015-Q4,760,AUD,6,,
ABS:ANA_SFD(1.0.0),C,FCE,GGC,10,7,Q,2016-Q1,764,AUD,6,,
ABS:ANA_SFD(1.0.0),C,FCE,GGC,10,7,Q,2016-Q2,879,AUD,6,,
ABS:ANA_SFD(1.0.0),C,FCE,GGC,10,7,Q,2016-Q3,832,AUD,6,,
ABS:ANA_SFD(1.0.0),C,FCE,GGC,10,7,Q,2016-Q4,803,AUD,6,,
ABS:ANA_SFD(1.0.0),C,FCE,GGC,10,7,Q,2017-Q1,785,AUD,6,,
ABS:ANA_SFD(1.0.0),C,FCE,GGC,10,7,Q,2017-Q2,872,AUD,6,,
ABS:ANA_SFD(1.0.0),C,FCE,GGC,10,7,Q,2017-Q3,777,AUD,6,,
ABS:ANA_SFD(1.0.0),C,FCE,GGC,10,7,Q,2017-Q4,786,AUD,6,,
ABS:ANA_SFD(1.0.0),C,FCE,GGC,10,7,Q,2018-Q1,774,AUD,6,,
ABS:ANA_SFD(1.0.0),C,FCE,GGC,10,7,Q,2018-Q2,876,AUD,6,,
ABS:ANA_SFD(1.0.0),C,FCE,GGC,10,7,Q,2018-Q3,836,AUD,6,,
ABS:ANA_SFD(1.0.0),C,FCE,GGC,10,7,Q,2018-Q4,861,AUD,6,,
ABS:ANA_SFD(1.0.0),C,FCE,GGC,10,7,Q,2019-Q1,823,AUD,6,,
ABS:ANA_SFD(1.0.0),C,FCE,GGC,10,7,Q,2019-Q2,961,AUD,6,,
ABS:ANA_SFD(1.0.0),C,FCE,GGC,10,7,Q,2019-Q3,899,AUD,6,,
ABS:ANA_SFD(1.0.0),C,FCE,GGC,10,7,Q,2019-Q4,909,AUD,6,,
ABS:ANA_SFD(1.0.0),C,FCE,GGC,10,7,Q,2020-Q1,909,AUD,6,,
ABS:ANA_SFD(1.0.0),C,FCE,GGC,10,7,Q,2020-Q2,984,AUD,6,,
ABS:ANA_SFD(1.0.0),C,FCE,GGC,10,7,Q,2020-Q3,1022,AUD,6,,
ABS:ANA_SFD(1.0.0),C,FCE,GGC,10,7,Q,2020-Q4,1004,AUD,6,,
ABS:ANA_SFD(1.0.0),C,FCE,GGC,10,7,Q,2021-Q1,1004,AUD,6,,
ABS:ANA_SFD(1.0.0),C,FCE,GGC,10,7,Q,2021-Q2,1101,AUD,6,,
ABS:ANA_SFD(1.0.0),C,FCE,GGC,10,7,Q,2021-Q3,1125,AUD,6,,
ABS:ANA_SFD(1.0.0),C,FCE,GGC,10,7,Q,2021-Q4,1084,AUD,6,,
ABS:ANA_SFD(1.0.0),C,FCE,GGC,10,7,Q,2022-Q1,1117,AUD,6,,
ABS:ANA_SFD(1.0.0),C,FCE,GGC,10,7,Q,2022-Q2,1205,AUD,6,,
ABS:ANA_SFD(1.0.0),C,FCE,GGC,10,7,Q,2022-Q3,1172,AUD,6,,
ABS:ANA_SFD(1.0.0),C,FCE,GGC,10,7,Q,2022-Q4,1145,AUD,6,,
ABS:ANA_SFD(1.0.0),C,FCE,GGC,10,7,Q,2023-Q1,1151,AUD,6,,
ABS:ANA_SFD(1.0.0),C,FCE,GGC,10,7,Q,2023-Q2,1244,AUD,6,,
ABS:ANA_SFD(1.0.0),C,FCE,GGC,10,7,Q,2023-Q3,1273,AUD,6,,
ABS:ANA_SFD(1.0.0),C,FCE,GGC,10,7,Q,2023-Q4,1223,AUD,6,,
ABS:ANA_SFD(1.0.0),C,FCE,GGC,10,7,Q,2024-Q1,1246,AUD,6,,
ABS:ANA_SFD(1.0.0),C,FCE,GGC,10,7,Q,2024-Q2,1318,AUD,6,,
ABS:ANA_SFD(1.0.0),C,FCE,GGC,10,7,Q,2024-Q3,1333,AUD,6,,
ABS:ANA_SFD(1.0.0),C,FCE,GGC,10,7,Q,2024-Q4,1283,AUD,6,,
ABS:ANA_SFD(1.0.0),C,FCE,GGC,10,7,Q,2025-Q1,1320,AUD,6,,
ABS:ANA_SFD(1.0.0),C,FCE,GGC,10,7,Q,2025-Q2,1430,AUD,6,,
ABS:ANA_SFD(1.0.0),C,FCE,GGC,10,7,Q,2025-Q3,1490,AUD,6,,
ABS:ANA_SFD(1.0.0),C,FCE,GGC,10,7,Q,2025-Q4,1425,AUD,6,,
ABS:ANA_SFD(1.0.0),C,FCE,GGC,10,7,Q,2026-Q1,1426,AUD,6,,
ABS:ANA_SFD(1.0.0),C,FCE,GGC,10,7,Q,2026-Q2,1500,AUD,6,,
ABS:ANA_SFD(1.0.0),C,GFC,GEC,10,3,Q,2010-Q1,90,AUD,6,,
ABS:ANA_SFD(1.0.0),C,GFC,GEC,10,3,Q,2010-Q2,52,AUD,6,,
ABS:ANA_SFD(1.0.0),C,GFC,GEC,10,3,Q,2010-Q3,63,AUD,6,,
ABS:ANA_SFD(1.0.0),C,GFC,GEC,10,3,Q,2010-Q4,69,AUD,6,,
ABS:ANA_SFD(1.0.0),C,GFC,GEC,10,3,Q,2011-Q1,86,AUD,6,,
ABS:ANA_SFD(1.0.0),C,GFC,GEC,10,3,Q,2011-Q2,114,AUD,6,,
ABS:ANA_SFD(1.0.0),C,GFC,GEC,10,3,Q,2011-Q3,117,AUD,6,,
ABS:ANA_SFD(1.0.0),C,GFC,GEC,10,3,Q,2011-Q4,123,AUD,6,,
ABS:ANA_SFD(1.0.0),C,GFC,GEC,10,3,Q,2012-Q1,109,AUD,6,,
ABS:ANA_SFD(1.0.0),C,GFC,GEC,10,3,Q,2012-Q2,165,AUD,6,,
ABS:ANA_SFD(1.0.0),C,GFC,GEC,10,3,Q,2012-Q3,184,AUD,6,,
ABS:ANA_SFD(1.0.0),C,GFC,GEC,10,3,Q,2012-Q4,194,AUD,6,,
ABS:ANA_SFD(1.0.0),C,GFC,GEC,10,3,Q,2013-Q1,186,AUD,6,,
ABS:ANA_SFD(1.0.0),C,GFC,GEC,10,3,Q,2013-Q2,247,AUD,6,,
ABS:ANA_SFD(1.0.0),C,GFC,GEC,10,3,Q,2013-Q3,278,AUD,6,,
ABS:ANA_SFD(1.0.0),C,GFC,GEC,10,3,Q,2013-Q4,239,AUD,6,,
ABS:ANA_SFD(1.0.0),C,GFC,GEC,10,3,Q,2014-Q1,192,AUD,6,,
ABS:ANA_SFD(1.0.0),C,GFC,GEC,10,3,Q,2014-Q2,274,AUD,6,,
ABS:ANA_SFD(1.0.0),C,GFC,GEC,10,3,Q,2014-Q3,203,AUD,6,,
ABS:ANA_SFD(1.0.0),C,GFC,GEC,10,3,Q,2014-Q4,198,AUD,6,,
ABS:ANA_SFD(1.0.0),C,GFC,GEC,10,3,Q,2015-Q1,237,AUD,6,,
ABS:ANA_SFD(1.0.0),C,GFC,GEC,10,3,Q,2015-Q2,246,AUD,6,,
ABS:ANA_SFD(1.0.0),C,GFC,GEC,10,3,Q,2015-Q3,278,AUD,6,,
ABS:ANA_SFD(1.0.0),C,GFC,GEC,10,3,Q,2015-Q4,411,AUD,6,,
ABS:ANA_SFD(1.0.0),C,GFC,GEC,10,3,Q,2016-Q1,325,AUD,6,,
ABS:ANA_SFD(1.0.0),C,GFC,GEC,10,3,Q,2016-Q2,382,AUD,6,,
ABS:ANA_SFD(1.0.0),C,GFC,GEC,10,3,Q,2016-Q3,296,AUD,6,,
ABS:ANA_SFD(1.0.0),C,GFC,GEC,10,3,Q,2016-Q4,469,AUD,6,,
ABS:ANA_SFD(1.0.0),C,GFC,GEC,10,3,Q,2017-Q1,414,AUD,6,,
ABS:ANA_SFD(1.0.0),C,GFC,GEC,10,3,Q,2017-Q2,473,AUD,6,,
ABS:ANA_SFD(1.0.0),C,GFC,GEC,10,3,Q,2017-Q3,383,AUD,6,,
ABS:ANA_SFD(1.0.0),C,GFC,GEC,10,3,Q,2017-Q4,399,AUD,6,,
ABS:ANA_SFD(1.0.0),C,GFC,GEC,10,3,Q,2018-Q1,408,AUD,6,,
ABS:ANA_SFD(1.0.0),C,GFC,GEC,10,3,Q,2018-Q2,456,AUD,6,,
ABS:ANA_SFD(1.0.0),C,GFC,GEC,10,3,Q,2018-Q3,406,AUD,6,,
ABS:ANA_SFD(1.0.0),C,GFC,GEC,10,3,Q,2018-Q4,399,AUD,6,,
ABS:ANA_SFD(1.0.0),C,GFC,GEC,10,3,Q,2019-Q1,453,AUD,6,,
ABS:ANA_SFD(1.0.0),C,GFC,GEC,10,3,Q,2019-Q2,486,AUD,6,,
ABS:ANA_SFD(1.0.0),C,GFC,GEC,10,3,Q,2019-Q3,402,AUD,6,,
ABS:ANA_SFD(1.0.0),C,GFC,GEC,10,3,Q,2019-Q4,358,AUD,6,,
ABS:ANA_SFD(1.0.0),C,GFC,GEC,10,3,Q,2020-Q1,352,AUD,6,,
ABS:ANA_SFD(1.0.0),C,GFC,GEC,10,3,Q,2020-Q2,347,AUD,6,,
ABS:ANA_SFD(1.0.0),C,GFC,GEC,10,3,Q,2020-Q3,264,AUD,6,,
ABS:ANA_SFD(1.0.0),C,GFC,GEC,10,3,Q,2020-Q4,224,AUD,6,,
ABS:ANA_SFD(1.0.0),C,GFC,GEC,10,3,Q,2021-Q1,238,AUD,6,,
ABS:ANA_SFD(1.0.0),C,GFC,GEC,10,3,Q,2021-Q2,303,AUD,6,,
ABS:ANA_SFD(1.0.0),C,GFC,GEC,10,3,Q,2021-Q3,209,AUD,6,,
ABS:ANA_SFD(1.0.0),C,GFC,GEC,10,3,Q,2021-Q4,237,AUD,6,,
ABS:ANA_SFD(1.0.0),C,GFC,GEC,10,3,Q,2022-Q1,274,AUD,6,,
ABS:ANA_SFD(1.0.0),C,GFC,GEC,10,3,Q,2022-Q2,273,AUD,6,,
ABS:ANA_SFD(1.0.0),C,GFC,GEC,10,3,Q,2022-Q3,280,AUD,6,,
ABS:ANA_SFD(1.0.0),C,GFC,GEC,10,3,Q,2022-Q4,330,AUD,6,,
ABS:ANA_SFD(1.0.0),C,GFC,GEC,10,3,Q,2023-Q1,299,AUD,6,,
ABS:ANA_SFD(1.0.0),C,GFC,GEC,10,3,Q,2023-Q2,322,AUD,6,,
ABS:ANA_SFD(1.0.0),C,GFC,GEC,10,3,Q,2023-Q3,313,AUD,6,,
ABS:ANA_SFD(1.0.0),C,GFC,GEC,10,3,Q,2023-Q4,275,AUD,6,,
ABS:ANA_SFD(1.0.0),C,GFC,GEC,10,3,Q,2024-Q1,271,AUD,6,,
ABS:ANA_SFD(1.0.0),C,GFC,GEC,10,3,Q,2024-Q2,323,AUD,6,,
ABS:ANA_SFD(1.0.0),C,GFC,GEC,10,3,Q,2024-Q3,262,AUD,6,,
ABS:ANA_SFD(1.0.0),C,GFC,GEC,10,3,Q,2024-Q4,290,AUD,6,,
ABS:ANA_SFD(1.0.0),C,GFC,GEC,10,3,Q,2025-Q1,252,AUD,6,,
ABS:ANA_SFD(1.0.0),C,GFC,GEC,10,3,Q,2025-Q2,338,AUD,6,,
ABS:ANA_SFD(1.0.0),C,GFC,GEC,10,3,Q,2025-Q3,263,AUD,6,,
ABS:ANA_SFD(1.0.0),C,GFC,GEC,10,3,Q,2025-Q4,249,AUD,6,,
ABS:ANA_SFD(1.0.0),C,GFC,GEC,10,3,Q,2026-Q1,171,AUD,6,,
ABS:ANA_SFD(1.0.0),C,GFC,GEC,10,3,Q,2026-Q2,253,AUD,6,,
ABS:ANA_SFD(1.0.0),C,GFC,GEC,10,7,Q,2010-Q1,5,AUD,6,,
ABS:ANA_SFD(1.0.0),C,GFC,GEC,10,7,Q,2010-Q2,2,AUD,6,,
ABS:ANA_SFD(1.0.0),C,GFC,GEC,10,7,Q,2010-Q3,4,AUD,6,,
ABS:ANA_SFD(1.0.0),C,GFC,GEC,10,7,Q,2010-Q4,3,AUD,6,,
ABS:ANA_SFD(1.0.0),C,GFC,GEC,10,7,Q,2011-Q1,4,AUD,6,,
ABS:ANA_SFD(1.0.0),C,GFC,GEC,10,7,Q,2011-Q2,6,AUD,6,,
ABS:ANA_SFD(1.0.0),C,GFC,GEC,10,7,Q,2011-Q3,7,AUD,6,,
ABS:ANA_SFD(1.0.0),C,GFC,GEC,10,7,Q,2011-Q4,7,AUD,6,,
ABS:ANA_SFD(1.0.0),C,GFC,GEC,10,7,Q,2012-Q1,5,AUD,6,,
ABS:ANA_SFD(1.0.0),C,GFC,GEC,10,7,Q,2012-Q2,8,AUD,6,,
ABS:ANA_SFD(1.0.0),C,GFC,GEC,10,7,Q,2012-Q3,9,AUD,6,,
ABS:ANA_SFD(1.0.0),C,GFC,GEC,10,7,Q,2012-Q4,10,AUD,6,,
ABS:ANA_SFD(1.0.0),C,GFC,GEC,10,7,Q,2013-Q1,10,AUD,6,,
ABS:ANA_SFD(1.0.0),C,GFC,GEC,10,7,Q,2013-Q2,13,AUD,6,,
ABS:ANA_SFD(1.0.0),C,GFC,GEC,10,7,Q,2013-Q3,14,AUD,6,,
ABS:ANA_SFD(1.0.0),C,GFC,GEC,10,7,Q,2013-Q4,13,AUD,6,,
ABS:ANA_SFD(1.0.0),C,GFC,GEC,10,7,Q,2014-Q1,10,AUD,6,,
ABS:ANA_SFD(1.0.0),C,GFC,GEC,10,7,Q,2014-Q2,14,AUD,6,,
ABS:ANA_SFD(1.0.0),C,GFC,GEC,10,7,Q,2014-Q3,10,AUD,6,,
ABS:ANA_SFD(1.0.0),C,GFC,GEC,10,7,Q,2014-Q4,10,AUD,6,,
ABS:ANA_SFD(1.0.0),C,GFC,GEC,10,7,Q,2015-Q1,12,AUD,6,,
ABS:ANA_SFD(1.0.0),C,GFC,GEC,10,7,Q,2015-Q2,13,AUD,6,,
ABS:ANA_SFD(1.0.0),C,GFC,GEC,10,7,Q,2015-Q3,14,AUD,6,,
ABS:ANA_SFD(1.0.0),C,GFC,GEC,10,7,Q,2015-Q4,21,AUD,6,,
ABS:ANA_SFD(1.0.0),C,GFC,GEC,10,7,Q,2016-Q1,16,AUD,6,,
ABS:ANA_SFD(1.0.0),C,GFC,GEC,10,7,Q,2016-Q2,19,AUD,6,,
ABS:ANA_SFD(1.0.0),C,GFC,GEC,10,7,Q,2016-Q3,15,AUD,6,,
ABS:ANA_SFD(1.0.0),C,GFC,GEC,10,7,Q,2016-Q4,24,AUD,6,,
ABS:ANA_SFD(1.0.0),C,GFC,GEC,10,7,Q,2017-Q1,21,AUD,6,,
ABS:ANA_SFD(1.0.0),C,GFC,GEC,10,7,Q,2017-Q2,24,AUD,6,,
ABS:ANA_SFD(1.0.0),C,GFC,GEC,10,7,Q,2017-Q3,19,AUD,6,,
ABS:ANA_SFD(1.0.0),C,GFC,GEC,10,7,Q,2017-Q4,20,AUD,6,,
ABS:ANA_SFD(1.0.0),C,GFC,GEC,10,7,Q,2018-Q1,20,AUD,6,,
ABS:ANA_SFD(1.0.0),C,GFC,GEC,10,7,Q,2018-Q2,23,AUD,6,,
ABS:ANA_SFD(1.0.0),C,GFC,GEC,10,7,Q,2018-Q3,20,AUD,6,,
ABS:ANA_SFD(1.0.0),C,GFC,GEC,10,7,Q,2018-Q4,19,AUD,6,,
ABS:ANA_SFD(1.0.0),C,GFC,GEC,10,7,Q,2019-Q1,21,AUD,6,,
ABS:ANA_SFD(1.0.0),C,GFC,GEC,10,7,Q,2019-Q2,23,AUD,6,,
ABS:ANA_SFD(1.0.0),C,GFC,GEC,10,7,Q,2019-Q3,18,AUD,6,,
ABS:ANA_SFD(1.0.0),C,GFC,GEC,10,7,Q,2019-Q4,17,AUD,6,,
ABS:ANA_SFD(1.0.0),C,GFC,GEC,10,7,Q,2020-Q1,16,AUD,6,,
ABS:ANA_SFD(1.0.0),C,GFC,GEC,10,7,Q,2020-Q2,16,AUD,6,,
ABS:ANA_SFD(1.0.0),C,GFC,GEC,10,7,Q,2020-Q3,11,AUD,6,,
ABS:ANA_SFD(1.0.0),C,GFC,GEC,10,7,Q,2020-Q4,9,AUD,6,,
ABS:ANA_SFD(1.0.0),C,GFC,GEC,10,7,Q,2021-Q1,10,AUD,6,,
ABS:ANA_SFD(1.0.0),C,GFC,GEC,10,7,Q,2021-Q2,13,AUD,6,,
ABS:ANA_SFD(1.0.0),C,GFC,GEC,10,7,Q,2021-Q3,9,AUD,6,,
ABS:ANA_SFD(1.0.0),C,GFC,GEC,10,7,Q,2021-Q4,10,AUD,6,,
ABS:ANA_SFD(1.0.0),C,GFC,GEC,10,7,Q,2022-Q1,11,AUD,6,,
ABS:ANA_SFD(1.0.0),C,GFC,GEC,10,7,Q,2022-Q2,11,AUD,6,,
ABS:ANA_SFD(1.0.0),C,GFC,GEC,10,7,Q,2022-Q3,13,AUD,6,,
ABS:ANA_SFD(1.0.0),C,GFC,GEC,10,7,Q,2022-Q4,12,AUD,6,,
ABS:ANA_SFD(1.0.0),C,GFC,GEC,10,7,Q,2023-Q1,11,AUD,6,,
ABS:ANA_SFD(1.0.0),C,GFC,GEC,10,7,Q,2023-Q2,11,AUD,6,,
ABS:ANA_SFD(1.0.0),C,GFC,GEC,10,7,Q,2023-Q3,13,AUD,6,,
ABS:ANA_SFD(1.0.0),C,GFC,GEC,10,7,Q,2023-Q4,12,AUD,6,,
ABS:ANA_SFD(1.0.0),C,GFC,GEC,10,7,Q,2024-Q1,12,AUD,6,,
ABS:ANA_SFD(1.0.0),C,GFC,GEC,10,7,Q,2024-Q2,14,AUD,6,,
ABS:ANA_SFD(1.0.0),C,GFC,GEC,10,7,Q,2024-Q3,12,AUD,6,,
ABS:ANA_SFD(1.0.0),C,GFC,GEC,10,7,Q,2024-Q4,14,AUD,6,,
ABS:ANA_SFD(1.0.0),C,GFC,GEC,10,7,Q,2025-Q1,12,AUD,6,,
ABS:ANA_SFD(1.0.0),C,GFC,GEC,10,7,Q,2025-Q2,16,AUD,6,,
ABS:ANA_SFD(1.0.0),C,GFC,GEC,10,7,Q,2025-Q3,12,AUD,6,,
ABS:ANA_SFD(1.0.0),C,GFC,GEC,10,7,Q,2025-Q4,11,AUD,6,,
ABS:ANA_SFD(1.0.0),C,GFC,GEC,10,7,Q,2026-Q1,-307,AUD,6,,
ABS:ANA_SFD(1.0.0),C,GFC,GEC,10,7,Q,2026-Q2,12,AUD,6,,
ABS:ANA_SFD(1.0.0),C,GFC,GES_SL,10,5,Q,2010-Q1,829,AUD,6,,
ABS:ANA_SFD(1.0.0),C,GFC,GES_SL,10,5,Q,2010-Q2,891,AUD,6,,
ABS:ANA_SFD(1.0.0),C,GFC,GES_SL,10,5,Q,2010-Q3,769,AUD,6,,
ABS:ANA_SFD(1.0.0),C,GFC,GES_SL,10,5,Q,2010-Q4,836,AUD,6,,
ABS:ANA_SFD(1.0.0),C,GFC,GES_SL,10,5,Q,2011-Q1,762,AUD,6,,
ABS:ANA_SFD(1.0.0),C,GFC,GES_SL,10,5,Q,2011-Q2,642,AUD,6,,
ABS:ANA_SFD(1.0.0),C,GFC,GES_SL,10,5,Q,2011-Q3,647,AUD,6,,
ABS:ANA_SFD(1.0.0),C,GFC,GES_SL,10,5,Q,2011-Q4,613,AUD,6,,
ABS:ANA_SFD(1.0.0),C,GFC,GES_SL,10,5,Q,2012-Q1,568,AUD,6,,
ABS:ANA_SFD(1.0.0),C,GFC,GES_SL,10,5,Q,2012-Q2,850,AUD,6,,
ABS:ANA_SFD(1.0.0),C,GFC,GES_SL,10,5,Q,2012-Q3,695,AUD,6,,
ABS:ANA_SFD(1.0.0),C,GFC,GES_SL,10,5,Q,2012-Q4,786,AUD,6,,
ABS:ANA_SFD(1.0.0),C,GFC,GES_SL,10,5,Q,2013-Q1,732,AUD,6,,
ABS:ANA_SFD(1.0.0),C,GFC,GES_SL,10,5,Q,2013-Q2,914,AUD,6,,
ABS:ANA_SFD(1.0.0),C,GFC,GES_SL,10,5,Q,2013-Q3,777,AUD,6,,
ABS:ANA_SFD(1.0.0),C,GFC,GES_SL,10,5,Q,2013-Q4,1035,AUD,6,,
ABS:ANA_SFD(1.0.0),C,GFC,GES_SL,10,5,Q,2014-Q1,565,AUD,6,,
ABS:ANA_SFD(1.0.0),C,GFC,GES_SL,10,5,Q,2014-Q2,732,AUD,6,,
ABS:ANA_SFD(1.0.0),C,GFC,GES_SL,10,5,Q,2014-Q3,637,AUD,6,,
ABS:ANA_SFD(1.0.0),C,GFC,GES_SL,10,5,Q,2014-Q4,554,AUD,6,,
ABS:ANA_SFD(1.0.0),C,GFC,GES_SL,10,5,Q,2015-Q1,620,AUD,6,,
ABS:ANA_SFD(1.0.0),C,GFC,GES_SL,10,5,Q,2015-Q2,819,AUD,6,,
ABS:ANA_SFD(1.0.0),C,GFC,GES_SL,10,5,Q,2015-Q3,563,AUD,6,,
ABS:ANA_SFD(1.0.0),C,GFC,GES_SL,10,5,Q,2015-Q4,556,AUD,6,,
ABS:ANA_SFD(1.0.0),C,GFC,GES_SL,10,5,Q,2016-Q1,451,AUD,6,,
ABS:ANA_SFD(1.0.0),C,GFC,GES_SL,10,5,Q,2016-Q2,699,AUD,6,,
ABS:ANA_SFD(1.0.0),C,GFC,GES_SL,10,5,Q,2016-Q3,440,AUD,6,,
ABS:ANA_SFD(1.0.0),C,GFC,GES_SL,10,5,Q,2016-Q4,590,AUD,6,,
ABS:ANA_SFD(1.0.0),C,GFC,GES_SL,10,5,Q,2017-Q1,480,AUD,6,,
ABS:ANA_SFD(1.0.0),C,GFC,GES_SL,10,5,Q,2017-Q2,733,AUD,6,,
ABS:ANA_SFD(1.0.0),C,GFC,GES_SL,10,5,Q,2017-Q3,580,AUD,6,,
ABS:ANA_SFD(1.0.0),C,GFC,GES_SL,10,5,Q,2017-Q4,599,AUD,6,,
ABS:ANA_SFD(1.0.0),C,GFC,GES_SL,10,5,Q,2018-Q1,406,AUD,6,,
ABS:ANA_SFD(1.0.0),C,GFC,GES_SL,10,5,Q,2018-Q2,566,AUD,6,,
ABS:ANA_SFD(1.0.0),C,GFC,GES_SL,10,5,Q,2018-Q3,525,AUD,6,,
ABS:ANA_SFD(1.0.0),C,GFC,GES_SL,10,5,Q,2018-Q4,638,AUD,6,,
ABS:ANA_SFD(1.0.0),C,GFC,GES_SL,10,5,Q,2019-Q1,414,AUD,6,,
ABS:ANA_SFD(1.0.0),C,GFC,GES_SL,10,5,Q,2019-Q2,402,AUD,6,,
ABS:ANA_SFD(1.0.0),C,GFC,GES_SL,10,5,Q,2019-Q3,563,AUD,6,,
ABS:ANA_SFD(1.0.0),C,GFC,GES_SL,10,5,Q,2019-Q4,574,AUD,6,,
ABS:ANA_SFD(1.0.0),C,GFC,GES_SL,10,5,Q,2020-Q1,544,AUD,6,,
ABS:ANA_SFD(1.0.0),C,GFC,GES_SL,10,5,Q,2020-Q2,714,AUD,6,,
ABS:ANA_SFD(1.0.0),C,GFC,GES_SL,10,5,Q,2020-Q3,628,AUD,6,,
ABS:ANA_SFD(1.0.0),C,GFC,GES_SL,10,5,Q,2020-Q4,695,AUD,6,,
ABS:ANA_SFD(1.0.0),C,GFC,GES_SL,10,5,Q,2021-Q1,604,AUD,6,,
ABS:ANA_SFD(1.0.0),C,GFC,GES_SL,10,5,Q,2021-Q2,881,AUD,6,,
ABS:ANA_SFD(1.0.0),C,GFC,GES_SL,10,5,Q,2021-Q3,727,AUD,6,,
ABS:ANA_SFD(1.0.0),C,GFC,GES_SL,10,5,Q,2021-Q4,857,AUD,6,,
ABS:ANA_SFD(1.0.0),C,GFC,GES_SL,10,5,Q,2022-Q1,847,AUD,6,,
ABS:ANA_SFD(1.0.0),C,GFC,GES_SL,10,5,Q,2022-Q2,1109,AUD,6,,
ABS:ANA_SFD(1.0.0),C,GFC,GES_SL,10,5,Q,2022-Q3,954,AUD,6,,
ABS:ANA_SFD(1.0.0),C,GFC,GES_SL,10,5,Q,2022-Q4,1199,AUD,6,,
ABS:ANA_SFD(1.0.0),C,GFC,GES_SL,10,5,Q,2023-Q1,1213,AUD,6,,
ABS:ANA_SFD(1.0.0),C,GFC,GES_SL,10,5,Q,2023-Q2,1724,AUD,6,,
ABS:ANA_SFD(1.0.0),C,GFC,GES_SL,10,5,Q,2023-Q3,1445,AUD,6,,
ABS:ANA_SFD(1.0.0),C,GFC,GES_SL,10,5,Q,2023-Q4,1866,AUD,6,,
ABS:ANA_SFD(1.0.0),C,GFC,GES_SL,10,5,Q,2024-Q1,1641,AUD,6,,
ABS:ANA_SFD(1.0.0),C,GFC,GES_SL,10,5,Q,2024-Q2,2170,AUD,6,,
ABS:ANA_SFD(1.0.0),C,GFC,GES_SL,10,5,Q,2024-Q3,2062,AUD,6,,
ABS:ANA_SFD(1.0.0),C,GFC,GES_SL,10,5,Q,2024-Q4,2483,AUD,6,,
ABS:ANA_SFD(1.0.0),C,GFC,GES_SL,10,5,Q,2025-Q1,1943,AUD,6,,
ABS:ANA_SFD(1.0.0),C,GFC,GES_SL,10,5,Q,2025-Q2,2001,AUD,6,,
ABS:ANA_SFD(1.0.0),C,GFC,GES_SL,10,5,Q,2025-Q3,1879,AUD,6,,
ABS:ANA_SFD(1.0.0),C,GFC,GES_SL,10,5,Q,2025-Q4,1914,AUD,6,,
ABS:ANA_SFD(1.0.0),C,GFC,GES_SL,10,5,Q,2026-Q1,1467,AUD,6,,
ABS:ANA_SFD(1.0.0),C,GFC,GES_SL,10,5,Q,2026-Q2,1717,AUD,6,,
ABS:ANA_SFD(1.0.0),C,GFC,GGS,10,7,Q,2010-Q1,292,AUD,6,,
ABS:ANA_SFD(1.0.0),C,GFC,GGS,10,7,Q,2010-Q2,364,AUD,6,,
ABS:ANA_SFD(1.0.0),C,GFC,GGS,10,7,Q,2010-Q3,277,AUD,6,,
ABS:ANA_SFD(1.0.0),C,GFC,GGS,10,7,Q,2010-Q4,362,AUD,6,,
ABS:ANA_SFD(1.0.0),C,GFC,GGS,10,7,Q,2011-Q1,278,AUD,6,,
ABS:ANA_SFD(1.0.0),C,GFC,GGS,10,7,Q,2011-Q2,418,AUD,6,,
ABS:ANA_SFD(1.0.0),C,GFC,GGS,10,7,Q,2011-Q3,305,AUD,6,,
ABS:ANA_SFD(1.0.0),C,GFC,GGS,10,7,Q,2011-Q4,383,AUD,6,,
ABS:ANA_SFD(1.0.0),C,GFC,GGS,10,7,Q,2012-Q1,244,AUD,6,,
ABS:ANA_SFD(1.0.0),C,GFC,GGS,10,7,Q,2012-Q2,496,AUD,6,,
ABS:ANA_SFD(1.0.0),C,GFC,GGS,10,7,Q,2012-Q3,194,AUD,6,,
ABS:ANA_SFD(1.0.0),C,GFC,GGS,10,7,Q,2012-Q4,294,AUD,6,,
ABS:ANA_SFD(1.0.0),C,GFC,GGS,10,7,Q,2013-Q1,170,AUD,6,,
ABS:ANA_SFD(1.0.0),C,GFC,GGS,10,7,Q,2013-Q2,343,AUD,6,,
ABS:ANA_SFD(1.0.0),C,GFC,GGS,10,7,Q,2013-Q3,262,AUD,6,,
ABS:ANA_SFD(1.0.0),C,GFC,GGS,10,7,Q,2013-Q4,347,AUD,6,,
ABS:ANA_SFD(1.0.0),C,GFC,GGS,10,7,Q,2014-Q1,222,AUD,6,,
ABS:ANA_SFD(1.0.0),C,GFC,GGS,10,7,Q,2014-Q2,254,AUD,6,,
ABS:ANA_SFD(1.0.0),C,GFC,GGS,10,7,Q,2014-Q3,125,AUD,6,,
ABS:ANA_SFD(1.0.0),C,GFC,GGS,10,7,Q,2014-Q4,698,AUD,6,,
ABS:ANA_SFD(1.0.0),C,GFC,GGS,10,7,Q,2015-Q1,159,AUD,6,,
ABS:ANA_SFD(1.0.0),C,GFC,GGS,10,7,Q,2015-Q2,270,AUD,6,,
ABS:ANA_SFD(1.0.0),C,GFC,GGS,10,7,Q,2015-Q3,204,AUD,6,,
ABS:ANA_SFD(1.0.0),C,GFC,GGS,10,7,Q,2015-Q4,236,AUD,6,,
ABS:ANA_SFD(1.0.0),C,GFC,GGS,10,7,Q,2016-Q1,225,AUD,6,,
ABS:ANA_SFD(1.0.0),C,GFC,GGS,10,7,Q,2016-Q2,334,AUD,6,,
ABS:ANA_SFD(1.0.0),C,GFC,GGS,10,7,Q,2016-Q3,280,AUD,6,,
ABS:ANA_SFD(1.0.0),C,GFC,GGS,10,7,Q,2016-Q4,353,AUD,6,,
ABS:ANA_SFD(1.0.0),C,GFC,GGS,10,7,Q,2017-Q1,241,AUD,6,,
ABS:ANA_SFD(1.0.0),C,GFC,GGS,10,7,Q,2017-Q2,345,AUD,6,,
ABS:ANA_SFD(1.0.0),C,GFC,GGS,10,7,Q,2017-Q3,282,AUD,6,,
ABS:ANA_SFD(1.0.0),C,GFC,GGS,10,7,Q,2017-Q4,367,AUD,6,,
ABS:ANA_SFD(1.0.0),C,GFC,GGS,10,7,Q,2018-Q1,264,AUD,6,,
ABS:ANA_SFD(1.0.0),C,GFC,GGS,10,7,Q,2018-Q2,417,AUD,6,,
ABS:ANA_SFD(1.0.0),C,GFC,GGS,10,7,Q,2018-Q3,332,AUD,6,,
ABS:ANA_SFD(1.0.0),C,GFC,GGS,10,7,Q,2018-Q4,381,AUD,6,,
ABS:ANA_SFD(1.0.0),C,GFC,GGS,10,7,Q,2019-Q1,287,AUD,6,,
ABS:ANA_SFD(1.0.0),C,GFC,GGS,10,7,Q,2019-Q2,384,AUD,6,,
ABS:ANA_SFD(1.0.0),C,GFC,GGS,10,7,Q,2019-Q3,242,AUD,6,,
ABS:ANA_SFD(1.0.0),C,GFC,GGS,10,7,Q,2019-Q4,324,AUD,6,,
ABS:ANA_SFD(1.0.0),C,GFC,GGS,10,7,Q,2020-Q1,244,AUD,6,,
ABS:ANA_SFD(1.0.0),C,GFC,GGS,10,7,Q,2020-Q2,316,AUD,6,,
ABS:ANA_SFD(1.0.0),C,GFC,GGS,10,7,Q,2020-Q3,260,AUD,6,,
ABS:ANA_SFD(1.0.0),C,GFC,GGS,10,7,Q,2020-Q4,334,AUD,6,,
ABS:ANA_SFD(1.0.0),C,GFC,GGS,10,7,Q,2021-Q1,237,AUD,6,,
ABS:ANA_SFD(1.0.0),C,GFC,GGS,10,7,Q,2021-Q2,389,AUD,6,,
ABS:ANA_SFD(1.0.0),C,GFC,GGS,10,7,Q,2021-Q3,297,AUD,6,,
ABS:ANA_SFD(1.0.0),C,GFC,GGS,10,7,Q,2021-Q4,385,AUD,6,,
ABS:ANA_SFD(1.0.0),C,GFC,GGS,10,7,Q,2022-Q1,314,AUD,6,,
ABS:ANA_SFD(1.0.0),C,GFC,GGS,10,7,Q,2022-Q2,483,AUD,6,,
ABS:ANA_SFD(1.0.0),C,GFC,GGS,10,7,Q,2022-Q3,370,AUD,6,,
ABS:ANA_SFD(1.0.0),C,GFC,GGS,10,7,Q,2022-Q4,491,AUD,6,,
ABS:ANA_SFD(1.0.0),C,GFC,GGS,10,7,Q,2023-Q1,381,AUD,6,,
ABS:ANA_SFD(1.0.0),C,GFC,GGS,10,7,Q,2023-Q2,632,AUD,6,,
ABS:ANA_SFD(1.0.0),C,GFC,GGS,10,7,Q,2023-Q3,479,AUD,6,,
ABS:ANA_SFD(1.0.0),C,GFC,GGS,10,7,Q,2023-Q4,609,AUD,6,,
ABS:ANA_SFD(1.0.0),C,GFC,GGS,10,7,Q,2024-Q1,407,AUD,6,,
ABS:ANA_SFD(1.0.0),C,GFC,GGS,10,7,Q,2024-Q2,721,AUD,6,,
ABS:ANA_SFD(1.0.0),C,GFC,GGS,10,7,Q,2024-Q3,530,AUD,6,,
ABS:ANA_SFD(1.0.0),C,GFC,GGS,10,7,Q,2024-Q4,571,AUD,6,,
ABS:ANA_SFD(1.0.0),C,GFC,GGS,10,7,Q,2025-Q1,442,AUD,6,,
ABS:ANA_SFD(1.0.0),C,GFC,GGS,10,7,Q,2025-Q2,690,AUD,6,,
ABS:ANA_SFD(1.0.0),C,GFC,GGS,10,7,Q,2025-Q3,480,AUD,6,,
ABS:ANA_SFD(1.0.0),C,GFC,GGS,10,7,Q,2025-Q4,568,AUD,6,,
ABS:ANA_SFD(1.0.0),C,GFC,GGS,10,7,Q,2026-Q1,702,AUD,6,,
ABS:ANA_SFD(1.0.0),C,GFC,GGS,10,7,Q,2026-Q2,508,AUD,6,,
ABS:ANA_SFD(1.0.0),C,GFC,GGC,10,4,Q,2010-Q1,347,AUD,6,,
ABS:ANA_SFD(1.0.0),C,GFC,GGC,10,4,Q,2010-Q2,556,AUD,6,,
ABS:ANA_SFD(1.0.0),C,GFC,GGC,10,4,Q,2010-Q3,293,AUD,6,,
ABS:ANA_SFD(1.0.0),C,GFC,GGC,10,4,Q,2010-Q4,399,AUD,6,,
ABS:ANA_SFD(1.0.0),C,GFC,GGC,10,4,Q,2011-Q1,307,AUD,6,,
ABS:ANA_SFD(1.0.0),C,GFC,GGC,10,4,Q,2011-Q2,446,AUD,6,,
ABS:ANA_SFD(1.0.0),C,GFC,GGC,10,4,Q,2011-Q3,288,AUD,6,,
ABS:ANA_SFD(1.0.0),C,GFC,GGC,10,4,Q,2011-Q4,355,AUD,6,,
ABS:ANA_SFD(1.0.0),C,GFC,GGC,10,4,Q,2012-Q1,273,AUD,6,,
ABS:ANA_SFD(1.0.0),C,GFC,GGC,10,4,Q,2012-Q2,522,AUD,6,,
ABS:ANA_SFD(1.0.0),C,GFC,GGC,10,4,Q,2012-Q3,260,AUD,6,,
ABS:ANA_SFD(1.0.0),C,GFC,GGC,10,4,Q,2012-Q4,301,AUD,6,,
ABS:ANA_SFD(1.0.0),C,GFC,GGC,10,4,Q,2013-Q1,245,AUD,6,,
ABS:ANA_SFD(1.0.0),C,GFC,GGC,10,4,Q,2013-Q2,384,AUD,6,,
ABS:ANA_SFD(1.0.0),C,GFC,GGC,10,4,Q,2013-Q3,241,AUD,6,,
ABS:ANA_SFD(1.0.0),C,GFC,GGC,10,4,Q,2013-Q4,304,AUD,6,,
ABS:ANA_SFD(1.0.0),C,GFC,GGC,10,4,Q,2014-Q1,224,AUD,6,,
ABS:ANA_SFD(1.0.0),C,GFC,GGC,10,4,Q,2014-Q2,320,AUD,6,,
ABS:ANA_SFD(1.0.0),C,GFC,GGC,10,4,Q,2014-Q3,269,AUD,6,,
ABS:ANA_SFD(1.0.0),C,GFC,GGC,10,4,Q,2014-Q4,322,AUD,6,,
ABS:ANA_SFD(1.0.0),C,GFC,GGC,10,4,Q,2015-Q1,247,AUD,6,,
ABS:ANA_SFD(1.0.0),C,GFC,GGC,10,4,Q,2015-Q2,436,AUD,6,,
ABS:ANA_SFD(1.0.0),C,GFC,GGC,10,4,Q,2015-Q3,232,AUD,6,,
ABS:ANA_SFD(1.0.0),C,GFC,GGC,10,4,Q,2015-Q4,352,AUD,6,,
ABS:ANA_SFD(1.0.0),C,GFC,GGC,10,4,Q,2016-Q1,302,AUD,6,,
ABS:ANA_SFD(1.0.0),C,GFC,GGC,10,4,Q,2016-Q2,386,AUD,6,,
ABS:ANA_SFD(1.0.0),C,GFC,GGC,10,4,Q,2016-Q3,325,AUD,6,,
ABS:ANA_SFD(1.0.0),C,GFC,GGC,10,4,Q,2016-Q4,449,AUD,6,,
ABS:ANA_SFD(1.0.0),C,GFC,GGC,10,4,Q,2017-Q1,300,AUD,6,,
ABS:ANA_SFD(1.0.0),C,GFC,GGC,10,4,Q,2017-Q2,403,AUD,6,,
ABS:ANA_SFD(1.0.0),C,GFC,GGC,10,4,Q,2017-Q3,327,AUD,6,,
ABS:ANA_SFD(1.0.0),C,GFC,GGC,10,4,Q,2017-Q4,504,AUD,6,,
ABS:ANA_SFD(1.0.0),C,GFC,GGC,10,4,Q,2018-Q1,342,AUD,6,,
ABS:ANA_SFD(1.0.0),C,GFC,GGC,10,4,Q,2018-Q2,462,AUD,6,,
ABS:ANA_SFD(1.0.0),C,GFC,GGC,10,4,Q,2018-Q3,364,AUD,6,,
ABS:ANA_SFD(1.0.0),C,GFC,GGC,10,4,Q,2018-Q4,381,AUD,6,,
ABS:ANA_SFD(1.0.0),C,GFC,GGC,10,4,Q,2019-Q1,313,AUD,6,,
ABS:ANA_SFD(1.0.0),C,GFC,GGC,10,4,Q,2019-Q2,477,AUD,6,,
ABS:ANA_SFD(1.0.0),C,GFC,GGC,10,4,Q,2019-Q3,313,AUD,6,,
ABS:ANA_SFD(1.0.0),C,GFC,GGC,10,4,Q,2019-Q4,394,AUD,6,,
ABS:ANA_SFD(1.0.0),C,GFC,GGC,10,4,Q,2020-Q1,307,AUD,6,,
ABS:ANA_SFD(1.0.0),C,GFC,GGC,10,4,Q,2020-Q2,402,AUD,6,,
ABS:ANA_SFD(1.0.0),C,GFC,GGC,10,4,Q,2020-Q3,310,AUD,6,,
ABS:ANA_SFD(1.0.0),C,GFC,GGC,10,4,Q,2020-Q4,395,AUD,6,,
ABS:ANA_SFD(1.0.0),C,GFC,GGC,10,4,Q,2021-Q1,293,AUD,6,,
ABS:ANA_SFD(1.0.0),C,GFC,GGC,10,4,Q,2021-Q2,432,AUD,6,,
ABS:ANA_SFD(1.0.0),C,GFC,GGC,10,4,Q,2021-Q3,380,AUD,6,,
ABS:ANA_SFD(1.0.0),C,GFC,GGC,10,4,Q,2021-Q4,375,AUD,6,,
ABS:ANA_SFD(1.0.0),C,GFC,GGC,10,4,Q,2022-Q1,319,AUD,6,,
ABS:ANA_SFD(1.0.0),C,GFC,GGC,10,4,Q,2022-Q2,501,AUD,6,,
ABS:ANA_SFD(1.0.0),C,GFC,GGC,10,4,Q,2022-Q3,364,AUD,6,,
ABS:ANA_SFD(1.0.0),C,GFC,GGC,10,4,Q,2022-Q4,450,AUD,6,,
ABS:ANA_SFD(1.0.0),C,GFC,GGC,10,4,Q,2023-Q1,357,AUD,6,,
ABS:ANA_SFD(1.0.0),C,GFC,GGC,10,4,Q,2023-Q2,560,AUD,6,,
ABS:ANA_SFD(1.0.0),C,GFC,GGC,10,4,Q,2023-Q3,413,AUD,6,,
ABS:ANA_SFD(1.0.0),C,GFC,GGC,10,4,Q,2023-Q4,483,AUD,6,,
ABS:ANA_SFD(1.0.0),C,GFC,GGC,10,4,Q,2024-Q1,438,AUD,6,,
ABS:ANA_SFD(1.0.0),C,GFC,GGC,10,4,Q,2024-Q2,665,AUD,6,,
ABS:ANA_SFD(1.0.0),C,GFC,GGC,10,4,Q,2024-Q3,555,AUD,6,,
ABS:ANA_SFD(1.0.0),C,GFC,GGC,10,4,Q,2024-Q4,563,AUD,6,,
ABS:ANA_SFD(1.0.0),C,GFC,GGC,10,4,Q,2025-Q1,541,AUD,6,,
ABS:ANA_SFD(1.0.0),C,GFC,GGC,10,4,Q,2025-Q2,627,AUD,6,,
ABS:ANA_SFD(1.0.0),C,GFC,GGC,10,4,Q,2025-Q3,513,AUD,6,,
ABS:ANA_SFD(1.0.0),C,GFC,GGC,10,4,Q,2025-Q4,593,AUD,6,,
ABS:ANA_SFD(1.0.0),C,GFC,GGC,10,4,Q,2026-Q1,473,AUD,6,,
ABS:ANA_SFD(1.0.0),C,GFC,GGC,10,4,Q,2026-Q2,648,AUD,6,,
ABS:ANA_SFD(1.0.0),C,GFC,GES_SL,10,2,Q,2010-Q1,887,AUD,6,,
ABS:ANA_SFD(1.0.0),C,GFC,GES_SL,10,2,Q,2010-Q2,1488,AUD,6,,
ABS:ANA_SFD(1.0.0),C,GFC,GES_SL,10,2,Q,2010-Q3,1196,AUD,6,,
ABS:ANA_SFD(1.0.0),C,GFC,GES_SL,10,2,Q,2010-Q4,1137,AUD,6,,
ABS:ANA_SFD(1.0.0),C,GFC,GES_SL,10,2,Q,2011-Q1,1014,AUD,6,,
ABS:ANA_SFD(1.0.0),C,GFC,GES_SL,10,2,Q,2011-Q2,1383,AUD,6,,
ABS:ANA_SFD(1.0.0),C,GFC,GES_SL,10,2,Q,2011-Q3,787,AUD,6,,
ABS:ANA_SFD(1.0.0),C,GFC,GES_SL,10,2,Q,2011-Q4,1072,AUD,6,,
ABS:ANA_SFD(1.0.0),C,GFC,GES_SL,10,2,Q,2012-Q1,1073,AUD,6,,
ABS:ANA_SFD(1.0.0),C,GFC,GES_SL,10,2,Q,2012-Q2,1207,AUD,6,,
ABS:ANA_SFD(1.0.0),C,GFC,GES_SL,10,2,Q,2012-Q3,901,AUD,6,,
ABS:ANA_SFD(1.0.0),C,GFC,GES_SL,10,2,Q,2012-Q4,4854,AUD,6,,
ABS:ANA_SFD(1.0.0),C,GFC,GES_SL,10,2,Q,2013-Q1,1294,AUD,6,,
ABS:ANA_SFD(1.0.0),C,GFC,GES_SL,10,2,Q,2013-Q2,1458,AUD,6,,
ABS:ANA_SFD(1.0.0),C,GFC,GES_SL,10,2,Q,2013-Q3,527,AUD,6,,
ABS:ANA_SFD(1.0.0),C,GFC,GES_SL,10,2,Q,2013-Q4,632,AUD,6,,
ABS:ANA_SFD(1.0.0),C,GFC,GES_SL,10,2,Q,2014-Q1,812,AUD,6,,
ABS:ANA_SFD(1.0.0),C,GFC,GES_SL,10,2,Q,2014-Q2,1323,AUD,6,,
ABS:ANA_SFD(1.0.0),C,GFC,GES_SL,10,2,Q,2014-Q3,443,AUD,6,,
ABS:ANA_SFD(1.0.0),C,GFC,GES_SL,10,2,Q,2014-Q4,529,AUD,6,,
ABS:ANA_SFD(1.0.0),C,GFC,GES_SL,10,2,Q,2015-Q1,691,AUD,6,,
ABS:ANA_SFD(1.0.0),C,GFC,GES_SL,10,2,Q,2015-Q2,946,AUD,6,,
ABS:ANA_SFD(1.0.0),C,GFC,GES_SL,10,2,Q,2015-Q3,514,AUD,6,,
ABS:ANA_SFD(1.0.0),C,GFC,GES_SL,10,2,Q,2015-Q4,607,AUD,6,,
ABS:ANA_SFD(1.0.0),C,GFC,GES_SL,10,2,Q,2016-Q1,776,AUD,6,,
ABS:ANA_SFD(1.0.0),C,GFC,GES_SL,10,2,Q,2016-Q2,834,AUD,6,,
ABS:ANA_SFD(1.0.0),C,GFC,GES_SL,10,2,Q,2016-Q3,417,AUD,6,,
ABS:ANA_SFD(1.0.0),C,GFC,GES_SL,10,2,Q,2016-Q4,519,AUD,6,,
ABS:ANA_SFD(1.0.0),C,GFC,GES_SL,10,2,Q,2017-Q1,503,AUD,6,,
ABS:ANA_SFD(1.0.0),C,GFC,GES_SL,10,2,Q,2017-Q2,902,AUD,6,,
ABS:ANA_SFD(1.0.0),C,GFC,GES_SL,10,2,Q,2017-Q3,426,AUD,6,,
ABS:ANA_SFD(1.0.0),C,GFC,GES_SL,10,2,Q,2017-Q4,537,AUD,6,,
ABS:ANA_SFD(1.0.0),C,GFC,GES_SL,10,2,Q,2018-Q1,684,AUD,6,,
ABS:ANA_SFD(1.0.0),C,GFC,GES_SL,10,2,Q,2018-Q2,739,AUD,6,,
ABS:ANA_SFD(1.0.0),C,GFC,GES_SL,10,2,Q,2018-Q3,546,AUD,6,,
ABS:ANA_SFD(1.0.0),C,GFC,GES_SL,10,2,Q,2018-Q4,570,AUD,6,,
ABS:ANA_SFD(1.0.0),C,GFC,GES_SL,10,2,Q,2019-Q1,610,AUD,6,,
ABS:ANA_SFD(1.0.0),C,GFC,GES_SL,10,2,Q,2019-Q2,1027,AUD,6,,
ABS:ANA_SFD(1.0.0),C,GFC,GES_SL,10,2,Q,2019-Q3,562,AUD,6,,
ABS:ANA_SFD(1.0.0),C,GFC,GES_SL,10,2,Q,2019-Q4,611,AUD,6,,
ABS:ANA_SFD(1.0.0),C,GFC,GES_SL,10,2,Q,2020-Q1,719,AUD,6,,
ABS:ANA_SFD(1.0.0),C,GFC,GES_SL,10,2,Q,2020-Q2,818,AUD,6,,
ABS:ANA_SFD(1.0.0),C,GFC,GES_SL,10,2,Q,2020-Q3,639,AUD,6,,
ABS:ANA_SFD(1.0.0),C,GFC,GES_SL,10,2,Q,2020-Q4,739,AUD,6,,
ABS:ANA_SFD(1.0.0),C,GFC,GES_SL,10,2,Q,2021-Q1,881,AUD,6,,
ABS:ANA_SFD(1.0.0),C,GFC,GES_SL,10,2,Q,2021-Q2,1232,AUD,6,,
ABS:ANA_SFD(1.0.0),C,GFC,GES_SL,10,2,Q,2021-Q3,775,AUD,6,,
ABS:ANA_SFD(1.0.0),C,GFC,GES_SL,10,2,Q,2021-Q4,903,AUD,6,,
ABS:ANA_SFD(1.0.0),C,GFC,GES_SL,10,2,Q,2022-Q1,1000,AUD,6,,
ABS:ANA_SFD(1.0.0),C,GFC,GES_SL,10,2,Q,2022-Q2,1438,AUD,6,,
ABS:ANA_SFD(1.0.0),C,GFC,GES_SL,10,2,Q,2022-Q3,1059,AUD,6,,
ABS:ANA_SFD(1.0.0),C,GFC,GES_SL,10,2,Q,2022-Q4,1146,AUD,6,,
ABS:ANA_SFD(1.0.0),C,GFC,GES_SL,10,2,Q,2023-Q1,1175,AUD,6,,
ABS:ANA_SFD(1.0.0),C,GFC,GES_SL,10,2,Q,2023-Q2,1826,AUD,6,,
ABS:ANA_SFD(1.0.0),C,GFC,GES_SL,10,2,Q,2023-Q3,1490,AUD,6,,
ABS:ANA_SFD(1.0.0),C,GFC,GES_SL,10,2,Q,2023-Q4,1690,AUD,6,,
ABS:ANA_SFD(1.0.0),C,GFC,GES_SL,10,2,Q,2024-Q1,1431,AUD,6,,
ABS:ANA_SFD(1.0.0),C,GFC,GES_SL,10,2,Q,2024-Q2,1899,AUD,6,,
ABS:ANA_SFD(1.0.0),C,GFC,GES_SL,10,2,Q,2024-Q3,1644,AUD,6,,
ABS:ANA_SFD(1.0.0),C,GFC,GES_SL,10,2,Q,2024-Q4,2135,AUD,6,,
ABS:ANA_SFD(1.0.0),C,GFC,GES_SL,10,2,Q,2025-Q1,1952,AUD,6,,
ABS:ANA_SFD(1.0.0),C,GFC,GES_SL,10,2,Q,2025-Q2,2444,AUD,6,,
ABS:ANA_SFD(1.0.0),C,GFC,GES_SL,10,2,Q,2025-Q3,2052,AUD,6,,
ABS:ANA_SFD(1.0.0),C,GFC,GES_SL,10,2,Q,2025-Q4,2249,AUD,6,,
ABS:ANA_SFD(1.0.0),C,GFC,GES_SL,10,2,Q,2026-Q1,1986,AUD,6,,
ABS:ANA_SFD(1.0.0),C,GFC,GES_SL,10,2,Q,2026-Q2,2626,AUD,6,,
ABS:ANA_SFD(1.0.0),C,GFC,GGS_SL,10,3,Q,2010-Q1,2845,AUD,6,,
ABS:ANA_SFD(1.0.0),C,GFC,GGS_SL,10,3,Q,2010-Q2,3121,AUD,6,,
ABS:ANA_SFD(1.0.0),C,GFC,GGS_SL,10,3,Q,2010-Q3,2580,AUD,6,,
ABS:ANA_SFD(1.0.0),C,GFC,GGS_SL,10,3,Q,2010-Q4,3287,AUD,6,,
ABS:ANA_SFD(1.0.0),C,GFC,GGS_SL,10,3,Q,2011-Q1,2557,AUD,6,,
ABS:ANA_SFD(1.0.0),C,GFC,GGS_SL,10,3,Q,2011-Q2,2332,AUD,6,,
ABS:ANA_SFD(1.0.0),C,GFC,GGS_SL,10,3,Q,2011-Q3,2811,AUD,6,,
ABS:ANA_SFD(1.0.0),C,GFC,GGS_SL,10,3,Q,2011-Q4,3290,AUD,6,,
ABS:ANA_SFD(1.0.0),C,GFC,GGS_SL,10,3,Q,2012-Q1,2349,AUD,6,,
ABS:ANA_SFD(1.0.0),C,GFC,GGS_SL,10,3,Q,2012-Q2,3159,AUD,6,,
ABS:ANA_SFD(1.0.0),C,GFC,GGS_SL,10,3,Q,2012-Q3,2894,AUD,6,,
ABS:ANA_SFD(1.0.0),C,GFC,GGS_SL,10,3,Q,2012-Q4,3016,AUD,6,,
ABS:ANA_SFD(1.0.0),C,GFC,GGS_SL,10,3,Q,2013-Q1,2272,AUD,6,,
ABS:ANA_SFD(1.0.0),C,GFC,GGS_SL,10,3,Q,2013-Q2,2597,AUD,6,,
ABS:ANA_SFD(1.0.0),C,GFC,GGS_SL,10,3,Q,2013-Q3,2514,AUD,6,,
ABS:ANA_SFD(1.0.0),C,GFC,GGS_SL,10,3,Q,2013-Q4,2677,AUD,6,,
ABS:ANA_SFD(1.0.0),C,GFC,GGS_SL,10,3,Q,2014-Q1,2289,AUD,6,,
ABS:ANA_SFD(1.0.0),C,GFC,GGS_SL,10,3,Q,2014-Q2,3220,AUD,6,,
ABS:ANA_SFD(1.0.0),C,GFC,GGS_SL,10,3,Q,2014-Q3,2215,AUD,6,,
ABS:ANA_SFD(1.0.0),C,GFC,GGS_SL,10,3,Q,2014-Q4,2129,AUD,6,,
ABS:ANA_SFD(1.0.0),C,GFC,GGS_SL,10,3,Q,2015-Q1,1695,AUD,6,,
ABS:ANA_SFD(1.0.0),C,GFC,GGS_SL,10,3,Q,2015-Q2,2991,AUD,6,,
ABS:ANA_SFD(1.0.0),C,GFC,GGS_SL,10,3,Q,2015-Q3,1932,AUD,6,,
ABS:ANA_SFD(1.0.0),C,GFC,GGS_SL,10,3,Q,2015-Q4,2228,AUD,6,,
ABS:ANA_SFD(1.0.0),C,GFC,GGS_SL,10,3,Q,2016-Q1,2012,AUD,6,,
ABS:ANA_SFD(1.0.0),C,GFC,GGS_SL,10,3,Q,2016-Q2,2528,AUD,6,,
ABS:ANA_SFD(1.0.0),C,GFC,GGS_SL,10,3,Q,2016-Q3,1899,AUD,6,,
ABS:ANA_SFD(1.0.0),C,GFC,GGS_SL,10,3,Q,2016-Q4,2253,AUD,6,,
ABS:ANA_SFD(1.0.0),C,GFC,GGS_SL,10,3,Q,2017-Q1,2237,AUD,6,,
ABS:ANA_SFD(1.0.0),C,GFC,GGS_SL,10,3,Q,2017-Q2,2776,AUD,6,,
ABS:ANA_SFD(1.0.0),C,GFC,GGS_SL,10,3,Q,2017-Q3,2197,AUD,6,,
ABS:ANA_SFD(1.0.0),C,GFC,GGS_SL,10,3,Q,2017-Q4,2503,AUD,6,,
ABS:ANA_SFD(1.0.0),C,GFC,GGS_SL,10,3,Q,2018-Q1,2252,AUD,6,,
ABS:ANA_SFD(1.0.0),C,GFC,GGS_SL,10,3,Q,2018-Q2,3130,AUD,6,,
ABS:ANA_SFD(1.0.0),C,GFC,GGS_SL,10,3,Q,2018-Q3,2451,AUD,6,,
ABS:ANA_SFD(1.0.0),C,GFC,GGS_SL,10,3,Q,2018-Q4,2912,AUD,6,,
ABS:ANA_SFD(1.0.0),C,GFC,GGS_SL,10,3,Q,2019-Q1,2837,AUD,6,,
ABS:ANA_SFD(1.0.0),C,GFC,GGS_SL,10,3,Q,2019-Q2,3674,AUD,6,,
ABS:ANA_SFD(1.0.0),C,GFC,GGS_SL,10,3,Q,2019-Q3,2960,AUD,6,,
ABS:ANA_SFD(1.0.0),C,GFC,GGS_SL,10,3,Q,2019-Q4,3381,AUD,6,,
ABS:ANA_SFD(1.0.0),C,GFC,GGS_SL,10,3,Q,2020-Q1,2938,AUD,6,,
ABS:ANA_SFD(1.0.0),C,GFC,GGS_SL,10,3,Q,2020-Q2,3773,AUD,6,,
ABS:ANA_SFD(1.0.0),C,GFC,GGS_SL,10,3,Q,2020-Q3,2898,AUD,6,,
ABS:ANA_SFD(1.0.0),C,GFC,GGS_SL,10,3,Q,2020-Q4,3425,AUD,6,,
ABS:ANA_SFD(1.0.0),C,GFC,GGS_SL,10,3,Q,2021-Q1,2984,AUD,6,,
ABS:ANA_SFD(1.0.0),C,GFC,GGS_SL,10,3,Q,2021-Q2,4406,AUD,6,,
ABS:ANA_SFD(1.0.0),C,GFC,GGS_SL,10,3,Q,2021-Q3,3173,AUD,6,,
ABS:ANA_SFD(1.0.0),C,GFC,GGS_SL,10,3,Q,2021-Q4,3275,AUD,6,,
ABS:ANA_SFD(1.0.0),C,GFC,GGS_SL,10,3,Q,2022-Q1,2892,AUD,6,,
ABS:ANA_SFD(1.0.0),C,GFC,GGS_SL,10,3,Q,2022-Q2,4050,AUD,6,,
ABS:ANA_SFD(1.0.0),C,GFC,GGS_SL,10,3,Q,2022-Q3,3327,AUD,6,,
ABS:ANA_SFD(1.0.0),C,GFC,GGS_SL,10,3,Q,2022-Q4,4031,AUD,6,,
ABS:ANA_SFD(1.0.0),C,GFC,GGS_SL,10,3,Q,2023-Q1,3855,AUD,6,,
ABS:ANA_SFD(1.0.0),C,GFC,GGS_SL,10,3,Q,2023-Q2,5382,AUD,6,,
ABS:ANA_SFD(1.0.0),C,GFC,GGS_SL,10,3,Q,2023-Q3,4098,AUD,6,,
ABS:ANA_SFD(1.0.0),C,GFC,GGS_SL,10,3,Q,2023-Q4,4557,AUD,6,,
ABS:ANA_SFD(1.0.0),C,GFC,GGS_SL,10,3,Q,2024-Q1,4023,AUD,6,,
ABS:ANA_SFD(1.0.0),C,GFC,GGS_SL,10,3,Q,2024-Q2,5097,AUD,6,,
ABS:ANA_SFD(1.0.0),C,GFC,GGS_SL,10,3,Q,2024-Q3,4256,AUD,6,,
ABS:ANA_SFD(1.0.0),C,GFC,GGS_SL,10,3,Q,2024-Q4,5137,AUD,6,,
ABS:ANA_SFD(1.0.0),C,GFC,GGS_SL,10,3,Q,2025-Q1,4552,AUD,6,,
ABS:ANA_SFD(1.0.0),C,GFC,GGS_SL,10,3,Q,2025-Q2,5601,AUD,6,,
ABS:ANA_SFD(1.0.0),C,GFC,GGS_SL,10,3,Q,2025-Q3,4504,AUD,6,,
ABS:ANA_SFD(1.0.0),C,GFC,GGS_SL,10,3,Q,2025-Q4,5173,AUD,6,,
ABS:ANA_SFD(1.0.0),C,GFC,GGS_SL,10,3,Q,2026-Q1,4742,AUD,6,,
ABS:ANA_SFD(1.0.0),C,GFC,GGS_SL,10,3,Q,2026-Q2,6084,AUD,6,,
ABS:ANA_SFD(1.0.0),C,GFC,GGC,10,5,Q,2010-Q1,262,AUD,6,,
ABS:ANA_SFD(1.0.0),C,GFC,GGC,10,5,Q,2010-Q2,494,AUD,6,,
ABS:ANA_SFD(1.0.0),C,GFC,GGC,10,5,Q,2010-Q3,186,AUD,6,,
ABS:ANA_SFD(1.0.0),C,GFC,GGC,10,5,Q,2010-Q4,342,AUD,6,,
ABS:ANA_SFD(1.0.0),C,GFC,GGC,10,5,Q,2011-Q1,229,AUD,6,,
ABS:ANA_SFD(1.0.0),C,GFC,GGC,10,5,Q,2011-Q2,398,AUD,6,,
ABS:ANA_SFD(1.0.0),C,GFC,GGC,10,5,Q,2011-Q3,198,AUD,6,,
ABS:ANA_SFD(1.0.0),C,GFC,GGC,10,5,Q,2011-Q4,286,AUD,6,,
ABS:ANA_SFD(1.0.0),C,GFC,GGC,10,5,Q,2012-Q1,184,AUD,6,,
ABS:ANA_SFD(1.0.0),C,GFC,GGC,10,5,Q,2012-Q2,561,AUD,6,,
ABS:ANA_SFD(1.0.0),C,GFC,GGC,10,5,Q,2012-Q3,218,AUD,6,,
ABS:ANA_SFD(1.0.0),C,GFC,GGC,10,5,Q,2012-Q4,197,AUD,6,,
ABS:ANA_SFD(1.0.0),C,GFC,GGC,10,5,Q,2013-Q1,196,AUD,6,,
ABS:ANA_SFD(1.0.0),C,GFC,GGC,10,5,Q,2013-Q2,278,AUD,6,,
ABS:ANA_SFD(1.0.0),C,GFC,GGC,10,5,Q,2013-Q3,232,AUD,6,,
ABS:ANA_SFD(1.0.0),C,GFC,GGC,10,5,Q,2013-Q4,270,AUD,6,,
ABS:ANA_SFD(1.0.0),C,GFC,GGC,10,5,Q,2014-Q1,210,AUD,6,,
ABS:ANA_SFD(1.0.0),C,GFC,GGC,10,5,Q,2014-Q2,301,AUD,6,,
ABS:ANA_SFD(1.0.0),C,GFC,GGC,10,5,Q,2014-Q3,218,AUD,6,,
ABS:ANA_SFD(1.0.0),C,GFC,GGC,10,5,Q,2014-Q4,289,AUD,6,,
ABS:ANA_SFD(1.0.0),C,GFC,GGC,10,5,Q,2015-Q1,207,AUD,6,,
ABS:ANA_SFD(1.0.0),C,GFC,GGC,10,5,Q,2015-Q2,337,AUD,6,,
ABS:ANA_SFD(1.0.0),C,GFC,GGC,10,5,Q,2015-Q3,221,AUD,6,,
ABS:ANA_SFD(1.0.0),C,GFC,GGC,10,5,Q,2015-Q4,289,AUD,6,,
ABS:ANA_SFD(1.0.0),C,GFC,GGC,10,5,Q,2016-Q1,332,AUD,6,,
ABS:ANA_SFD(1.0.0),C,GFC,GGC,10,5,Q,2016-Q2,394,AUD,6,,
ABS:ANA_SFD(1.0.0),C,GFC,GGC,10,5,Q,2016-Q3,225,AUD,6,,
ABS:ANA_SFD(1.0.0),C,GFC,GGC,10,5,Q,2016-Q4,359,AUD,6,,
ABS:ANA_SFD(1.0.0),C,GFC,GGC,10,5,Q,2017-Q1,310,AUD,6,,
ABS:ANA_SFD(1.0.0),C,GFC,GGC,10,5,Q,2017-Q2,443,AUD,6,,
ABS:ANA_SFD(1.0.0),C,GFC,GGC,10,5,Q,2017-Q3,305,AUD,6,,
ABS:ANA_SFD(1.0.0),C,GFC,GGC,10,5,Q,2017-Q4,398,AUD,6,,
ABS:ANA_SFD(1.0.0),C,GFC,GGC,10,5,Q,2018-Q1,297,AUD,6,,
ABS:ANA_SFD(1.0.0),C,GFC,GGC,10,5,Q,2018-Q2,452,AUD,6,,
ABS:ANA_SFD(1.0.0),C,GFC,GGC,10,5,Q,2018-Q3,360,AUD,6,,
ABS:ANA_SFD(1.0.0),C,GFC,GGC,10,5,Q,2018-Q4,370,AUD,6,,
ABS:ANA_SFD(1.0.0),C,GFC,GGC,10,5,Q,2019-Q1,308,AUD,6,,
ABS:ANA_SFD(1.0.0),C,GFC,GGC,10,5,Q,2019-Q2,534,AUD,6,,
ABS:ANA_SFD(1.0.0),C,GFC,GGC,10,5,Q,2019-Q3,354,AUD,6,,
ABS:ANA_SFD(1.0.0),C,GFC,GGC,10,5,Q,2019-Q4,479,AUD,6,,
ABS:ANA_SFD(1.0.0),C,GFC,GGC,10,5,Q,2020-Q1,338,AUD,6,,
ABS:ANA_SFD(1.0.0),C,GFC,GGC,10,5,Q,2020-Q2,453,AUD,6,,
ABS:ANA_SFD(1.0.0),C,GFC,GGC,10,5,Q,2020-Q3,309,AUD,6,,
ABS:ANA_SFD(1.0.0),C,GFC,GGC,10,5,Q,2020-Q4,442,AUD,6,,
ABS:ANA_SFD(1.0.0),C,GFC,GGC,10,5,Q,2021-Q1,284,AUD,6,,
ABS:ANA_SFD(1.0.0),C,GFC,GGC,10,5,Q,2021-Q2,487,AUD,6,,
ABS:ANA_SFD(1.0.0),C,GFC,GGC,10,5,Q,2021-Q3,426,AUD,6,,
ABS:ANA_SFD(1.0.0),C,GFC,GGC,10,5,Q,2021-Q4,473,AUD,6,,
ABS:ANA_SFD(1.0.0),C,GFC,GGC,10,5,Q,2022-Q1,429,AUD,6,,
ABS:ANA_SFD(1.0.0),C,GFC,GGC,10,5,Q,2022-Q2,717,AUD,6,,
ABS:ANA_SFD(1.0.0),C,GFC,GGC,10,5,Q,2022-Q3,477,AUD,6,,
ABS:ANA_SFD(1.0.0),C,GFC,GGC,10,5,Q,2022-Q4,532,AUD,6,,
ABS:ANA_SFD(1.0.0),C,GFC,GGC,10,5,Q,2023-Q1,364,AUD,6,,
ABS:ANA_SFD(1.0.0),C,GFC,GGC,10,5,Q,2023-Q2,669,AUD,6,,
ABS:ANA_SFD(1.0.0),C,GFC,GGC,10,5,Q,2023-Q3,436,AUD,6,,
ABS:ANA_SFD(1.0.0),C,GFC,GGC,10,5,Q,2023-Q4,486,AUD,6,,
ABS:ANA_SFD(1.0.0),C,GFC,GGC,10,5,Q,2024-Q1,386,AUD,6,,
ABS:ANA_SFD(1.0.0),C,GFC,GGC,10,5,Q,2024-Q2,685,AUD,6,,
ABS:ANA_SFD(1.0.0),C,GFC,GGC,10,5,Q,2024-Q3,594,AUD,6,,
ABS:ANA_SFD(1.0.0),C,GFC,GGC,10,5,Q,2024-Q4,599,AUD,6,,
ABS:ANA_SFD(1.0.0),C,GFC,GGC,10,5,Q,2025-Q1,492,AUD,6,,
ABS:ANA_SFD(1.0.0),C,GFC,GGC,10,5,Q,2025-Q2,717,AUD,6,,
ABS:ANA_SFD(1.0.0),C,GFC,GGC,10,5,Q,2025-Q3,577,AUD,6,,
ABS:ANA_SFD(1.0.0),C,GFC,GGC,10,5,Q,2025-Q4,787,AUD,6,,
ABS:ANA_SFD(1.0.0),C,GFC,GGC,10,5,Q,2026-Q1,652,AUD,6,,
ABS:ANA_SFD(1.0.0),C,GFC,GGC,10,5,Q,2026-Q2,1092,AUD,6,,
ABS:ANA_SFD(1.0.0),C,GFC,GGS_SL,10,6,Q,2010-Q1,267,AUD,6,,
ABS:ANA_SFD(1.0.0),C,GFC,GGS_SL,10,6,Q,2010-Q2,167,AUD,6,,
ABS:ANA_SFD(1.0.0),C,GFC,GGS_SL,10,6,Q,2010-Q3,250,AUD,6,,
ABS:ANA_SFD(1.0.0),C,GFC,GGS_SL,10,6,Q,2010-Q4,207,AUD,6,,
ABS:ANA_SFD(1.0.0),C,GFC,GGS_SL,10,6,Q,2011-Q1,199,AUD,6,,
ABS:ANA_SFD(1.0.0),C,GFC,GGS_SL,10,6,Q,2011-Q2,265,AUD,6,,
ABS:ANA_SFD(1.0.0),C,GFC,GGS_SL,10,6,Q,2011-Q3,142,AUD,6,,
ABS:ANA_SFD(1.0.0),C,GFC,GGS_SL,10,6,Q,2011-Q4,147,AUD,6,,
ABS:ANA_SFD(1.0.0),C,GFC,GGS_SL,10,6,Q,2012-Q1,145,AUD,6,,
ABS:ANA_SFD(1.0.0),C,GFC,GGS_SL,10,6,Q,2012-Q2,180,AUD,6,,
ABS:ANA_SFD(1.0.0),C,GFC,GGS_SL,10,6,Q,2012-Q3,96,AUD,6,,
ABS:ANA_SFD(1.0.0),C,GFC,GGS_SL,10,6,Q,2012-Q4,119,AUD,6,,
ABS:ANA_SFD(1.0.0),C,GFC,GGS_SL,10,6,Q,2013-Q1,109,AUD,6,,
ABS:ANA_SFD(1.0.0),C,GFC,GGS_SL,10,6,Q,2013-Q2,135,AUD,6,,
ABS:ANA_SFD(1.0.0),C,GFC,GGS_SL,10,6,Q,2013-Q3,92,AUD,6,,
ABS:ANA_SFD(1.0.0),C,GFC,GGS_SL,10,6,Q,2013-Q4,116,AUD,6,,
ABS:ANA_SFD(1.0.0),C,GFC,GGS_SL,10,6,Q,2014-Q1,141,AUD,6,,
ABS:ANA_SFD(1.0.0),C,GFC,GGS_SL,10,6,Q,2014-Q2,186,AUD,6,,
ABS:ANA_SFD(1.0.0),C,GFC,GGS_SL,10,6,Q,2014-Q3,78,AUD,6,,
ABS:ANA_SFD(1.0.0),C,GFC,GGS_SL,10,6,Q,2014-Q4,118,AUD,6,,
ABS:ANA_SFD(1.0.0),C,GFC,GGS_SL,10,6,Q,2015-Q1,139,AUD,6,,
ABS:ANA_SFD(1.0.0),C,GFC,GGS_SL,10,6,Q,2015-Q2,177,AUD,6,,
ABS:ANA_SFD(1.0.0),C,GFC,GGS_SL,10,6,Q,2015-Q3,108,AUD,6,,
ABS:ANA_SFD(1.0.0),C,GFC,GGS_SL,10,6,Q,2015-Q4,122,AUD,6,,
ABS:ANA_SFD(1.0.0),C,GFC,GGS_SL,10,6,Q,2016-Q1,144,AUD,6,,
ABS:ANA_SFD(1.0.0),C,GFC,GGS_SL,10,6,Q,2016-Q2,224,AUD,6,,
ABS:ANA_SFD(1.0.0),C,GFC,GGS_SL,10,6,Q,2016-Q3,110,AUD,6,,
ABS:ANA_SFD(1.0.0),C,GFC,GGS_SL,10,6,Q,2016-Q4,170,AUD,6,,
ABS:ANA_SFD(1.0.0),C,GFC,GGS_SL,10,6,Q,2017-Q1,183,AUD,6,,
ABS:ANA_SFD(1.0.0),C,GFC,GGS_SL,10,6,Q,2017-Q2,253,AUD,6,,
ABS:ANA_SFD(1.0.0),C,GFC,GGS_SL,10,6,Q,2017-Q3,124,AUD,6,,
ABS:ANA_SFD(1.0.0),C,GFC,GGS_SL,10,6,Q,2017-Q4,177,AUD,6,,
ABS:ANA_SFD(1.0.0),C,GFC,GGS_SL,10,6,Q,2018-Q1,218,AUD,6,,
ABS:ANA_SFD(1.0.0),C,GFC,GGS_SL,10,6,Q,2018-Q2,264,AUD,6,,
ABS:ANA_SFD(1.0.0),C,GFC,GGS_SL,10,6,Q,2018-Q3,172,AUD,6,,
ABS:ANA_SFD(1.0.0),C,GFC,GGS_SL,10,6,Q,2018-Q4,203,AUD,6,,
ABS:ANA_SFD(1.0.0),C,GFC,GGS_SL,10,6,Q,2019-Q1,236,AUD,6,,
ABS:ANA_SFD(1.0.0),C,GFC,GGS_SL,10,6,Q,2019-Q2,320,AUD,6,,
ABS:ANA_SFD(1.0.0),C,GFC,GGS_SL,10,6,Q,2019-Q3,174,AUD,6,,
ABS:ANA_SFD(1.0.0),C,GFC,GGS_SL,10,6,Q,2019-Q4,184,AUD,6,,
ABS:ANA_SFD(1.0.0),C,GFC,GGS_SL,10,6,Q,2020-Q1,194,AUD,6,,
ABS:ANA_SFD(1.0.0),C,GFC,GGS_SL,10,6,Q,2020-Q2,266,AUD,6,,
ABS:ANA_SFD(1.0.0),C,GFC,GGS_SL,10,6,Q,2020-Q3,144,AUD,6,,
ABS:ANA_SFD(1.0.0),C,GFC,GGS_SL,10,6,Q,2020-Q4,208,AUD,6,,
ABS:ANA_SFD(1.0.0),C,GFC,GGS_SL,10,6,Q,2021-Q1,220,AUD,6,,
ABS:ANA_SFD(1.0.0),C,GFC,GGS_SL,10,6,Q,2021-Q2,351,AUD,6,,
ABS:ANA_SFD(1.0.0),C,GFC,GGS_SL,10,6,Q,2021-Q3,180,AUD,6,,
ABS:ANA_SFD(1.0.0),C,GFC,GGS_SL,10,6,Q,2021-Q4,237,AUD,6,,
ABS:ANA_SFD(1.0.0),C,GFC,GGS_SL,10,6,Q,2022-Q1,250,AUD,6,,
ABS:ANA_SFD(1.0.0),C,GFC,GGS_SL,10,6,Q,2022-Q2,421,AUD,6,,
ABS:ANA_SFD(1.0.0),C,GFC,GGS_SL,10,6,Q,2022-Q3,265,AUD,6,,
ABS:ANA_SFD(1.0.0),C,GFC,GGS_SL,10,6,Q,2022-Q4,407,AUD,6,,
ABS:ANA_SFD(1.0.0),C,GFC,GGS_SL,10,6,Q,2023-Q1,410,AUD,6,,
ABS:ANA_SFD(1.0.0),C,GFC,GGS_SL,10,6,Q,2023-Q2,573,AUD,6,,
ABS:ANA_SFD(1.0.0),C,GFC,GGS_SL,10,6,Q,2023-Q3,296,AUD,6,,
ABS:ANA_SFD(1.0.0),C,GFC,GGS_SL,10,6,Q,2023-Q4,358,AUD,6,,
ABS:ANA_SFD(1.0.0),C,GFC,GGS_SL,10,6,Q,2024-Q1,290,AUD,6,,
ABS:ANA_SFD(1.0.0),C,GFC,GGS_SL,10,6,Q,2024-Q2,357,AUD,6,,
ABS:ANA_SFD(1.0.0),C,GFC,GGS_SL,10,6,Q,2024-Q3,227,AUD,6,,
ABS:ANA_SFD(1.0.0),C,GFC,GGS_SL,10,6,Q,2024-Q4,234,AUD,6,,
ABS:ANA_SFD(1.0.0),C,GFC,GGS_SL,10,6,Q,2025-Q1,218,AUD,6,,
ABS:ANA_SFD(1.0.0),C,GFC,GGS_SL,10,6,Q,2025-Q2,290,AUD,6,,
ABS:ANA_SFD(1.0.0),C,GFC,GGS_SL,10,6,Q,2025-Q3,209,AUD,6,,
ABS:ANA_SFD(1.0.0),C,GFC,GGS_SL,10,6,Q,2025-Q4,251,AUD,6,,
ABS:ANA_SFD(1.0.0),C,GFC,GGS_SL,10,6,Q,2026-Q1,209,AUD,6,,
ABS:ANA_SFD(1.0.0),C,GFC,GGS_SL,10,6,Q,2026-Q2,287,AUD,6,,
ABS:ANA_SFD(1.0.0),C,GFC,GEC,10,1,Q,2010-Q1,144,AUD,6,,
ABS:ANA_SFD(1.0.0),C,GFC,GEC,10,1,Q,2010-Q2,88,AUD,6,,
ABS:ANA_SFD(1.0.0),C,GFC,GEC,10,1,Q,2010-Q3,102,AUD,6,,
ABS:ANA_SFD(1.0.0),C,GFC,GEC,10,1,Q,2010-Q4,116,AUD,6,,
ABS:ANA_SFD(1.0.0),C,GFC,GEC,10,1,Q,2011-Q1,143,AUD,6,,
ABS:ANA_SFD(1.0.0),C,GFC,GEC,10,1,Q,2011-Q2,191,AUD,6,,
ABS:ANA_SFD(1.0.0),C,GFC,GEC,10,1,Q,2011-Q3,193,AUD,6,,
ABS:ANA_SFD(1.0.0),C,GFC,GEC,10,1,Q,2011-Q4,203,AUD,6,,
ABS:ANA_SFD(1.0.0),C,GFC,GEC,10,1,Q,2012-Q1,181,AUD,6,,
ABS:ANA_SFD(1.0.0),C,GFC,GEC,10,1,Q,2012-Q2,278,AUD,6,,
ABS:ANA_SFD(1.0.0),C,GFC,GEC,10,1,Q,2012-Q3,335,AUD,6,,
ABS:ANA_SFD(1.0.0),C,GFC,GEC,10,1,Q,2012-Q4,340,AUD,6,,
ABS:ANA_SFD(1.0.0),C,GFC,GEC,10,1,Q,2013-Q1,318,AUD,6,,
ABS:ANA_SFD(1.0.0),C,GFC,GEC,10,1,Q,2013-Q2,419,AUD,6,,
ABS:ANA_SFD(1.0.0),C,GFC,GEC,10,1,Q,2013-Q3,480,AUD,6,,
ABS:ANA_SFD(1.0.0),C,GFC,GEC,10,1,Q,2013-Q4,416,AUD,6,,
ABS:ANA_SFD(1.0.0),C,GFC,GEC,10,1,Q,2014-Q1,340,AUD,6,,
ABS:ANA_SFD(1.0.0),C,GFC,GEC,10,1,Q,2014-Q2,489,AUD,6,,
ABS:ANA_SFD(1.0.0),C,GFC,GEC,10,1,Q,2014-Q3,335,AUD,6,,
ABS:ANA_SFD(1.0.0),C,GFC,GEC,10,1,Q,2014-Q4,318,AUD,6,,
ABS:ANA_SFD(1.0.0),C,GFC,GEC,10,1,Q,2015-Q1,371,AUD,6,,
ABS:ANA_SFD(1.0.0),C,GFC,GEC,10,1,Q,2015-Q2,384,AUD,6,,
ABS:ANA_SFD(1.0.0),C,GFC,GEC,10,1,Q,2015-Q3,441,AUD,6,,
ABS:ANA_SFD(1.0.0),C,GFC,GEC,10,1,Q,2015-Q4,655,AUD,6,,
ABS:ANA_SFD(1.0.0),C,GFC,GEC,10,1,Q,2016-Q1,520,AUD,6,,
ABS:ANA_SFD(1.0.0),C,GFC,GEC,10,1,Q,2016-Q2,611,AUD,6,,
ABS:ANA_SFD(1.0.0),C,GFC,GEC,10,1,Q,2016-Q3,472,AUD,6,,
ABS:ANA_SFD(1.0.0),C,GFC,GEC,10,1,Q,2016-Q4,748,AUD,6,,
ABS:ANA_SFD(1.0.0),C,GFC,GEC,10,1,Q,2017-Q1,661,AUD,6,,
ABS:ANA_SFD(1.0.0),C,GFC,GEC,10,1,Q,2017-Q2,757,AUD,6,,
ABS:ANA_SFD(1.0.0),C,GFC,GEC,10,1,Q,2017-Q3,617,AUD,6,,
ABS:ANA_SFD(1.0.0),C,GFC,GEC,10,1,Q,2017-Q4,656,AUD,6,,
ABS:ANA_SFD(1.0.0),C,GFC,GEC,10,1,Q,2018-Q1,680,AUD,6,,
ABS:ANA_SFD(1.0.0),C,GFC,GEC,10,1,Q,2018-Q2,798,AUD,6,,
ABS:ANA_SFD(1.0.0),C,GFC,GEC,10,1,Q,2018-Q3,791,AUD,6,,
ABS:ANA_SFD(1.0.0),C,GFC,GEC,10,1,Q,2018-Q4,809,AUD,6,,
ABS:ANA_SFD(1.0.0),C,GFC,GEC,10,1,Q,2019-Q1,917,AUD,6,,
ABS:ANA_SFD(1.0.0),C,GFC,GEC,10,1,Q,2019-Q2,1092,AUD,6,,
ABS:ANA_SFD(1.0.0),C,GFC,GEC,10,1,Q,2019-Q3,880,AUD,6,,
ABS:ANA_SFD(1.0.0),C,GFC,GEC,10,1,Q,2019-Q4,724,AUD,6,,
ABS:ANA_SFD(1.0.0),C,GFC,GEC,10,1,Q,2020-Q1,794,AUD,6,,
ABS:ANA_SFD(1.0.0),C,GFC,GEC,10,1,Q,2020-Q2,800,AUD,6,,
ABS:ANA_SFD(1.0.0),C,GFC,GEC,10,1,Q,2020-Q3,755,AUD,6,,
ABS:ANA_SFD(1.0.0),C,GFC,GEC,10,1,Q,2020-Q4,835,AUD,6,,
ABS:ANA_SFD(1.0.0),C,GFC,GEC,10,1,Q,2021-Q1,690,AUD,6,,
ABS:ANA_SFD(1.0.0),C,GFC,GEC,10,1,Q,2021-Q2,795,AUD,6,,
ABS:ANA_SFD(1.0.0),C,GFC,GEC,10,1,Q,2021-Q3,829,AUD,6,,
ABS:ANA_SFD(1.0.0),C,GFC,GEC,10,1,Q,2021-Q4,965,AUD,6,,
ABS:ANA_SFD(1.0.0),C,GFC,GEC,10,1,Q,2022-Q1,836,AUD,6,,
ABS:ANA_SFD(1.0.0),C,GFC,GEC,10,1,Q,2022-Q2,1215,AUD,6,,
ABS:ANA_SFD(1.0.0),C,GFC,GEC,10,1,Q,2022-Q3,1119,AUD,6,,
ABS:ANA_SFD(1.0.0),C,GFC,GEC,10,1,Q,2022-Q4,1283,AUD,6,,
ABS:ANA_SFD(1.0.0),C,GFC,GEC,10,1,Q,2023-Q1,1127,AUD,6,,
ABS:ANA_SFD(1.0.0),C,GFC,GEC,10,1,Q,2023-Q2,1641,AUD,6,,
ABS:ANA_SFD(1.0.0),C,GFC,GEC,10,1,Q,2023-Q3,1617,AUD,6,,
ABS:ANA_SFD(1.0.0),C,GFC,GEC,10,1,Q,2023-Q4,1670,AUD,6,,
ABS:ANA_SFD(1.0.0),C,GFC,GEC,10,1,Q,2024-Q1,1516,AUD,6,,
ABS:ANA_SFD(1.0.0),C,GFC,GEC,10,1,Q,2024-Q2,1549,AUD,6,,
ABS:ANA_SFD(1.0.0),C,GFC,GEC,10,1,Q,2024-Q3,1412,AUD,6,,
ABS:ANA_SFD(1.0.0),C,GFC,GEC,10,1,Q,2024-Q4,1593,AUD,6,,
ABS:ANA_SFD(1.0.0),C,GFC,GEC,10,1,Q,2025-Q1,1491,AUD,6,,
ABS:ANA_SFD(1.0.0),C,GFC,GEC,10,1,Q,2025-Q2,1604,AUD,6,,
ABS:ANA_SFD(1.0.0),C,GFC,GEC,10,1,Q,2025-Q3,1437,AUD,6,,
ABS:ANA_SFD(1.0.0),C,GFC,GEC,10,1,Q,2025-Q4,1708,AUD,6,,
ABS:ANA_SFD(1.0.0),C,GFC,GEC,10,1,Q,2026-Q1,1491,AUD,6,,
ABS:ANA_SFD(1.0.0),C,GFC,GEC,10,1,Q,2026-Q2,1538,AUD,6,,
ABS:ANA_SFD(1.0.0),C,FCE,GGS_SL,10,6,Q,2010-Q1,930,AUD,6,,
ABS:ANA_SFD(1.0.0),C,FCE,GGS_SL,10,6,Q,2010-Q2,974,AUD,6,,
ABS:ANA_SFD(1.0.0),C,FCE,GGS_SL,10,6,Q,2010-Q3,954,AUD,6,,
ABS:ANA_SFD(1.0.0),C,FCE,GGS_SL,10,6,Q,2010-Q4,1009,AUD,6,,
ABS:ANA_SFD(1.0.0),C,FCE,GGS_SL,10,6,Q,2011-Q1,1002,AUD,6,,
ABS:ANA_SFD(1.0.0),C,FCE,GGS_SL,10,6,Q,2011-Q2,1040,AUD,6,,
ABS:ANA_SFD(1.0.0),C,FCE,GGS_SL,10,6,Q,2011-Q3,1009,AUD,6,,
ABS:ANA_SFD(1.0.0),C,FCE,GGS_SL,10,6,Q,2011-Q4,1014,AUD,6,,
ABS:ANA_SFD(1.0.0),C,FCE,GGS_SL,10,6,Q,2012-Q1,945,AUD,6,,
ABS:ANA_SFD(1.0.0),C,FCE,GGS_SL,10,6,Q,2012-Q2,1008,AUD,6,,
ABS:ANA_SFD(1.0.0),C,FCE,GGS_SL,10,6,Q,2012-Q3,1006,AUD,6,,
ABS:ANA_SFD(1.0.0),C,FCE,GGS_SL,10,6,Q,2012-Q4,994,AUD,6,,
ABS:ANA_SFD(1.0.0),C,FCE,GGS_SL,10,6,Q,2013-Q1,974,AUD,6,,
ABS:ANA_SFD(1.0.0),C,FCE,GGS_SL,10,6,Q,2013-Q2,1050,AUD,6,,
ABS:ANA_SFD(1.0.0),C,FCE,GGS_SL,10,6,Q,2013-Q3,977,AUD,6,,
ABS:ANA_SFD(1.0.0),C,FCE,GGS_SL,10,6,Q,2013-Q4,996,AUD,6,,
ABS:ANA_SFD(1.0.0),C,FCE,GGS_SL,10,6,Q,2014-Q1,927,AUD,6,,
ABS:ANA_SFD(1.0.0),C,FCE,GGS_SL,10,6,Q,2014-Q2,1072,AUD,6,,
ABS:ANA_SFD(1.0.0),C,FCE,GGS_SL,10,6,Q,2014-Q3,1015,AUD,6,,
ABS:ANA_SFD(1.0.0),C,FCE,GGS_SL,10,6,Q,2014-Q4,1031,AUD,6,,
ABS:ANA_SFD(1.0.0),C,FCE,GGS_SL,10,6,Q,2015-Q1,973,AUD,6,,
ABS:ANA_SFD(1.0.0),C,FCE,GGS_SL,10,6,Q,2015-Q2,1034,AUD,6,,
ABS:ANA_SFD(1.0.0),C,FCE,GGS_SL,10,6,Q,2015-Q3,1018,AUD,6,,
ABS:ANA_SFD(1.0.0),C,FCE,GGS_SL,10,6,Q,2015-Q4,1062,AUD,6,,
ABS:ANA_SFD(1.0.0),C,FCE,GGS_SL,10,6,Q,2016-Q1,1026,AUD,6,,
ABS:ANA_SFD(1.0.0),C,FCE,GGS_SL,10,6,Q,2016-Q2,1133,AUD,6,,
ABS:ANA_SFD(1.0.0),C,FCE,GGS_SL,10,6,Q,2016-Q3,1087,AUD,6,,
ABS:ANA_SFD(1.0.0),C,FCE,GGS_SL,10,6,Q,2016-Q4,1102,AUD,6,,
ABS:ANA_SFD(1.0.0),C,FCE,GGS_SL,10,6,Q,2017-Q1,1078,AUD,6,,
ABS:ANA_SFD(1.0.0),C,FCE,GGS_SL,10,6,Q,2017-Q2,1229,AUD,6,,
ABS:ANA_SFD(1.0.0),C,FCE,GGS_SL,10,6,Q,2017-Q3,1134,AUD,6,,
ABS:ANA_SFD(1.0.0),C,FCE,GGS_SL,10,6,Q,2017-Q4,1140,AUD,6,,
ABS:ANA_SFD(1.0.0),C,FCE,GGS_SL,10,6,Q,2018-Q1,1156,AUD,6,,
ABS:ANA_SFD(1.0.0),C,FCE,GGS_SL,10,6,Q,2018-Q2,1291,AUD,6,,
ABS:ANA_SFD(1.0.0),C,FCE,GGS_SL,10,6,Q,2018-Q3,1208,AUD,6,,
ABS:ANA_SFD(1.0.0),C,FCE,GGS_SL,10,6,Q,2018-Q4,1226,AUD,6,,
ABS:ANA_SFD(1.0.0),C,FCE,GGS_SL,10,6,Q,2019-Q1,1225,AUD,6,,
ABS:ANA_SFD(1.0.0),C,FCE,GGS_SL,10,6,Q,2019-Q2,1370,AUD,6,,
ABS:ANA_SFD(1.0.0),C,FCE,GGS_SL,10,6,Q,2019-Q3,1308,AUD,6,,
ABS:ANA_SFD(1.0.0),C,FCE,GGS_SL,10,6,Q,2019-Q4,1310,AUD,6,,
ABS:ANA_SFD(1.0.0),C,FCE,GGS_SL,10,6,Q,2020-Q1,1303,AUD,6,,
ABS:ANA_SFD(1.0.0),C,FCE,GGS_SL,10,6,Q,2020-Q2,1498,AUD,6,,
ABS:ANA_SFD(1.0.0),C,FCE,GGS_SL,10,6,Q,2020-Q3,1381,AUD,6,,
ABS:ANA_SFD(1.0.0),C,FCE,GGS_SL,10,6,Q,2020-Q4,1397,AUD,6,,
ABS:ANA_SFD(1.0.0),C,FCE,GGS_SL,10,6,Q,2021-Q1,1427,AUD,6,,
ABS:ANA_SFD(1.0.0),C,FCE,GGS_SL,10,6,Q,2021-Q2,1525,AUD,6,,
ABS:ANA_SFD(1.0.0),C,FCE,GGS_SL,10,6,Q,2021-Q3,1551,AUD,6,,
ABS:ANA_SFD(1.0.0),C,FCE,GGS_SL,10,6,Q,2021-Q4,1522,AUD,6,,
ABS:ANA_SFD(1.0.0),C,FCE,GGS_SL,10,6,Q,2022-Q1,1570,AUD,6,,
ABS:ANA_SFD(1.0.0),C,FCE,GGS_SL,10,6,Q,2022-Q2,1645,AUD,6,,
ABS:ANA_SFD(1.0.0),C,FCE,GGS_SL,10,6,Q,2022-Q3,1689,AUD,6,,
ABS:ANA_SFD(1.0.0),C,FCE,GGS_SL,10,6,Q,2022-Q4,1681,AUD,6,,
ABS:ANA_SFD(1.0.0),C,FCE,GGS_SL,10,6,Q,2023-Q1,1751,AUD,6,,
ABS:ANA_SFD(1.0.0),C,FCE,GGS_SL,10,6,Q,2023-Q2,1786,AUD,6,,
ABS:ANA_SFD(1.0.0),C,FCE,GGS_SL,10,6,Q,2023-Q3,1874,AUD,6,,
ABS:ANA_SFD(1.0.0),C,FCE,GGS_SL,10,6,Q,2023-Q4,1757,AUD,6,,
ABS:ANA_SFD(1.0.0),C,FCE,GGS_SL,10,6,Q,2024-Q1,1879,AUD,6,,
ABS:ANA_SFD(1.0.0),C,FCE,GGS_SL,10,6,Q,2024-Q2,2090,AUD,6,,
ABS:ANA_SFD(1.0.0),C,FCE,GGS_SL,10,6,Q,2024-Q3,2107,AUD,6,,
ABS:ANA_SFD(1.0.0),C,FCE,GGS_SL,10,6,Q,2024-Q4,1979,AUD,6,,
ABS:ANA_SFD(1.0.0),C,FCE,GGS_SL,10,6,Q,2025-Q1,2081,AUD,6,,
ABS:ANA_SFD(1.0.0),C,FCE,GGS_SL,10,6,Q,2025-Q2,2191,AUD,6,,
ABS:ANA_SFD(1.0.0),C,FCE,GGS_SL,10,6,Q,2025-Q3,2221,AUD,6,,
ABS:ANA_SFD(1.0.0),C,FCE,GGS_SL,10,6,Q,2025-Q4,2138,AUD,6,,
ABS:ANA_SFD(1.0.0),C,FCE,GGS_SL,10,6,Q,2026-Q1,2156,AUD,6,,
ABS:ANA_SFD(1.0.0),C,FCE,GGS_SL,10,6,Q,2026-Q2,2277,AUD,6,,
ABS:ANA_SFD(1.0.0),C,GFC,GEC,10,6,Q,2010-Q1,10,AUD,6,,
ABS:ANA_SFD(1.0.0),C,GFC,GEC,10,6,Q,2010-Q2,7,AUD,6,,
ABS:ANA_SFD(1.0.0),C,GFC,GEC,10,6,Q,2010-Q3,7,AUD,6,,
ABS:ANA_SFD(1.0.0),C,GFC,GEC,10,6,Q,2010-Q4,8,AUD,6,,
ABS:ANA_SFD(1.0.0),C,GFC,GEC,10,6,Q,2011-Q1,11,AUD,6,,
ABS:ANA_SFD(1.0.0),C,GFC,GEC,10,6,Q,2011-Q2,12,AUD,6,,
ABS:ANA_SFD(1.0.0),C,GFC,GEC,10,6,Q,2011-Q3,14,AUD,6,,
ABS:ANA_SFD(1.0.0),C,GFC,GEC,10,6,Q,2011-Q4,14,AUD,6,,
ABS:ANA_SFD(1.0.0),C,GFC,GEC,10,6,Q,2012-Q1,10,AUD,6,,
ABS:ANA_SFD(1.0.0),C,GFC,GEC,10,6,Q,2012-Q2,19,AUD,6,,
ABS:ANA_SFD(1.0.0),C,GFC,GEC,10,6,Q,2012-Q3,23,AUD,6,,
ABS:ANA_SFD(1.0.0),C,GFC,GEC,10,6,Q,2012-Q4,22,AUD,6,,
ABS:ANA_SFD(1.0.0),C,GFC,GEC,10,6,Q,2013-Q1,20,AUD,6,,
ABS:ANA_SFD(1.0.0),C,GFC,GEC,10,6,Q,2013-Q2,25,AUD,6,,
ABS:ANA_SFD(1.0.0),C,GFC,GEC,10,6,Q,2013-Q3,30,AUD,6,,
ABS:ANA_SFD(1.0.0),C,GFC,GEC,10,6,Q,2013-Q4,26,AUD,6,,
ABS:ANA_SFD(1.0.0),C,GFC,GEC,10,6,Q,2014-Q1,19,AUD,6,,
ABS:ANA_SFD(1.0.0),C,GFC,GEC,10,6,Q,2014-Q2,32,AUD,6,,
ABS:ANA_SFD(1.0.0),C,GFC,GEC,10,6,Q,2014-Q3,22,AUD,6,,
ABS:ANA_SFD(1.0.0),C,GFC,GEC,10,6,Q,2014-Q4,21,AUD,6,,
ABS:ANA_SFD(1.0.0),C,GFC,GEC,10,6,Q,2015-Q1,26,AUD,6,,
ABS:ANA_SFD(1.0.0),C,GFC,GEC,10,6,Q,2015-Q2,26,AUD,6,,
ABS:ANA_SFD(1.0.0),C,GFC,GEC,10,6,Q,2015-Q3,30,AUD,6,,
ABS:ANA_SFD(1.0.0),C,GFC,GEC,10,6,Q,2015-Q4,44,AUD,6,,
ABS:ANA_SFD(1.0.0),C,GFC,GEC,10,6,Q,2016-Q1,35,AUD,6,,
ABS:ANA_SFD(1.0.0),C,GFC,GEC,10,6,Q,2016-Q2,41,AUD,6,,
ABS:ANA_SFD(1.0.0),C,GFC,GEC,10,6,Q,2016-Q3,32,AUD,6,,
ABS:ANA_SFD(1.0.0),C,GFC,GEC,10,6,Q,2016-Q4,50,AUD,6,,
ABS:ANA_SFD(1.0.0),C,GFC,GEC,10,6,Q,2017-Q1,44,AUD,6,,
ABS:ANA_SFD(1.0.0),C,GFC,GEC,10,6,Q,2017-Q2,51,AUD,6,,
ABS:ANA_SFD(1.0.0),C,GFC,GEC,10,6,Q,2017-Q3,41,AUD,6,,
ABS:ANA_SFD(1.0.0),C,GFC,GEC,10,6,Q,2017-Q4,43,AUD,6,,
ABS:ANA_SFD(1.0.0),C,GFC,GEC,10,6,Q,2018-Q1,44,AUD,6,,
ABS:ANA_SFD(1.0.0),C,GFC,GEC,10,6,Q,2018-Q2,49,AUD,6,,
ABS:ANA_SFD(1.0.0),C,GFC,GEC,10,6,Q,2018-Q3,43,AUD,6,,
ABS:ANA_SFD(1.0.0),C,GFC,GEC,10,6,Q,2018-Q4,42,AUD,6,,
ABS:ANA_SFD(1.0.0),C,GFC,GEC,10,6,Q,2019-Q1,47,AUD,6,,
ABS:ANA_SFD(1.0.0),C,GFC,GEC,10,6,Q,2019-Q2,51,AUD,6,,
ABS:ANA_SFD(1.0.0),C,GFC,GEC,10,6,Q,2019-Q3,42,AUD,6,,
ABS:ANA_SFD(1.0.0),C,GFC,GEC,10,6,Q,2019-Q4,37,AUD,6,,
ABS:ANA_SFD(1.0.0),C,GFC,GEC,10,6,Q,2020-Q1,37,AUD,6,,
ABS:ANA_SFD(1.0.0),C,GFC,GEC,10,6,Q,2020-Q2,35,AUD,6,,
ABS:ANA_SFD(1.0.0),C,GFC,GEC,10,6,Q,2020-Q3,24,AUD,6,,
ABS:ANA_SFD(1.0.0),C,GFC,GEC,10,6,Q,2020-Q4,20,AUD,6,,
ABS:ANA_SFD(1.0.0),C,GFC,GEC,10,6,Q,2021-Q1,23,AUD,6,,
ABS:ANA_SFD(1.0.0),C,GFC,GEC,10,6,Q,2021-Q2,30,AUD,6,,
ABS:ANA_SFD(1.0.0),C,GFC,GEC,10,6,Q,2021-Q3,22,AUD,6,,
ABS:ANA_SFD(1.0.0),C,GFC,GEC,10,6,Q,2021-Q4,26,AUD,6,,
ABS:ANA_SFD(1.0.0),C,GFC,GEC,10,6,Q,2022-Q1,29,AUD,6,,
ABS:ANA_SFD(1.0.0),C,GFC,GEC,10,6,Q,2022-Q2,29,AUD,6,,
ABS:ANA_SFD(1.0.0),C,GFC,GEC,10,6,Q,2022-Q3,32,AUD,6,,
ABS:ANA_SFD(1.0.0),C,GFC,GEC,10,6,Q,2022-Q4,30,AUD,6,,
ABS:ANA_SFD(1.0.0),C,GFC,GEC,10,6,Q,2023-Q1,27,AUD,6,,
ABS:ANA_SFD(1.0.0),C,GFC,GEC,10,6,Q,2023-Q2,27,AUD,6,,
ABS:ANA_SFD(1.0.0),C,GFC,GEC,10,6,Q,2023-Q3,33,AUD,6,,
ABS:ANA_SFD(1.0.0),C,GFC,GEC,10,6,Q,2023-Q4,30,AUD,6,,
ABS:ANA_SFD(1.0.0),C,GFC,GEC,10,6,Q,2024-Q1,28,AUD,6,,
ABS:ANA_SFD(1.0.0),C,GFC,GEC,10,6,Q,2024-Q2,33,AUD,6,,
ABS:ANA_SFD(1.0.0),C,GFC,GEC,10,6,Q,2024-Q3,28,AUD,6,,
ABS:ANA_SFD(1.0.0),C,GFC,GEC,10,6,Q,2024-Q4,34,AUD,6,,
ABS:ANA_SFD(1.0.0),C,GFC,GEC,10,6,Q,2025-Q1,30,AUD,6,,
ABS:ANA_SFD(1.0.0),C,GFC,GEC,10,6,Q,2025-Q2,45,AUD,6,,
ABS:ANA_SFD(1.0.0),C,GFC,GEC,10,6,Q,2025-Q3,47,AUD,6,,
ABS:ANA_SFD(1.0.0),C,GFC,GEC,10,6,Q,2025-Q4,57,AUD,6,,
ABS:ANA_SFD(1.0.0),C,GFC,GEC,10,6,Q,2026-Q1,45,AUD,6,,
ABS:ANA_SFD(1.0.0),C,GFC,GEC,10,6,Q,2026-Q2,46,AUD,6,,
ABS:ANA_SFD(1.0.0),C,GFC,GGS_SL,10,8,Q,2010-Q1,213,AUD,6,,
ABS:ANA_SFD(1.0.0),C,GFC,GGS_SL,10,8,Q,2010-Q2,250,AUD,6,,
ABS:ANA_SFD(1.0.0),C,GFC,GGS_SL,10,8,Q,2010-Q3,210,AUD,6,,
ABS:ANA_SFD(1.0.0),C,GFC,GGS_SL,10,8,Q,2010-Q4,206,AUD,6,,
ABS:ANA_SFD(1.0.0),C,GFC,GGS_SL,10,8,Q,2011-Q1,221,AUD,6,,
ABS:ANA_SFD(1.0.0),C,GFC,GGS_SL,10,8,Q,2011-Q2,188,AUD,6,,
ABS:ANA_SFD(1.0.0),C,GFC,GGS_SL,10,8,Q,2011-Q3,224,AUD,6,,
ABS:ANA_SFD(1.0.0),C,GFC,GGS_SL,10,8,Q,2011-Q4,240,AUD,6,,
ABS:ANA_SFD(1.0.0),C,GFC,GGS_SL,10,8,Q,2012-Q1,223,AUD,6,,
ABS:ANA_SFD(1.0.0),C,GFC,GGS_SL,10,8,Q,2012-Q2,235,AUD,6,,
ABS:ANA_SFD(1.0.0),C,GFC,GGS_SL,10,8,Q,2012-Q3,179,AUD,6,,
ABS:ANA_SFD(1.0.0),C,GFC,GGS_SL,10,8,Q,2012-Q4,187,AUD,6,,
ABS:ANA_SFD(1.0.0),C,GFC,GGS_SL,10,8,Q,2013-Q1,188,AUD,6,,
ABS:ANA_SFD(1.0.0),C,GFC,GGS_SL,10,8,Q,2013-Q2,226,AUD,6,,
ABS:ANA_SFD(1.0.0),C,GFC,GGS_SL,10,8,Q,2013-Q3,188,AUD,6,,
ABS:ANA_SFD(1.0.0),C,GFC,GGS_SL,10,8,Q,2013-Q4,180,AUD,6,,
ABS:ANA_SFD(1.0.0),C,GFC,GGS_SL,10,8,Q,2014-Q1,200,AUD,6,,
ABS:ANA_SFD(1.0.0),C,GFC,GGS_SL,10,8,Q,2014-Q2,194,AUD,6,,
ABS:ANA_SFD(1.0.0),C,GFC,GGS_SL,10,8,Q,2014-Q3,264,AUD,6,,
ABS:ANA_SFD(1.0.0),C,GFC,GGS_SL,10,8,Q,2014-Q4,255,AUD,6,,
ABS:ANA_SFD(1.0.0),C,GFC,GGS_SL,10,8,Q,2015-Q1,238,AUD,6,,
ABS:ANA_SFD(1.0.0),C,GFC,GGS_SL,10,8,Q,2015-Q2,286,AUD,6,,
ABS:ANA_SFD(1.0.0),C,GFC,GGS_SL,10,8,Q,2015-Q3,175,AUD,6,,
ABS:ANA_SFD(1.0.0),C,GFC,GGS_SL,10,8,Q,2015-Q4,220,AUD,6,,
ABS:ANA_SFD(1.0.0),C,GFC,GGS_SL,10,8,Q,2016-Q1,240,AUD,6,,
ABS:ANA_SFD(1.0.0),C,GFC,GGS_SL,10,8,Q,2016-Q2,259,AUD,6,,
ABS:ANA_SFD(1.0.0),C,GFC,GGS_SL,10,8,Q,2016-Q3,237,AUD,6,,
ABS:ANA_SFD(1.0.0),C,GFC,GGS_SL,10,8,Q,2016-Q4,218,AUD,6,,
ABS:ANA_SFD(1.0.0),C,GFC,GGS_SL,10,8,Q,2017-Q1,251,AUD,6,,
ABS:ANA_SFD(1.0.0),C,GFC,GGS_SL,10,8,Q,2017-Q2,357,AUD,6,,
ABS:ANA_SFD(1.0.0),C,GFC,GGS_SL,10,8,Q,2017-Q3,351,AUD,6,,
ABS:ANA_SFD(1.0.0),C,GFC,GGS_SL,10,8,Q,2017-Q4,298,AUD,6,,
ABS:ANA_SFD(1.0.0),C,GFC,GGS_SL,10,8,Q,2018-Q1,253,AUD,6,,
ABS:ANA_SFD(1.0.0),C,GFC,GGS_SL,10,8,Q,2018-Q2,353,AUD,6,,
ABS:ANA_SFD(1.0.0),C,GFC,GGS_SL,10,8,Q,2018-Q3,261,AUD,6,,
ABS:ANA_SFD(1.0.0),C,GFC,GGS_SL,10,8,Q,2018-Q4,273,AUD,6,,
ABS:ANA_SFD(1.0.0),C,GFC,GGS_SL,10,8,Q,2019-Q1,272,AUD,6,,
ABS:ANA_SFD(1.0.0),C,GFC,GGS_SL,10,8,Q,2019-Q2,256,AUD,6,,
ABS:ANA_SFD(1.0.0),C,GFC,GGS_SL,10,8,Q,2019-Q3,200,AUD,6,,
ABS:ANA_SFD(1.0.0),C,GFC,GGS_SL,10,8,Q,2019-Q4,192,AUD,6,,
ABS:ANA_SFD(1.0.0),C,GFC,GGS_SL,10,8,Q,2020-Q1,166,AUD,6,,
ABS:ANA_SFD(1.0.0),C,GFC,GGS_SL,10,8,Q,2020-Q2,171,AUD,6,,
ABS:ANA_SFD(1.0.0),C,GFC,GGS_SL,10,8,Q,2020-Q3,181,AUD,6,,
ABS:ANA_SFD(1.0.0),C,GFC,GGS_SL,10,8,Q,2020-Q4,210,AUD,6,,
ABS:ANA_SFD(1.0.0),C,GFC,GGS_SL,10,8,Q,2021-Q1,189,AUD,6,,
ABS:ANA_SFD(1.0.0),C,GFC,GGS_SL,10,8,Q,2021-Q2,255,AUD,6,,
ABS:ANA_SFD(1.0.0),C,GFC,GGS_SL,10,8,Q,2021-Q3,190,AUD,6,,
ABS:ANA_SFD(1.0.0),C,GFC,GGS_SL,10,8,Q,2021-Q4,201,AUD,6,,
ABS:ANA_SFD(1.0.0),C,GFC,GGS_SL,10,8,Q,2022-Q1,190,AUD,6,,
ABS:ANA_SFD(1.0.0),C,GFC,GGS_SL,10,8,Q,2022-Q2,233,AUD,6,,
ABS:ANA_SFD(1.0.0),C,GFC,GGS_SL,10,8,Q,2022-Q3,217,AUD,6,,
ABS:ANA_SFD(1.0.0),C,GFC,GGS_SL,10,8,Q,2022-Q4,260,AUD,6,,
ABS:ANA_SFD(1.0.0),C,GFC,GGS_SL,10,8,Q,2023-Q1,262,AUD,6,,
ABS:ANA_SFD(1.0.0),C,GFC,GGS_SL,10,8,Q,2023-Q2,345,AUD,6,,
ABS:ANA_SFD(1.0.0),C,GFC,GGS_SL,10,8,Q,2023-Q3,405,AUD,6,,
ABS:ANA_SFD(1.0.0),C,GFC,GGS_SL,10,8,Q,2023-Q4,316,AUD,6,,
ABS:ANA_SFD(1.0.0),C,GFC,GGS_SL,10,8,Q,2024-Q1,251,AUD,6,,
ABS:ANA_SFD(1.0.0),C,GFC,GGS_SL,10,8,Q,2024-Q2,312,AUD,6,,
ABS:ANA_SFD(1.0.0),C,GFC,GGS_SL,10,8,Q,2024-Q3,262,AUD,6,,
ABS:ANA_SFD(1.0.0),C,GFC,GGS_SL,10,8,Q,2024-Q4,297,AUD,6,,
ABS:ANA_SFD(1.0.0),C,GFC,GGS_SL,10,8,Q,2025-Q1,327,AUD,6,,
ABS:ANA_SFD(1.0.0),C,GFC,GGS_SL,10,8,Q,2025-Q2,330,AUD,6,,
ABS:ANA_SFD(1.0.0),C,GFC,GGS_SL,10,8,Q,2025-Q3,264,AUD,6,,
ABS:ANA_SFD(1.0.0),C,GFC,GGS_SL,10,8,Q,2025-Q4,275,AUD,6,,
ABS:ANA_SFD(1.0.0),C,GFC,GGS_SL,10,8,Q,2026-Q1,275,AUD,6,,
ABS:ANA_SFD(1.0.0),C,GFC,GGS_SL,10,8,Q,2026-Q2,328,AUD,6,,
ABS:ANA_SFD(1.0.0),C,GFC,GGC,10,1,Q,2010-Q1,997,AUD,6,,
ABS:ANA_SFD(1.0.0),C,GFC,GGC,10,1,Q,2010-Q2,1801,AUD,6,,
ABS:ANA_SFD(1.0.0),C,GFC,GGC,10,1,Q,2010-Q3,745,AUD,6,,
ABS:ANA_SFD(1.0.0),C,GFC,GGC,10,1,Q,2010-Q4,1221,AUD,6,,
ABS:ANA_SFD(1.0.0),C,GFC,GGC,10,1,Q,2011-Q1,974,AUD,6,,
ABS:ANA_SFD(1.0.0),C,GFC,GGC,10,1,Q,2011-Q2,1625,AUD,6,,
ABS:ANA_SFD(1.0.0),C,GFC,GGC,10,1,Q,2011-Q3,864,AUD,6,,
ABS:ANA_SFD(1.0.0),C,GFC,GGC,10,1,Q,2011-Q4,1167,AUD,6,,
ABS:ANA_SFD(1.0.0),C,GFC,GGC,10,1,Q,2012-Q1,789,AUD,6,,
ABS:ANA_SFD(1.0.0),C,GFC,GGC,10,1,Q,2012-Q2,1945,AUD,6,,
ABS:ANA_SFD(1.0.0),C,GFC,GGC,10,1,Q,2012-Q3,831,AUD,6,,
ABS:ANA_SFD(1.0.0),C,GFC,GGC,10,1,Q,2012-Q4,865,AUD,6,,
ABS:ANA_SFD(1.0.0),C,GFC,GGC,10,1,Q,2013-Q1,830,AUD,6,,
ABS:ANA_SFD(1.0.0),C,GFC,GGC,10,1,Q,2013-Q2,1020,AUD,6,,
ABS:ANA_SFD(1.0.0),C,GFC,GGC,10,1,Q,2013-Q3,879,AUD,6,,
ABS:ANA_SFD(1.0.0),C,GFC,GGC,10,1,Q,2013-Q4,1148,AUD,6,,
ABS:ANA_SFD(1.0.0),C,GFC,GGC,10,1,Q,2014-Q1,790,AUD,6,,
ABS:ANA_SFD(1.0.0),C,GFC,GGC,10,1,Q,2014-Q2,1287,AUD,6,,
ABS:ANA_SFD(1.0.0),C,GFC,GGC,10,1,Q,2014-Q3,1008,AUD,6,,
ABS:ANA_SFD(1.0.0),C,GFC,GGC,10,1,Q,2014-Q4,1264,AUD,6,,
ABS:ANA_SFD(1.0.0),C,GFC,GGC,10,1,Q,2015-Q1,888,AUD,6,,
ABS:ANA_SFD(1.0.0),C,GFC,GGC,10,1,Q,2015-Q2,1362,AUD,6,,
ABS:ANA_SFD(1.0.0),C,GFC,GGC,10,1,Q,2015-Q3,776,AUD,6,,
ABS:ANA_SFD(1.0.0),C,GFC,GGC,10,1,Q,2015-Q4,974,AUD,6,,
ABS:ANA_SFD(1.0.0),C,GFC,GGC,10,1,Q,2016-Q1,1094,AUD,6,,
ABS:ANA_SFD(1.0.0),C,GFC,GGC,10,1,Q,2016-Q2,1581,AUD,6,,
ABS:ANA_SFD(1.0.0),C,GFC,GGC,10,1,Q,2016-Q3,910,AUD,6,,
ABS:ANA_SFD(1.0.0),C,GFC,GGC,10,1,Q,2016-Q4,1326,AUD,6,,
ABS:ANA_SFD(1.0.0),C,GFC,GGC,10,1,Q,2017-Q1,1013,AUD,6,,
ABS:ANA_SFD(1.0.0),C,GFC,GGC,10,1,Q,2017-Q2,1359,AUD,6,,
ABS:ANA_SFD(1.0.0),C,GFC,GGC,10,1,Q,2017-Q3,1042,AUD,6,,
ABS:ANA_SFD(1.0.0),C,GFC,GGC,10,1,Q,2017-Q4,1376,AUD,6,,
ABS:ANA_SFD(1.0.0),C,GFC,GGC,10,1,Q,2018-Q1,1068,AUD,6,,
ABS:ANA_SFD(1.0.0),C,GFC,GGC,10,1,Q,2018-Q2,1641,AUD,6,,
ABS:ANA_SFD(1.0.0),C,GFC,GGC,10,1,Q,2018-Q3,1295,AUD,6,,
ABS:ANA_SFD(1.0.0),C,GFC,GGC,10,1,Q,2018-Q4,1472,AUD,6,,
ABS:ANA_SFD(1.0.0),C,GFC,GGC,10,1,Q,2019-Q1,1067,AUD,6,,
ABS:ANA_SFD(1.0.0),C,GFC,GGC,10,1,Q,2019-Q2,1831,AUD,6,,
ABS:ANA_SFD(1.0.0),C,GFC,GGC,10,1,Q,2019-Q3,1288,AUD,6,,
ABS:ANA_SFD(1.0.0),C,GFC,GGC,10,1,Q,2019-Q4,1693,AUD,6,,
ABS:ANA_SFD(1.0.0),C,GFC,GGC,10,1,Q,2020-Q1,1118,AUD,6,,
ABS:ANA_SFD(1.0.0),C,GFC,GGC,10,1,Q,2020-Q2,1558,AUD,6,,
ABS:ANA_SFD(1.0.0),C,GFC,GGC,10,1,Q,2020-Q3,1155,AUD,6,,
ABS:ANA_SFD(1.0.0),C,GFC,GGC,10,1,Q,2020-Q4,1557,AUD,6,,
ABS:ANA_SFD(1.0.0),C,GFC,GGC,10,1,Q,2021-Q1,971,AUD,6,,
ABS:ANA_SFD(1.0.0),C,GFC,GGC,10,1,Q,2021-Q2,1580,AUD,6,,
ABS:ANA_SFD(1.0.0),C,GFC,GGC,10,1,Q,2021-Q3,1279,AUD,6,,
ABS:ANA_SFD(1.0.0),C,GFC,GGC,10,1,Q,2021-Q4,1287,AUD,6,,
ABS:ANA_SFD(1.0.0),C,GFC,GGC,10,1,Q,2022-Q1,916,AUD,6,,
ABS:ANA_SFD(1.0.0),C,GFC,GGC,10,1,Q,2022-Q2,1688,AUD,6,,
ABS:ANA_SFD(1.0.0),C,GFC,GGC,10,1,Q,2022-Q3,1065,AUD,6,,
ABS:ANA_SFD(1.0.0),C,GFC,GGC,10,1,Q,2022-Q4,1331,AUD,6,,
ABS:ANA_SFD(1.0.0),C,GFC,GGC,10,1,Q,2023-Q1,945,AUD,6,,
ABS:ANA_SFD(1.0.0),C,GFC,GGC,10,1,Q,2023-Q2,1784,AUD,6,,
ABS:ANA_SFD(1.0.0),C,GFC,GGC,10,1,Q,2023-Q3,1203,AUD,6,,
ABS:ANA_SFD(1.0.0),C,GFC,GGC,10,1,Q,2023-Q4,1526,AUD,6,,
ABS:ANA_SFD(1.0.0),C,GFC,GGC,10,1,Q,2024-Q1,1142,AUD,6,,
ABS:ANA_SFD(1.0.0),C,GFC,GGC,10,1,Q,2024-Q2,1978,AUD,6,,
ABS:ANA_SFD(1.0.0),C,GFC,GGC,10,1,Q,2024-Q3,1738,AUD,6,,
ABS:ANA_SFD(1.0.0),C,GFC,GGC,10,1,Q,2024-Q4,1816,AUD,6,,
ABS:ANA_SFD(1.0.0),C,GFC,GGC,10,1,Q,2025-Q1,1487,AUD,6,,
ABS:ANA_SFD(1.0.0),C,GFC,GGC,10,1,Q,2025-Q2,1887,AUD,6,,
ABS:ANA_SFD(1.0.0),C,GFC,GGC,10,1,Q,2025-Q3,1487,AUD,6,,
ABS:ANA_SFD(1.0.0),C,GFC,GGC,10,1,Q,2025-Q4,1864,AUD,6,,
ABS:ANA_SFD(1.0.0),C,GFC,GGC,10,1,Q,2026-Q1,1465,AUD,6,,
ABS:ANA_SFD(1.0.0),C,GFC,GGC,10,1,Q,2026-Q2,2036,AUD,6,,
ABS:ANA_SFD(1.0.0),C,FCE,GGC,10,3,Q,2010-Q1,4155,AUD,6,,
ABS:ANA_SFD(1.0.0),C,FCE,GGC,10,3,Q,2010-Q2,4762,AUD,6,,
ABS:ANA_SFD(1.0.0),C,FCE,GGC,10,3,Q,2010-Q3,4483,AUD,6,,
ABS:ANA_SFD(1.0.0),C,FCE,GGC,10,3,Q,2010-Q4,4915,AUD,6,,
ABS:ANA_SFD(1.0.0),C,FCE,GGC,10,3,Q,2011-Q1,4469,AUD,6,,
ABS:ANA_SFD(1.0.0),C,FCE,GGC,10,3,Q,2011-Q2,5253,AUD,6,,
ABS:ANA_SFD(1.0.0),C,FCE,GGC,10,3,Q,2011-Q3,5043,AUD,6,,
ABS:ANA_SFD(1.0.0),C,FCE,GGC,10,3,Q,2011-Q4,5350,AUD,6,,
ABS:ANA_SFD(1.0.0),C,FCE,GGC,10,3,Q,2012-Q1,4855,AUD,6,,
ABS:ANA_SFD(1.0.0),C,FCE,GGC,10,3,Q,2012-Q2,5702,AUD,6,,
ABS:ANA_SFD(1.0.0),C,FCE,GGC,10,3,Q,2012-Q3,5218,AUD,6,,
ABS:ANA_SFD(1.0.0),C,FCE,GGC,10,3,Q,2012-Q4,5470,AUD,6,,
ABS:ANA_SFD(1.0.0),C,FCE,GGC,10,3,Q,2013-Q1,4994,AUD,6,,
ABS:ANA_SFD(1.0.0),C,FCE,GGC,10,3,Q,2013-Q2,5602,AUD,6,,
ABS:ANA_SFD(1.0.0),C,FCE,GGC,10,3,Q,2013-Q3,5454,AUD,6,,
ABS:ANA_SFD(1.0.0),C,FCE,GGC,10,3,Q,2013-Q4,5843,AUD,6,,
ABS:ANA_SFD(1.0.0),C,FCE,GGC,10,3,Q,2014-Q1,5272,AUD,6,,
ABS:ANA_SFD(1.0.0),C,FCE,GGC,10,3,Q,2014-Q2,5949,AUD,6,,
ABS:ANA_SFD(1.0.0),C,FCE,GGC,10,3,Q,2014-Q3,5674,AUD,6,,
ABS:ANA_SFD(1.0.0),C,FCE,GGC,10,3,Q,2014-Q4,5801,AUD,6,,
ABS:ANA_SFD(1.0.0),C,FCE,GGC,10,3,Q,2015-Q1,5681,AUD,6,,
ABS:ANA_SFD(1.0.0),C,FCE,GGC,10,3,Q,2015-Q2,6340,AUD,6,,
ABS:ANA_SFD(1.0.0),C,FCE,GGC,10,3,Q,2015-Q3,6207,AUD,6,,
ABS:ANA_SFD(1.0.0),C,FCE,GGC,10,3,Q,2015-Q4,6497,AUD,6,,
ABS:ANA_SFD(1.0.0),C,FCE,GGC,10,3,Q,2016-Q1,6226,AUD,6,,
ABS:ANA_SFD(1.0.0),C,FCE,GGC,10,3,Q,2016-Q2,7119,AUD,6,,
ABS:ANA_SFD(1.0.0),C,FCE,GGC,10,3,Q,2016-Q3,6868,AUD,6,,
ABS:ANA_SFD(1.0.0),C,FCE,GGC,10,3,Q,2016-Q4,7049,AUD,6,,
ABS:ANA_SFD(1.0.0),C,FCE,GGC,10,3,Q,2017-Q1,6673,AUD,6,,
ABS:ANA_SFD(1.0.0),C,FCE,GGC,10,3,Q,2017-Q2,7258,AUD,6,,
ABS:ANA_SFD(1.0.0),C,FCE,GGC,10,3,Q,2017-Q3,7108,AUD,6,,
ABS:ANA_SFD(1.0.0),C,FCE,GGC,10,3,Q,2017-Q4,7458,AUD,6,,
ABS:ANA_SFD(1.0.0),C,FCE,GGC,10,3,Q,2018-Q1,7051,AUD,6,,
ABS:ANA_SFD(1.0.0),C,FCE,GGC,10,3,Q,2018-Q2,7743,AUD,6,,
ABS:ANA_SFD(1.0.0),C,FCE,GGC,10,3,Q,2018-Q3,7714,AUD,6,,
ABS:ANA_SFD(1.0.0),C,FCE,GGC,10,3,Q,2018-Q4,8226,AUD,6,,
ABS:ANA_SFD(1.0.0),C,FCE,GGC,10,3,Q,2019-Q1,7680,AUD,6,,
ABS:ANA_SFD(1.0.0),C,FCE,GGC,10,3,Q,2019-Q2,8673,AUD,6,,
ABS:ANA_SFD(1.0.0),C,FCE,GGC,10,3,Q,2019-Q3,8724,AUD,6,,
ABS:ANA_SFD(1.0.0),C,FCE,GGC,10,3,Q,2019-Q4,9229,AUD,6,,
ABS:ANA_SFD(1.0.0),C,FCE,GGC,10,3,Q,2020-Q1,9245,AUD,6,,
ABS:ANA_SFD(1.0.0),C,FCE,GGC,10,3,Q,2020-Q2,8832,AUD,6,,
ABS:ANA_SFD(1.0.0),C,FCE,GGC,10,3,Q,2020-Q3,9921,AUD,6,,
ABS:ANA_SFD(1.0.0),C,FCE,GGC,10,3,Q,2020-Q4,10227,AUD,6,,
ABS:ANA_SFD(1.0.0),C,FCE,GGC,10,3,Q,2021-Q1,10190,AUD,6,,
ABS:ANA_SFD(1.0.0),C,FCE,GGC,10,3,Q,2021-Q2,9930,AUD,6,,
ABS:ANA_SFD(1.0.0),C,FCE,GGC,10,3,Q,2021-Q3,10780,AUD,6,,
ABS:ANA_SFD(1.0.0),C,FCE,GGC,10,3,Q,2021-Q4,11115,AUD,6,,
ABS:ANA_SFD(1.0.0),C,FCE,GGC,10,3,Q,2022-Q1,11494,AUD,6,,
ABS:ANA_SFD(1.0.0),C,FCE,GGC,10,3,Q,2022-Q2,11037,AUD,6,,
ABS:ANA_SFD(1.0.0),C,FCE,GGC,10,3,Q,2022-Q3,11554,AUD,6,,
ABS:ANA_SFD(1.0.0),C,FCE,GGC,10,3,Q,2022-Q4,11891,AUD,6,,
ABS:ANA_SFD(1.0.0),C,FCE,GGC,10,3,Q,2023-Q1,12073,AUD,6,,
ABS:ANA_SFD(1.0.0),C,FCE,GGC,10,3,Q,2023-Q2,11645,AUD,6,,
ABS:ANA_SFD(1.0.0),C,FCE,GGC,10,3,Q,2023-Q3,12798,AUD,6,,
ABS:ANA_SFD(1.0.0),C,FCE,GGC,10,3,Q,2023-Q4,13094,AUD,6,,
ABS:ANA_SFD(1.0.0),C,FCE,GGC,10,3,Q,2024-Q1,13380,AUD,6,,
ABS:ANA_SFD(1.0.0),C,FCE,GGC,10,3,Q,2024-Q2,12812,AUD,6,,
ABS:ANA_SFD(1.0.0),C,FCE,GGC,10,3,Q,2024-Q3,14004,AUD,6,,
ABS:ANA_SFD(1.0.0),C,FCE,GGC,10,3,Q,2024-Q4,14292,AUD,6,,
ABS:ANA_SFD(1.0.0),C,FCE,GGC,10,3,Q,2025-Q1,14574,AUD,6,,
ABS:ANA_SFD(1.0.0),C,FCE,GGC,10,3,Q,2025-Q2,14136,AUD,6,,
ABS:ANA_SFD(1.0.0),C,FCE,GGC,10,3,Q,2025-Q3,15272,AUD,6,,
ABS:ANA_SFD(1.0.0),C,FCE,GGC,10,3,Q,2025-Q4,15489,AUD,6,,
ABS:ANA_SFD(1.0.0),C,FCE,GGC,10,3,Q,2026-Q1,15694,AUD,6,,
ABS:ANA_SFD(1.0.0),C,FCE,GGC,10,3,Q,2026-Q2,14919,AUD,6,,
ABS:ANA_SFD(1.0.0),C,FCE,GGS,10,2,Q,2010-Q1,13406,AUD,6,,
ABS:ANA_SFD(1.0.0),C,FCE,GGS,10,2,Q,2010-Q2,15217,AUD,6,,
ABS:ANA_SFD(1.0.0),C,FCE,GGS,10,2,Q,2010-Q3,13825,AUD,6,,
ABS:ANA_SFD(1.0.0),C,FCE,GGS,10,2,Q,2010-Q4,15197,AUD,6,,
ABS:ANA_SFD(1.0.0),C,FCE,GGS,10,2,Q,2011-Q1,14204,AUD,6,,
ABS:ANA_SFD(1.0.0),C,FCE,GGS,10,2,Q,2011-Q2,15944,AUD,6,,
ABS:ANA_SFD(1.0.0),C,FCE,GGS,10,2,Q,2011-Q3,15135,AUD,6,,
ABS:ANA_SFD(1.0.0),C,FCE,GGS,10,2,Q,2011-Q4,16004,AUD,6,,
ABS:ANA_SFD(1.0.0),C,FCE,GGS,10,2,Q,2012-Q1,14850,AUD,6,,
ABS:ANA_SFD(1.0.0),C,FCE,GGS,10,2,Q,2012-Q2,16816,AUD,6,,
ABS:ANA_SFD(1.0.0),C,FCE,GGS,10,2,Q,2012-Q3,15585,AUD,6,,
ABS:ANA_SFD(1.0.0),C,FCE,GGS,10,2,Q,2012-Q4,15627,AUD,6,,
ABS:ANA_SFD(1.0.0),C,FCE,GGS,10,2,Q,2013-Q1,15224,AUD,6,,
ABS:ANA_SFD(1.0.0),C,FCE,GGS,10,2,Q,2013-Q2,17291,AUD,6,,
ABS:ANA_SFD(1.0.0),C,FCE,GGS,10,2,Q,2013-Q3,16349,AUD,6,,
ABS:ANA_SFD(1.0.0),C,FCE,GGS,10,2,Q,2013-Q4,17098,AUD,6,,
ABS:ANA_SFD(1.0.0),C,FCE,GGS,10,2,Q,2014-Q1,15671,AUD,6,,
ABS:ANA_SFD(1.0.0),C,FCE,GGS,10,2,Q,2014-Q2,17394,AUD,6,,
ABS:ANA_SFD(1.0.0),C,FCE,GGS,10,2,Q,2014-Q3,16678,AUD,6,,
ABS:ANA_SFD(1.0.0),C,FCE,GGS,10,2,Q,2014-Q4,17926,AUD,6,,
ABS:ANA_SFD(1.0.0),C,FCE,GGS,10,2,Q,2015-Q1,16567,AUD,6,,
ABS:ANA_SFD(1.0.0),C,FCE,GGS,10,2,Q,2015-Q2,18745,AUD,6,,
ABS:ANA_SFD(1.0.0),C,FCE,GGS,10,2,Q,2015-Q3,17753,AUD,6,,
ABS:ANA_SFD(1.0.0),C,FCE,GGS,10,2,Q,2015-Q4,18783,AUD,6,,
ABS:ANA_SFD(1.0.0),C,FCE,GGS,10,2,Q,2016-Q1,17437,AUD,6,,
ABS:ANA_SFD(1.0.0),C,FCE,GGS,10,2,Q,2016-Q2,20263,AUD,6,,
ABS:ANA_SFD(1.0.0),C,FCE,GGS,10,2,Q,2016-Q3,19185,AUD,6,,
ABS:ANA_SFD(1.0.0),C,FCE,GGS,10,2,Q,2016-Q4,20067,AUD,6,,
ABS:ANA_SFD(1.0.0),C,FCE,GGS,10,2,Q,2017-Q1,18743,AUD,6,,
ABS:ANA_SFD(1.0.0),C,FCE,GGS,10,2,Q,2017-Q2,21666,AUD,6,,
ABS:ANA_SFD(1.0.0),C,FCE,GGS,10,2,Q,2017-Q3,20313,AUD,6,,
ABS:ANA_SFD(1.0.0),C,FCE,GGS,10,2,Q,2017-Q4,21503,AUD,6,,
ABS:ANA_SFD(1.0.0),C,FCE,GGS,10,2,Q,2018-Q1,20045,AUD,6,,
ABS:ANA_SFD(1.0.0),C,FCE,GGS,10,2,Q,2018-Q2,23268,AUD,6,,
ABS:ANA_SFD(1.0.0),C,FCE,GGS,10,2,Q,2018-Q3,21872,AUD,6,,
ABS:ANA_SFD(1.0.0),C,FCE,GGS,10,2,Q,2018-Q4,23259,AUD,6,,
ABS:ANA_SFD(1.0.0),C,FCE,GGS,10,2,Q,2019-Q1,21897,AUD,6,,
ABS:ANA_SFD(1.0.0),C,FCE,GGS,10,2,Q,2019-Q2,26338,AUD,6,,
ABS:ANA_SFD(1.0.0),C,FCE,GGS,10,2,Q,2019-Q3,24662,AUD,6,,
ABS:ANA_SFD(1.0.0),C,FCE,GGS,10,2,Q,2019-Q4,25847,AUD,6,,
ABS:ANA_SFD(1.0.0),C,FCE,GGS,10,2,Q,2020-Q1,25247,AUD,6,,
ABS:ANA_SFD(1.0.0),C,FCE,GGS,10,2,Q,2020-Q2,27507,AUD,6,,
ABS:ANA_SFD(1.0.0),C,FCE,GGS,10,2,Q,2020-Q3,27523,AUD,6,,
ABS:ANA_SFD(1.0.0),C,FCE,GGS,10,2,Q,2020-Q4,28750,AUD,6,,
ABS:ANA_SFD(1.0.0),C,FCE,GGS,10,2,Q,2021-Q1,27567,AUD,6,,
ABS:ANA_SFD(1.0.0),C,FCE,GGS,10,2,Q,2021-Q2,30304,AUD,6,,
ABS:ANA_SFD(1.0.0),C,FCE,GGS,10,2,Q,2021-Q3,29589,AUD,6,,
ABS:ANA_SFD(1.0.0),C,FCE,GGS,10,2,Q,2021-Q4,31398,AUD,6,,
ABS:ANA_SFD(1.0.0),C,FCE,GGS,10,2,Q,2022-Q1,30940,AUD,6,,
ABS:ANA_SFD(1.0.0),C,FCE,GGS,10,2,Q,2022-Q2,32839,AUD,6,,
ABS:ANA_SFD(1.0.0),C,FCE,GGS,10,2,Q,2022-Q3,31470,AUD,6,,
ABS:ANA_SFD(1.0.0),C,FCE,GGS,10,2,Q,2022-Q4,33071,AUD,6,,
ABS:ANA_SFD(1.0.0),C,FCE,GGS,10,2,Q,2023-Q1,31995,AUD,6,,
ABS:ANA_SFD(1.0.0),C,FCE,GGS,10,2,Q,2023-Q2,34330,AUD,6,,
ABS:ANA_SFD(1.0.0),C,FCE,GGS,10,2,Q,2023-Q3,33675,AUD,6,,
ABS:ANA_SFD(1.0.0),C,FCE,GGS,10,2,Q,2023-Q4,35223,AUD,6,,
ABS:ANA_SFD(1.0.0),C,FCE,GGS,10,2,Q,2024-Q1,34482,AUD,6,,
ABS:ANA_SFD(1.0.0),C,FCE,GGS,10,2,Q,2024-Q2,37198,AUD,6,,
ABS:ANA_SFD(1.0.0),C,FCE,GGS,10,2,Q,2024-Q3,36400,AUD,6,,
ABS:ANA_SFD(1.0.0),C,FCE,GGS,10,2,Q,2024-Q4,38273,AUD,6,,
ABS:ANA_SFD(1.0.0),C,FCE,GGS,10,2,Q,2025-Q1,36892,AUD,6,,
ABS:ANA_SFD(1.0.0),C,FCE,GGS,10,2,Q,2025-Q2,39420,AUD,6,,
ABS:ANA_SFD(1.0.0),C,FCE,GGS,10,2,Q,2025-Q3,38839,AUD,6,,
ABS:ANA_SFD(1.0.0),C,FCE,GGS,10,2,Q,2025-Q4,40563,AUD,6,,
ABS:ANA_SFD(1.0.0),C,FCE,GGS,10,2,Q,2026-Q1,39156,AUD,6,,
ABS:ANA_SFD(1.0.0),C,FCE,GGS,10,2,Q,2026-Q2,42008,AUD,6,,
ABS:ANA_SFD(1.0.0),C,FCE,GGS,10,6,Q,2010-Q1,1428,AUD,6,,
ABS:ANA_SFD(1.0.0),C,FCE,GGS,10,6,Q,2010-Q2,1575,AUD,6,,
ABS:ANA_SFD(1.0.0),C,FCE,GGS,10,6,Q,2010-Q3,1483,AUD,6,,
ABS:ANA_SFD(1.0.0),C,FCE,GGS,10,6,Q,2010-Q4,1598,AUD,6,,
ABS:ANA_SFD(1.0.0),C,FCE,GGS,10,6,Q,2011-Q1,1532,AUD,6,,
ABS:ANA_SFD(1.0.0),C,FCE,GGS,10,6,Q,2011-Q2,1648,AUD,6,,
ABS:ANA_SFD(1.0.0),C,FCE,GGS,10,6,Q,2011-Q3,1604,AUD,6,,
ABS:ANA_SFD(1.0.0),C,FCE,GGS,10,6,Q,2011-Q4,1632,AUD,6,,
ABS:ANA_SFD(1.0.0),C,FCE,GGS,10,6,Q,2012-Q1,1475,AUD,6,,
ABS:ANA_SFD(1.0.0),C,FCE,GGS,10,6,Q,2012-Q2,1639,AUD,6,,
ABS:ANA_SFD(1.0.0),C,FCE,GGS,10,6,Q,2012-Q3,1594,AUD,6,,
ABS:ANA_SFD(1.0.0),C,FCE,GGS,10,6,Q,2012-Q4,1642,AUD,6,,
ABS:ANA_SFD(1.0.0),C,FCE,GGS,10,6,Q,2013-Q1,1530,AUD,6,,
ABS:ANA_SFD(1.0.0),C,FCE,GGS,10,6,Q,2013-Q2,1695,AUD,6,,
ABS:ANA_SFD(1.0.0),C,FCE,GGS,10,6,Q,2013-Q3,1605,AUD,6,,
ABS:ANA_SFD(1.0.0),C,FCE,GGS,10,6,Q,2013-Q4,1687,AUD,6,,
ABS:ANA_SFD(1.0.0),C,FCE,GGS,10,6,Q,2014-Q1,1510,AUD,6,,
ABS:ANA_SFD(1.0.0),C,FCE,GGS,10,6,Q,2014-Q2,1754,AUD,6,,
ABS:ANA_SFD(1.0.0),C,FCE,GGS,10,6,Q,2014-Q3,1660,AUD,6,,
ABS:ANA_SFD(1.0.0),C,FCE,GGS,10,6,Q,2014-Q4,1738,AUD,6,,
ABS:ANA_SFD(1.0.0),C,FCE,GGS,10,6,Q,2015-Q1,1572,AUD,6,,
ABS:ANA_SFD(1.0.0),C,FCE,GGS,10,6,Q,2015-Q2,1769,AUD,6,,
ABS:ANA_SFD(1.0.0),C,FCE,GGS,10,6,Q,2015-Q3,1706,AUD,6,,
ABS:ANA_SFD(1.0.0),C,FCE,GGS,10,6,Q,2015-Q4,1805,AUD,6,,
ABS:ANA_SFD(1.0.0),C,FCE,GGS,10,6,Q,2016-Q1,1685,AUD,6,,
ABS:ANA_SFD(1.0.0),C,FCE,GGS,10,6,Q,2016-Q2,1927,AUD,6,,
ABS:ANA_SFD(1.0.0),C,FCE,GGS,10,6,Q,2016-Q3,1824,AUD,6,,
ABS:ANA_SFD(1.0.0),C,FCE,GGS,10,6,Q,2016-Q4,1893,AUD,6,,
ABS:ANA_SFD(1.0.0),C,FCE,GGS,10,6,Q,2017-Q1,1773,AUD,6,,
ABS:ANA_SFD(1.0.0),C,FCE,GGS,10,6,Q,2017-Q2,2044,AUD,6,,
ABS:ANA_SFD(1.0.0),C,FCE,GGS,10,6,Q,2017-Q3,1886,AUD,6,,
ABS:ANA_SFD(1.0.0),C,FCE,GGS,10,6,Q,2017-Q4,1969,AUD,6,,
ABS:ANA_SFD(1.0.0),C,FCE,GGS,10,6,Q,2018-Q1,1860,AUD,6,,
ABS:ANA_SFD(1.0.0),C,FCE,GGS,10,6,Q,2018-Q2,2164,AUD,6,,
ABS:ANA_SFD(1.0.0),C,FCE,GGS,10,6,Q,2018-Q3,2013,AUD,6,,
ABS:ANA_SFD(1.0.0),C,FCE,GGS,10,6,Q,2018-Q4,2160,AUD,6,,
ABS:ANA_SFD(1.0.0),C,FCE,GGS,10,6,Q,2019-Q1,2017,AUD,6,,
ABS:ANA_SFD(1.0.0),C,FCE,GGS,10,6,Q,2019-Q2,2359,AUD,6,,
ABS:ANA_SFD(1.0.0),C,FCE,GGS,10,6,Q,2019-Q3,2207,AUD,6,,
ABS:ANA_SFD(1.0.0),C,FCE,GGS,10,6,Q,2019-Q4,2336,AUD,6,,
ABS:ANA_SFD(1.0.0),C,FCE,GGS,10,6,Q,2020-Q1,2264,AUD,6,,
ABS:ANA_SFD(1.0.0),C,FCE,GGS,10,6,Q,2020-Q2,2494,AUD,6,,
ABS:ANA_SFD(1.0.0),C,FCE,GGS,10,6,Q,2020-Q3,2391,AUD,6,,
ABS:ANA_SFD(1.0.0),C,FCE,GGS,10,6,Q,2020-Q4,2546,AUD,6,,
ABS:ANA_SFD(1.0.0),C,FCE,GGS,10,6,Q,2021-Q1,2497,AUD,6,,
ABS:ANA_SFD(1.0.0),C,FCE,GGS,10,6,Q,2021-Q2,2649,AUD,6,,
ABS:ANA_SFD(1.0.0),C,FCE,GGS,10,6,Q,2021-Q3,2709,AUD,6,,
ABS:ANA_SFD(1.0.0),C,FCE,GGS,10,6,Q,2021-Q4,2751,AUD,6,,
ABS:ANA_SFD(1.0.0),C,FCE,GGS,10,6,Q,2022-Q1,2772,AUD,6,,
ABS:ANA_SFD(1.0.0),C,FCE,GGS,10,6,Q,2022-Q2,2869,AUD,6,,
ABS:ANA_SFD(1.0.0),C,FCE,GGS,10,6,Q,2022-Q3,2885,AUD,6,,
ABS:ANA_SFD(1.0.0),C,FCE,GGS,10,6,Q,2022-Q4,2981,AUD,6,,
ABS:ANA_SFD(1.0.0),C,FCE,GGS,10,6,Q,2023-Q1,3006,AUD,6,,
ABS:ANA_SFD(1.0.0),C,FCE,GGS,10,6,Q,2023-Q2,3042,AUD,6,,
ABS:ANA_SFD(1.0.0),C,FCE,GGS,10,6,Q,2023-Q3,3146,AUD,6,,
ABS:ANA_SFD(1.0.0),C,FCE,GGS,10,6,Q,2023-Q4,3142,AUD,6,,
ABS:ANA_SFD(1.0.0),C,FCE,GGS,10,6,Q,2024-Q1,3254,AUD,6,,
ABS:ANA_SFD(1.0.0),C,FCE,GGS,10,6,Q,2024-Q2,3470,AUD,6,,
ABS:ANA_SFD(1.0.0),C,FCE,GGS,10,6,Q,2024-Q3,3492,AUD,6,,
ABS:ANA_SFD(1.0.0),C,FCE,GGS,10,6,Q,2024-Q4,3468,AUD,6,,
ABS:ANA_SFD(1.0.0),C,FCE,GGS,10,6,Q,2025-Q1,3531,AUD,6,,
ABS:ANA_SFD(1.0.0),C,FCE,GGS,10,6,Q,2025-Q2,3651,AUD,6,,
ABS:ANA_SFD(1.0.0),C,FCE,GGS,10,6,Q,2025-Q3,3721,AUD,6,,
ABS:ANA_SFD(1.0.0),C,FCE,GGS,10,6,Q,2025-Q4,3740,AUD,6,,
ABS:ANA_SFD(1.0.0),C,FCE,GGS,10,6,Q,2026-Q1,3704,AUD,6,,
ABS:ANA_SFD(1.0.0),C,FCE,GGS,10,6,Q,2026-Q2,3821,AUD,6,,
ABS:ANA_SFD(1.0.0),C,GFC,GES_SL,10,4,Q,2010-Q1,198,AUD,6,,
ABS:ANA_SFD(1.0.0),C,GFC,GES_SL,10,4,Q,2010-Q2,155,AUD,6,,
ABS:ANA_SFD(1.0.0),C,GFC,GES_SL,10,4,Q,2010-Q3,244,AUD,6,,
ABS:ANA_SFD(1.0.0),C,GFC,GES_SL,10,4,Q,2010-Q4,241,AUD,6,,
ABS:ANA_SFD(1.0.0),C,GFC,GES_SL,10,4,Q,2011-Q1,204,AUD,6,,
ABS:ANA_SFD(1.0.0),C,GFC,GES_SL,10,4,Q,2011-Q2,312,AUD,6,,
ABS:ANA_SFD(1.0.0),C,GFC,GES_SL,10,4,Q,2011-Q3,145,AUD,6,,
ABS:ANA_SFD(1.0.0),C,GFC,GES_SL,10,4,Q,2011-Q4,186,AUD,6,,
ABS:ANA_SFD(1.0.0),C,GFC,GES_SL,10,4,Q,2012-Q1,151,AUD,6,,
ABS:ANA_SFD(1.0.0),C,GFC,GES_SL,10,4,Q,2012-Q2,360,AUD,6,,
ABS:ANA_SFD(1.0.0),C,GFC,GES_SL,10,4,Q,2012-Q3,173,AUD,6,,
ABS:ANA_SFD(1.0.0),C,GFC,GES_SL,10,4,Q,2012-Q4,242,AUD,6,,
ABS:ANA_SFD(1.0.0),C,GFC,GES_SL,10,4,Q,2013-Q1,218,AUD,6,,
ABS:ANA_SFD(1.0.0),C,GFC,GES_SL,10,4,Q,2013-Q2,233,AUD,6,,
ABS:ANA_SFD(1.0.0),C,GFC,GES_SL,10,4,Q,2013-Q3,109,AUD,6,,
ABS:ANA_SFD(1.0.0),C,GFC,GES_SL,10,4,Q,2013-Q4,99,AUD,6,,
ABS:ANA_SFD(1.0.0),C,GFC,GES_SL,10,4,Q,2014-Q1,109,AUD,6,,
ABS:ANA_SFD(1.0.0),C,GFC,GES_SL,10,4,Q,2014-Q2,116,AUD,6,,
ABS:ANA_SFD(1.0.0),C,GFC,GES_SL,10,4,Q,2014-Q3,112,AUD,6,,
ABS:ANA_SFD(1.0.0),C,GFC,GES_SL,10,4,Q,2014-Q4,127,AUD,6,,
ABS:ANA_SFD(1.0.0),C,GFC,GES_SL,10,4,Q,2015-Q1,92,AUD,6,,
ABS:ANA_SFD(1.0.0),C,GFC,GES_SL,10,4,Q,2015-Q2,175,AUD,6,,
ABS:ANA_SFD(1.0.0),C,GFC,GES_SL,10,4,Q,2015-Q3,94,AUD,6,,
ABS:ANA_SFD(1.0.0),C,GFC,GES_SL,10,4,Q,2015-Q4,123,AUD,6,,
ABS:ANA_SFD(1.0.0),C,GFC,GES_SL,10,4,Q,2016-Q1,113,AUD,6,,
ABS:ANA_SFD(1.0.0),C,GFC,GES_SL,10,4,Q,2016-Q2,206,AUD,6,,
ABS:ANA_SFD(1.0.0),C,GFC,GES_SL,10,4,Q,2016-Q3,133,AUD,6,,
ABS:ANA_SFD(1.0.0),C,GFC,GES_SL,10,4,Q,2016-Q4,139,AUD,6,,
ABS:ANA_SFD(1.0.0),C,GFC,GES_SL,10,4,Q,2017-Q1,541,AUD,6,,
ABS:ANA_SFD(1.0.0),C,GFC,GES_SL,10,4,Q,2017-Q2,173,AUD,6,,
ABS:ANA_SFD(1.0.0),C,GFC,GES_SL,10,4,Q,2017-Q3,-440,AUD,6,,
ABS:ANA_SFD(1.0.0),C,GFC,GES_SL,10,4,Q,2017-Q4,180,AUD,6,,
ABS:ANA_SFD(1.0.0),C,GFC,GES_SL,10,4,Q,2018-Q1,169,AUD,6,,
ABS:ANA_SFD(1.0.0),C,GFC,GES_SL,10,4,Q,2018-Q2,255,AUD,6,,
ABS:ANA_SFD(1.0.0),C,GFC,GES_SL,10,4,Q,2018-Q3,196,AUD,6,,
ABS:ANA_SFD(1.0.0),C,GFC,GES_SL,10,4,Q,2018-Q4,236,AUD,6,,
ABS:ANA_SFD(1.0.0),C,GFC,GES_SL,10,4,Q,2019-Q1,176,AUD,6,,
ABS:ANA_SFD(1.0.0),C,GFC,GES_SL,10,4,Q,2019-Q2,213,AUD,6,,
ABS:ANA_SFD(1.0.0),C,GFC,GES_SL,10,4,Q,2019-Q3,186,AUD,6,,
ABS:ANA_SFD(1.0.0),C,GFC,GES_SL,10,4,Q,2019-Q4,-241,AUD,6,,
ABS:ANA_SFD(1.0.0),C,GFC,GES_SL,10,4,Q,2020-Q1,170,AUD,6,,
ABS:ANA_SFD(1.0.0),C,GFC,GES_SL,10,4,Q,2020-Q2,214,AUD,6,,
ABS:ANA_SFD(1.0.0),C,GFC,GES_SL,10,4,Q,2020-Q3,152,AUD,6,,
ABS:ANA_SFD(1.0.0),C,GFC,GES_SL,10,4,Q,2020-Q4,189,AUD,6,,
ABS:ANA_SFD(1.0.0),C,GFC,GES_SL,10,4,Q,2021-Q1,161,AUD,6,,
ABS:ANA_SFD(1.0.0),C,GFC,GES_SL,10,4,Q,2021-Q2,198,AUD,6,,
ABS:ANA_SFD(1.0.0),C,GFC,GES_SL,10,4,Q,2021-Q3,123,AUD,6,,
ABS:ANA_SFD(1.0.0),C,GFC,GES_SL,10,4,Q,2021-Q4,144,AUD,6,,
ABS:ANA_SFD(1.0.0),C,GFC,GES_SL,10,4,Q,2022-Q1,139,AUD,6,,
ABS:ANA_SFD(1.0.0),C,GFC,GES_SL,10,4,Q,2022-Q2,230,AUD,6,,
ABS:ANA_SFD(1.0.0),C,GFC,GES_SL,10,4,Q,2022-Q3,171,AUD,6,,
ABS:ANA_SFD(1.0.0),C,GFC,GES_SL,10,4,Q,2022-Q4,167,AUD,6,,
ABS:ANA_SFD(1.0.0),C,GFC,GES_SL,10,4,Q,2023-Q1,177,AUD,6,,
ABS:ANA_SFD(1.0.0),C,GFC,GES_SL,10,4,Q,2023-Q2,266,AUD,6,,
ABS:ANA_SFD(1.0.0),C,GFC,GES_SL,10,4,Q,2023-Q3,214,AUD,6,,
ABS:ANA_SFD(1.0.0),C,GFC,GES_SL,10,4,Q,2023-Q4,260,AUD,6,,
ABS:ANA_SFD(1.0.0),C,GFC,GES_SL,10,4,Q,2024-Q1,228,AUD,6,,
ABS:ANA_SFD(1.0.0),C,GFC,GES_SL,10,4,Q,2024-Q2,535,AUD,6,,
ABS:ANA_SFD(1.0.0),C,GFC,GES_SL,10,4,Q,2024-Q3,244,AUD,6,,
ABS:ANA_SFD(1.0.0),C,GFC,GES_SL,10,4,Q,2024-Q4,293,AUD,6,,
ABS:ANA_SFD(1.0.0),C,GFC,GES_SL,10,4,Q,2025-Q1,281,AUD,6,,
ABS:ANA_SFD(1.0.0),C,GFC,GES_SL,10,4,Q,2025-Q2,419,AUD,6,,
ABS:ANA_SFD(1.0.0),C,GFC,GES_SL,10,4,Q,2025-Q3,360,AUD,6,,
ABS:ANA_SFD(1.0.0),C,GFC,GES_SL,10,4,Q,2025-Q4,405,AUD,6,,
ABS:ANA_SFD(1.0.0),C,GFC,GES_SL,10,4,Q,2026-Q1,367,AUD,6,,
ABS:ANA_SFD(1.0.0),C,GFC,GES_SL,10,4,Q,2026-Q2,480,AUD,6,,
ABS:ANA_SFD(1.0.0),C,GFC,GGS,10,2,Q,2010-Q1,2161,AUD,6,,
ABS:ANA_SFD(1.0.0),C,GFC,GGS,10,2,Q,2010-Q2,3193,AUD,6,,
ABS:ANA_SFD(1.0.0),C,GFC,GGS,10,2,Q,2010-Q3,2644,AUD,6,,
ABS:ANA_SFD(1.0.0),C,GFC,GGS,10,2,Q,2010-Q4,2613,AUD,6,,
ABS:ANA_SFD(1.0.0),C,GFC,GGS,10,2,Q,2011-Q1,2278,AUD,6,,
ABS:ANA_SFD(1.0.0),C,GFC,GGS,10,2,Q,2011-Q2,2841,AUD,6,,
ABS:ANA_SFD(1.0.0),C,GFC,GGS,10,2,Q,2011-Q3,1829,AUD,6,,
ABS:ANA_SFD(1.0.0),C,GFC,GGS,10,2,Q,2011-Q4,4317,AUD,6,,
ABS:ANA_SFD(1.0.0),C,GFC,GGS,10,2,Q,2012-Q1,1731,AUD,6,,
ABS:ANA_SFD(1.0.0),C,GFC,GGS,10,2,Q,2012-Q2,2706,AUD,6,,
ABS:ANA_SFD(1.0.0),C,GFC,GGS,10,2,Q,2012-Q3,2404,AUD,6,,
ABS:ANA_SFD(1.0.0),C,GFC,GGS,10,2,Q,2012-Q4,2525,AUD,6,,
ABS:ANA_SFD(1.0.0),C,GFC,GGS,10,2,Q,2013-Q1,2519,AUD,6,,
ABS:ANA_SFD(1.0.0),C,GFC,GGS,10,2,Q,2013-Q2,2929,AUD,6,,
ABS:ANA_SFD(1.0.0),C,GFC,GGS,10,2,Q,2013-Q3,2051,AUD,6,,
ABS:ANA_SFD(1.0.0),C,GFC,GGS,10,2,Q,2013-Q4,2527,AUD,6,,
ABS:ANA_SFD(1.0.0),C,GFC,GGS,10,2,Q,2014-Q1,2102,AUD,6,,
ABS:ANA_SFD(1.0.0),C,GFC,GGS,10,2,Q,2014-Q2,3021,AUD,6,,
ABS:ANA_SFD(1.0.0),C,GFC,GGS,10,2,Q,2014-Q3,1986,AUD,6,,
ABS:ANA_SFD(1.0.0),C,GFC,GGS,10,2,Q,2014-Q4,2691,AUD,6,,
ABS:ANA_SFD(1.0.0),C,GFC,GGS,10,2,Q,2015-Q1,2345,AUD,6,,
ABS:ANA_SFD(1.0.0),C,GFC,GGS,10,2,Q,2015-Q2,3255,AUD,6,,
ABS:ANA_SFD(1.0.0),C,GFC,GGS,10,2,Q,2015-Q3,2172,AUD,6,,
ABS:ANA_SFD(1.0.0),C,GFC,GGS,10,2,Q,2015-Q4,2822,AUD,6,,
ABS:ANA_SFD(1.0.0),C,GFC,GGS,10,2,Q,2016-Q1,2594,AUD,6,,
ABS:ANA_SFD(1.0.0),C,GFC,GGS,10,2,Q,2016-Q2,4548,AUD,6,,
ABS:ANA_SFD(1.0.0),C,GFC,GGS,10,2,Q,2016-Q3,2716,AUD,6,,
ABS:ANA_SFD(1.0.0),C,GFC,GGS,10,2,Q,2016-Q4,3442,AUD,6,,
ABS:ANA_SFD(1.0.0),C,GFC,GGS,10,2,Q,2017-Q1,3780,AUD,6,,
ABS:ANA_SFD(1.0.0),C,GFC,GGS,10,2,Q,2017-Q2,4092,AUD,6,,
ABS:ANA_SFD(1.0.0),C,GFC,GGS,10,2,Q,2017-Q3,3492,AUD,6,,
ABS:ANA_SFD(1.0.0),C,GFC,GGS,10,2,Q,2017-Q4,5111,AUD,6,,
ABS:ANA_SFD(1.0.0),C,GFC,GGS,10,2,Q,2018-Q1,4105,AUD,6,,
ABS:ANA_SFD(1.0.0),C,GFC,GGS,10,2,Q,2018-Q2,5452,AUD,6,,
ABS:ANA_SFD(1.0.0),C,GFC,GGS,10,2,Q,2018-Q3,4246,AUD,6,,
ABS:ANA_SFD(1.0.0),C,GFC,GGS,10,2,Q,2018-Q4,5107,AUD,6,,
ABS:ANA_SFD(1.0.0),C,GFC,GGS,10,2,Q,2019-Q1,4063,AUD,6,,
ABS:ANA_SFD(1.0.0),C,GFC,GGS,10,2,Q,2019-Q2,5409,AUD,6,,
ABS:ANA_SFD(1.0.0),C,GFC,GGS,10,2,Q,2019-Q3,4413,AUD,6,,
ABS:ANA_SFD(1.0.0),C,GFC,GGS,10,2,Q,2019-Q4,5321,AUD,6,,
ABS:ANA_SFD(1.0.0),C,GFC,GGS,10,2,Q,2020-Q1,4532,AUD,6,,
ABS:ANA_SFD(1.0.0),C,GFC,GGS,10,2,Q,2020-Q2,6016,AUD,6,,
ABS:ANA_SFD(1.0.0),C,GFC,GGS,10,2,Q,2020-Q3,4754,AUD,6,,
ABS:ANA_SFD(1.0.0),C,GFC,GGS,10,2,Q,2020-Q4,5804,AUD,6,,
ABS:ANA_SFD(1.0.0),C,GFC,GGS,10,2,Q,2021-Q1,5023,AUD,6,,
ABS:ANA_SFD(1.0.0),C,GFC,GGS,10,2,Q,2021-Q2,6460,AUD,6,,
ABS:ANA_SFD(1.0.0),C,GFC,GGS,10,2,Q,2021-Q3,5417,AUD,6,,
ABS:ANA_SFD(1.0.0),C,GFC,GGS,10,2,Q,2021-Q4,6535,AUD,6,,
ABS:ANA_SFD(1.0.0),C,GFC,GGS,10,2,Q,2022-Q1,5746,AUD,6,,
ABS:ANA_SFD(1.0.0),C,GFC,GGS,10,2,Q,2022-Q2,7732,AUD,6,,
ABS:ANA_SFD(1.0.0),C,GFC,GGS,10,2,Q,2022-Q3,5968,AUD,6,,
ABS:ANA_SFD(1.0.0),C,GFC,GGS,10,2,Q,2022-Q4,6633,AUD,6,,
ABS:ANA_SFD(1.0.0),C,GFC,GGS,10,2,Q,2023-Q1,6085,AUD,6,,
ABS:ANA_SFD(1.0.0),C,GFC,GGS,10,2,Q,2023-Q2,8470,AUD,6,,
ABS:ANA_SFD(1.0.0),C,GFC,GGS,10,2,Q,2023-Q3,6613,AUD,6,,
ABS:ANA_SFD(1.0.0),C,GFC,GGS,10,2,Q,2023-Q4,7048,AUD,6,,
ABS:ANA_SFD(1.0.0),C,GFC,GGS,10,2,Q,2024-Q1,6243,AUD,6,,
ABS:ANA_SFD(1.0.0),C,GFC,GGS,10,2,Q,2024-Q2,8387,AUD,6,,
ABS:ANA_SFD(1.0.0),C,GFC,GGS,10,2,Q,2024-Q3,6530,AUD,6,,
ABS:ANA_SFD(1.0.0),C,GFC,GGS,10,2,Q,2024-Q4,7061,AUD,6,,
ABS:ANA_SFD(1.0.0),C,GFC,GGS,10,2,Q,2025-Q1,6185,AUD,6,,
ABS:ANA_SFD(1.0.0),C,GFC,GGS,10,2,Q,2025-Q2,7773,AUD,6,,
ABS:ANA_SFD(1.0.0),C,GFC,GGS,10,2,Q,2025-Q3,6231,AUD,6,,
ABS:ANA_SFD(1.0.0),C,GFC,GGS,10,2,Q,2025-Q4,7243,AUD,6,,
ABS:ANA_SFD(1.0.0),C,GFC,GGS,10,2,Q,2026-Q1,6242,AUD,6,,
ABS:ANA_SFD(1.0.0),C,GFC,GGS,10,2,Q,2026-Q2,8298,AUD,6,,
ABS:ANA_SFD(1.0.0),C,FCE,GGS,10,3,Q,2010-Q1,11281,AUD,6,,
ABS:ANA_SFD(1.0.0),C,FCE,GGS,10,3,Q,2010-Q2,12595,AUD,6,,
ABS:ANA_SFD(1.0.0),C,FCE,GGS,10,3,Q,2010-Q3,12107,AUD,6,,
ABS:ANA_SFD(1.0.0),C,FCE,GGS,10,3,Q,2010-Q4,13087,AUD,6,,
ABS:ANA_SFD(1.0.0),C,FCE,GGS,10,3,Q,2011-Q1,12702,AUD,6,,
ABS:ANA_SFD(1.0.0),C,FCE,GGS,10,3,Q,2011-Q2,14230,AUD,6,,
ABS:ANA_SFD(1.0.0),C,FCE,GGS,10,3,Q,2011-Q3,13352,AUD,6,,
ABS:ANA_SFD(1.0.0),C,FCE,GGS,10,3,Q,2011-Q4,14160,AUD,6,,
ABS:ANA_SFD(1.0.0),C,FCE,GGS,10,3,Q,2012-Q1,13288,AUD,6,,
ABS:ANA_SFD(1.0.0),C,FCE,GGS,10,3,Q,2012-Q2,15099,AUD,6,,
ABS:ANA_SFD(1.0.0),C,FCE,GGS,10,3,Q,2012-Q3,13725,AUD,6,,
ABS:ANA_SFD(1.0.0),C,FCE,GGS,10,3,Q,2012-Q4,13963,AUD,6,,
ABS:ANA_SFD(1.0.0),C,FCE,GGS,10,3,Q,2013-Q1,13605,AUD,6,,
ABS:ANA_SFD(1.0.0),C,FCE,GGS,10,3,Q,2013-Q2,14843,AUD,6,,
ABS:ANA_SFD(1.0.0),C,FCE,GGS,10,3,Q,2013-Q3,13884,AUD,6,,
ABS:ANA_SFD(1.0.0),C,FCE,GGS,10,3,Q,2013-Q4,14679,AUD,6,,
ABS:ANA_SFD(1.0.0),C,FCE,GGS,10,3,Q,2014-Q1,13500,AUD,6,,
ABS:ANA_SFD(1.0.0),C,FCE,GGS,10,3,Q,2014-Q2,15065,AUD,6,,
ABS:ANA_SFD(1.0.0),C,FCE,GGS,10,3,Q,2014-Q3,14271,AUD,6,,
ABS:ANA_SFD(1.0.0),C,FCE,GGS,10,3,Q,2014-Q4,14703,AUD,6,,
ABS:ANA_SFD(1.0.0),C,FCE,GGS,10,3,Q,2015-Q1,14598,AUD,6,,
ABS:ANA_SFD(1.0.0),C,FCE,GGS,10,3,Q,2015-Q2,15998,AUD,6,,
ABS:ANA_SFD(1.0.0),C,FCE,GGS,10,3,Q,2015-Q3,15346,AUD,6,,
ABS:ANA_SFD(1.0.0),C,FCE,GGS,10,3,Q,2015-Q4,15772,AUD,6,,
ABS:ANA_SFD(1.0.0),C,FCE,GGS,10,3,Q,2016-Q1,15608,AUD,6,,
ABS:ANA_SFD(1.0.0),C,FCE,GGS,10,3,Q,2016-Q2,17334,AUD,6,,
ABS:ANA_SFD(1.0.0),C,FCE,GGS,10,3,Q,2016-Q3,16569,AUD,6,,
ABS:ANA_SFD(1.0.0),C,FCE,GGS,10,3,Q,2016-Q4,17050,AUD,6,,
ABS:ANA_SFD(1.0.0),C,FCE,GGS,10,3,Q,2017-Q1,16716,AUD,6,,
ABS:ANA_SFD(1.0.0),C,FCE,GGS,10,3,Q,2017-Q2,18178,AUD,6,,
ABS:ANA_SFD(1.0.0),C,FCE,GGS,10,3,Q,2017-Q3,17472,AUD,6,,
ABS:ANA_SFD(1.0.0),C,FCE,GGS,10,3,Q,2017-Q4,18166,AUD,6,,
ABS:ANA_SFD(1.0.0),C,FCE,GGS,10,3,Q,2018-Q1,17805,AUD,6,,
ABS:ANA_SFD(1.0.0),C,FCE,GGS,10,3,Q,2018-Q2,19290,AUD,6,,
ABS:ANA_SFD(1.0.0),C,FCE,GGS,10,3,Q,2018-Q3,18418,AUD,6,,
ABS:ANA_SFD(1.0.0),C,FCE,GGS,10,3,Q,2018-Q4,19429,AUD,6,,
ABS:ANA_SFD(1.0.0),C,FCE,GGS,10,3,Q,2019-Q1,18643,AUD,6,,
ABS:ANA_SFD(1.0.0),C,FCE,GGS,10,3,Q,2019-Q2,21187,AUD,6,,
ABS:ANA_SFD(1.0.0),C,FCE,GGS,10,3,Q,2019-Q3,20352,AUD,6,,
ABS:ANA_SFD(1.0.0),C,FCE,GGS,10,3,Q,2019-Q4,20979,AUD,6,,
ABS:ANA_SFD(1.0.0),C,FCE,GGS,10,3,Q,2020-Q1,21159,AUD,6,,
ABS:ANA_SFD(1.0.0),C,FCE,GGS,10,3,Q,2020-Q2,22364,AUD,6,,
ABS:ANA_SFD(1.0.0),C,FCE,GGS,10,3,Q,2020-Q3,22158,AUD,6,,
ABS:ANA_SFD(1.0.0),C,FCE,GGS,10,3,Q,2020-Q4,22014,AUD,6,,
ABS:ANA_SFD(1.0.0),C,FCE,GGS,10,3,Q,2021-Q1,21961,AUD,6,,
ABS:ANA_SFD(1.0.0),C,FCE,GGS,10,3,Q,2021-Q2,23106,AUD,6,,
ABS:ANA_SFD(1.0.0),C,FCE,GGS,10,3,Q,2021-Q3,23749,AUD,6,,
ABS:ANA_SFD(1.0.0),C,FCE,GGS,10,3,Q,2021-Q4,24044,AUD,6,,
ABS:ANA_SFD(1.0.0),C,FCE,GGS,10,3,Q,2022-Q1,24768,AUD,6,,
ABS:ANA_SFD(1.0.0),C,FCE,GGS,10,3,Q,2022-Q2,25550,AUD,6,,
ABS:ANA_SFD(1.0.0),C,FCE,GGS,10,3,Q,2022-Q3,25776,AUD,6,,
ABS:ANA_SFD(1.0.0),C,FCE,GGS,10,3,Q,2022-Q4,26277,AUD,6,,
ABS:ANA_SFD(1.0.0),C,FCE,GGS,10,3,Q,2023-Q1,26305,AUD,6,,
ABS:ANA_SFD(1.0.0),C,FCE,GGS,10,3,Q,2023-Q2,27751,AUD,6,,
ABS:ANA_SFD(1.0.0),C,FCE,GGS,10,3,Q,2023-Q3,28793,AUD,6,,
ABS:ANA_SFD(1.0.0),C,FCE,GGS,10,3,Q,2023-Q4,29348,AUD,6,,
ABS:ANA_SFD(1.0.0),C,FCE,GGS,10,3,Q,2024-Q1,29842,AUD,6,,
ABS:ANA_SFD(1.0.0),C,FCE,GGS,10,3,Q,2024-Q2,30941,AUD,6,,
ABS:ANA_SFD(1.0.0),C,FCE,GGS,10,3,Q,2024-Q3,32615,AUD,6,,
ABS:ANA_SFD(1.0.0),C,FCE,GGS,10,3,Q,2024-Q4,32402,AUD,6,,
ABS:ANA_SFD(1.0.0),C,FCE,GGS,10,3,Q,2025-Q1,32274,AUD,6,,
ABS:ANA_SFD(1.0.0),C,FCE,GGS,10,3,Q,2025-Q2,33082,AUD,6,,
ABS:ANA_SFD(1.0.0),C,FCE,GGS,10,3,Q,2025-Q3,33855,AUD,6,,
ABS:ANA_SFD(1.0.0),C,FCE,GGS,10,3,Q,2025-Q4,34116,AUD,6,,
ABS:ANA_SFD(1.0.0),C,FCE,GGS,10,3,Q,2026-Q1,33971,AUD,6,,
ABS:ANA_SFD(1.0.0),C,FCE,GGS,10,3,Q,2026-Q2,35256,AUD,6,,
ABS:ANA_SFD(1.0.0),C,FCE,GGC,10,6,Q,2010-Q1,498,AUD,6,,
ABS:ANA_SFD(1.0.0),C,FCE,GGC,10,6,Q,2010-Q2,601,AUD,6,,
ABS:ANA_SFD(1.0.0),C,FCE,GGC,10,6,Q,2010-Q3,529,AUD,6,,
ABS:ANA_SFD(1.0.0),C,FCE,GGC,10,6,Q,2010-Q4,589,AUD,6,,
ABS:ANA_SFD(1.0.0),C,FCE,GGC,10,6,Q,2011-Q1,530,AUD,6,,
ABS:ANA_SFD(1.0.0),C,FCE,GGC,10,6,Q,2011-Q2,609,AUD,6,,
ABS:ANA_SFD(1.0.0),C,FCE,GGC,10,6,Q,2011-Q3,595,AUD,6,,
ABS:ANA_SFD(1.0.0),C,FCE,GGC,10,6,Q,2011-Q4,618,AUD,6,,
ABS:ANA_SFD(1.0.0),C,FCE,GGC,10,6,Q,2012-Q1,530,AUD,6,,
ABS:ANA_SFD(1.0.0),C,FCE,GGC,10,6,Q,2012-Q2,631,AUD,6,,
ABS:ANA_SFD(1.0.0),C,FCE,GGC,10,6,Q,2012-Q3,588,AUD,6,,
ABS:ANA_SFD(1.0.0),C,FCE,GGC,10,6,Q,2012-Q4,648,AUD,6,,
ABS:ANA_SFD(1.0.0),C,FCE,GGC,10,6,Q,2013-Q1,555,AUD,6,,
ABS:ANA_SFD(1.0.0),C,FCE,GGC,10,6,Q,2013-Q2,645,AUD,6,,
ABS:ANA_SFD(1.0.0),C,FCE,GGC,10,6,Q,2013-Q3,628,AUD,6,,
ABS:ANA_SFD(1.0.0),C,FCE,GGC,10,6,Q,2013-Q4,691,AUD,6,,
ABS:ANA_SFD(1.0.0),C,FCE,GGC,10,6,Q,2014-Q1,583,AUD,6,,
ABS:ANA_SFD(1.0.0),C,FCE,GGC,10,6,Q,2014-Q2,682,AUD,6,,
ABS:ANA_SFD(1.0.0),C,FCE,GGC,10,6,Q,2014-Q3,646,AUD,6,,
ABS:ANA_SFD(1.0.0),C,FCE,GGC,10,6,Q,2014-Q4,707,AUD,6,,
ABS:ANA_SFD(1.0.0),C,FCE,GGC,10,6,Q,2015-Q1,598,AUD,6,,
ABS:ANA_SFD(1.0.0),C,FCE,GGC,10,6,Q,2015-Q2,735,AUD,6,,
ABS:ANA_SFD(1.0.0),C,FCE,GGC,10,6,Q,2015-Q3,688,AUD,6,,
ABS:ANA_SFD(1.0.0),C,FCE,GGC,10,6,Q,2015-Q4,744,AUD,6,,
ABS:ANA_SFD(1.0.0),C,FCE,GGC,10,6,Q,2016-Q1,659,AUD,6,,
ABS:ANA_SFD(1.0.0),C,FCE,GGC,10,6,Q,2016-Q2,794,AUD,6,,
ABS:ANA_SFD(1.0.0),C,FCE,GGC,10,6,Q,2016-Q3,738,AUD,6,,
ABS:ANA_SFD(1.0.0),C,FCE,GGC,10,6,Q,2016-Q4,791,AUD,6,,
ABS:ANA_SFD(1.0.0),C,FCE,GGC,10,6,Q,2017-Q1,695,AUD,6,,
ABS:ANA_SFD(1.0.0),C,FCE,GGC,10,6,Q,2017-Q2,815,AUD,6,,
ABS:ANA_SFD(1.0.0),C,FCE,GGC,10,6,Q,2017-Q3,752,AUD,6,,
ABS:ANA_SFD(1.0.0),C,FCE,GGC,10,6,Q,2017-Q4,829,AUD,6,,
ABS:ANA_SFD(1.0.0),C,FCE,GGC,10,6,Q,2018-Q1,704,AUD,6,,
ABS:ANA_SFD(1.0.0),C,FCE,GGC,10,6,Q,2018-Q2,872,AUD,6,,
ABS:ANA_SFD(1.0.0),C,FCE,GGC,10,6,Q,2018-Q3,805,AUD,6,,
ABS:ANA_SFD(1.0.0),C,FCE,GGC,10,6,Q,2018-Q4,934,AUD,6,,
ABS:ANA_SFD(1.0.0),C,FCE,GGC,10,6,Q,2019-Q1,792,AUD,6,,
ABS:ANA_SFD(1.0.0),C,FCE,GGC,10,6,Q,2019-Q2,989,AUD,6,,
ABS:ANA_SFD(1.0.0),C,FCE,GGC,10,6,Q,2019-Q3,899,AUD,6,,
ABS:ANA_SFD(1.0.0),C,FCE,GGC,10,6,Q,2019-Q4,1026,AUD,6,,
ABS:ANA_SFD(1.0.0),C,FCE,GGC,10,6,Q,2020-Q1,961,AUD,6,,
ABS:ANA_SFD(1.0.0),C,FCE,GGC,10,6,Q,2020-Q2,996,AUD,6,,
ABS:ANA_SFD(1.0.0),C,FCE,GGC,10,6,Q,2020-Q3,1011,AUD,6,,
ABS:ANA_SFD(1.0.0),C,FCE,GGC,10,6,Q,2020-Q4,1149,AUD,6,,
ABS:ANA_SFD(1.0.0),C,FCE,GGC,10,6,Q,2021-Q1,1070,AUD,6,,
ABS:ANA_SFD(1.0.0),C,FCE,GGC,10,6,Q,2021-Q2,1124,AUD,6,,
ABS:ANA_SFD(1.0.0),C,FCE,GGC,10,6,Q,2021-Q3,1157,AUD,6,,
ABS:ANA_SFD(1.0.0),C,FCE,GGC,10,6,Q,2021-Q4,1229,AUD,6,,
ABS:ANA_SFD(1.0.0),C,FCE,GGC,10,6,Q,2022-Q1,1202,AUD,6,,
ABS:ANA_SFD(1.0.0),C,FCE,GGC,10,6,Q,2022-Q2,1224,AUD,6,,
ABS:ANA_SFD(1.0.0),C,FCE,GGC,10,6,Q,2022-Q3,1197,AUD,6,,
ABS:ANA_SFD(1.0.0),C,FCE,GGC,10,6,Q,2022-Q4,1299,AUD,6,,
ABS:ANA_SFD(1.0.0),C,FCE,GGC,10,6,Q,2023-Q1,1255,AUD,6,,
ABS:ANA_SFD(1.0.0),C,FCE,GGC,10,6,Q,2023-Q2,1257,AUD,6,,
ABS:ANA_SFD(1.0.0),C,FCE,GGC,10,6,Q,2023-Q3,1272,AUD,6,,
ABS:ANA_SFD(1.0.0),C,FCE,GGC,10,6,Q,2023-Q4,1385,AUD,6,,
ABS:ANA_SFD(1.0.0),C,FCE,GGC,10,6,Q,2024-Q1,1375,AUD,6,,
ABS:ANA_SFD(1.0.0),C,FCE,GGC,10,6,Q,2024-Q2,1380,AUD,6,,
ABS:ANA_SFD(1.0.0),C,FCE,GGC,10,6,Q,2024-Q3,1384,AUD,6,,
ABS:ANA_SFD(1.0.0),C,FCE,GGC,10,6,Q,2024-Q4,1489,AUD,6,,
ABS:ANA_SFD(1.0.0),C,FCE,GGC,10,6,Q,2025-Q1,1450,AUD,6,,
ABS:ANA_SFD(1.0.0),C,FCE,GGC,10,6,Q,2025-Q2,1460,AUD,6,,
ABS:ANA_SFD(1.0.0),C,FCE,GGC,10,6,Q,2025-Q3,1500,AUD,6,,
ABS:ANA_SFD(1.0.0),C,FCE,GGC,10,6,Q,2025-Q4,1602,AUD,6,,
ABS:ANA_SFD(1.0.0),C,FCE,GGC,10,6,Q,2026-Q1,1548,AUD,6,,
ABS:ANA_SFD(1.0.0),C,FCE,GGC,10,6,Q,2026-Q2,1544,AUD,6,,
ABS:ANA_SFD(1.0.0),C,FCE,GGS_SL,10,8,Q,2010-Q1,618,AUD,6,,
ABS:ANA_SFD(1.0.0),C,FCE,GGS_SL,10,8,Q,2010-Q2,706,AUD,6,,
ABS:ANA_SFD(1.0.0),C,FCE,GGS_SL,10,8,Q,2010-Q3,628,AUD,6,,
ABS:ANA_SFD(1.0.0),C,FCE,GGS_SL,10,8,Q,2010-Q4,630,AUD,6,,
ABS:ANA_SFD(1.0.0),C,FCE,GGS_SL,10,8,Q,2011-Q1,627,AUD,6,,
ABS:ANA_SFD(1.0.0),C,FCE,GGS_SL,10,8,Q,2011-Q2,708,AUD,6,,
ABS:ANA_SFD(1.0.0),C,FCE,GGS_SL,10,8,Q,2011-Q3,641,AUD,6,,
ABS:ANA_SFD(1.0.0),C,FCE,GGS_SL,10,8,Q,2011-Q4,668,AUD,6,,
ABS:ANA_SFD(1.0.0),C,FCE,GGS_SL,10,8,Q,2012-Q1,682,AUD,6,,
ABS:ANA_SFD(1.0.0),C,FCE,GGS_SL,10,8,Q,2012-Q2,784,AUD,6,,
ABS:ANA_SFD(1.0.0),C,FCE,GGS_SL,10,8,Q,2012-Q3,715,AUD,6,,
ABS:ANA_SFD(1.0.0),C,FCE,GGS_SL,10,8,Q,2012-Q4,771,AUD,6,,
ABS:ANA_SFD(1.0.0),C,FCE,GGS_SL,10,8,Q,2013-Q1,758,AUD,6,,
ABS:ANA_SFD(1.0.0),C,FCE,GGS_SL,10,8,Q,2013-Q2,836,AUD,6,,
ABS:ANA_SFD(1.0.0),C,FCE,GGS_SL,10,8,Q,2013-Q3,775,AUD,6,,
ABS:ANA_SFD(1.0.0),C,FCE,GGS_SL,10,8,Q,2013-Q4,771,AUD,6,,
ABS:ANA_SFD(1.0.0),C,FCE,GGS_SL,10,8,Q,2014-Q1,730,AUD,6,,
ABS:ANA_SFD(1.0.0),C,FCE,GGS_SL,10,8,Q,2014-Q2,824,AUD,6,,
ABS:ANA_SFD(1.0.0),C,FCE,GGS_SL,10,8,Q,2014-Q3,795,AUD,6,,
ABS:ANA_SFD(1.0.0),C,FCE,GGS_SL,10,8,Q,2014-Q4,840,AUD,6,,
ABS:ANA_SFD(1.0.0),C,FCE,GGS_SL,10,8,Q,2015-Q1,792,AUD,6,,
ABS:ANA_SFD(1.0.0),C,FCE,GGS_SL,10,8,Q,2015-Q2,884,AUD,6,,
ABS:ANA_SFD(1.0.0),C,FCE,GGS_SL,10,8,Q,2015-Q3,835,AUD,6,,
ABS:ANA_SFD(1.0.0),C,FCE,GGS_SL,10,8,Q,2015-Q4,854,AUD,6,,
ABS:ANA_SFD(1.0.0),C,FCE,GGS_SL,10,8,Q,2016-Q1,864,AUD,6,,
ABS:ANA_SFD(1.0.0),C,FCE,GGS_SL,10,8,Q,2016-Q2,935,AUD,6,,
ABS:ANA_SFD(1.0.0),C,FCE,GGS_SL,10,8,Q,2016-Q3,933,AUD,6,,
ABS:ANA_SFD(1.0.0),C,FCE,GGS_SL,10,8,Q,2016-Q4,926,AUD,6,,
ABS:ANA_SFD(1.0.0),C,FCE,GGS_SL,10,8,Q,2017-Q1,886,AUD,6,,
ABS:ANA_SFD(1.0.0),C,FCE,GGS_SL,10,8,Q,2017-Q2,998,AUD,6,,
ABS:ANA_SFD(1.0.0),C,FCE,GGS_SL,10,8,Q,2017-Q3,947,AUD,6,,
ABS:ANA_SFD(1.0.0),C,FCE,GGS_SL,10,8,Q,2017-Q4,953,AUD,6,,
ABS:ANA_SFD(1.0.0),C,FCE,GGS_SL,10,8,Q,2018-Q1,903,AUD,6,,
ABS:ANA_SFD(1.0.0),C,FCE,GGS_SL,10,8,Q,2018-Q2,1026,AUD,6,,
ABS:ANA_SFD(1.0.0),C,FCE,GGS_SL,10,8,Q,2018-Q3,993,AUD,6,,
ABS:ANA_SFD(1.0.0),C,FCE,GGS_SL,10,8,Q,2018-Q4,1064,AUD,6,,
ABS:ANA_SFD(1.0.0),C,FCE,GGS_SL,10,8,Q,2019-Q1,1070,AUD,6,,
ABS:ANA_SFD(1.0.0),C,FCE,GGS_SL,10,8,Q,2019-Q2,1189,AUD,6,,
ABS:ANA_SFD(1.0.0),C,FCE,GGS_SL,10,8,Q,2019-Q3,1126,AUD,6,,
ABS:ANA_SFD(1.0.0),C,FCE,GGS_SL,10,8,Q,2019-Q4,1133,AUD,6,,
ABS:ANA_SFD(1.0.0),C,FCE,GGS_SL,10,8,Q,2020-Q1,1155,AUD,6,,
ABS:ANA_SFD(1.0.0),C,FCE,GGS_SL,10,8,Q,2020-Q2,1323,AUD,6,,
ABS:ANA_SFD(1.0.0),C,FCE,GGS_SL,10,8,Q,2020-Q3,1199,AUD,6,,
ABS:ANA_SFD(1.0.0),C,FCE,GGS_SL,10,8,Q,2020-Q4,1257,AUD,6,,
ABS:ANA_SFD(1.0.0),C,FCE,GGS_SL,10,8,Q,2021-Q1,1194,AUD,6,,
ABS:ANA_SFD(1.0.0),C,FCE,GGS_SL,10,8,Q,2021-Q2,1356,AUD,6,,
ABS:ANA_SFD(1.0.0),C,FCE,GGS_SL,10,8,Q,2021-Q3,1315,AUD,6,,
ABS:ANA_SFD(1.0.0),C,FCE,GGS_SL,10,8,Q,2021-Q4,1338,AUD,6,,
ABS:ANA_SFD(1.0.0),C,FCE,GGS_SL,10,8,Q,2022-Q1,1262,AUD,6,,
ABS:ANA_SFD(1.0.0),C,FCE,GGS_SL,10,8,Q,2022-Q2,1479,AUD,6,,
ABS:ANA_SFD(1.0.0),C,FCE,GGS_SL,10,8,Q,2022-Q3,1410,AUD,6,,
ABS:ANA_SFD(1.0.0),C,FCE,GGS_SL,10,8,Q,2022-Q4,1412,AUD,6,,
ABS:ANA_SFD(1.0.0),C,FCE,GGS_SL,10,8,Q,2023-Q1,1357,AUD,6,,
ABS:ANA_SFD(1.0.0),C,FCE,GGS_SL,10,8,Q,2023-Q2,1600,AUD,6,,
ABS:ANA_SFD(1.0.0),C,FCE,GGS_SL,10,8,Q,2023-Q3,1561,AUD,6,,
ABS:ANA_SFD(1.0.0),C,FCE,GGS_SL,10,8,Q,2023-Q4,1541,AUD,6,,
ABS:ANA_SFD(1.0.0),C,FCE,GGS_SL,10,8,Q,2024-Q1,1545,AUD,6,,
ABS:ANA_SFD(1.0.0),C,FCE,GGS_SL,10,8,Q,2024-Q2,1798,AUD,6,,
ABS:ANA_SFD(1.0.0),C,FCE,GGS_SL,10,8,Q,2024-Q3,1669,AUD,6,,
ABS:ANA_SFD(1.0.0),C,FCE,GGS_SL,10,8,Q,2024-Q4,1702,AUD,6,,
ABS:ANA_SFD(1.0.0),C,FCE,GGS_SL,10,8,Q,2025-Q1,1634,AUD,6,,
ABS:ANA_SFD(1.0.0),C,FCE,GGS_SL,10,8,Q,2025-Q2,1835,AUD,6,,
ABS:ANA_SFD(1.0.0),C,FCE,GGS_SL,10,8,Q,2025-Q3,1739,AUD,6,,
ABS:ANA_SFD(1.0.0),C,FCE,GGS_SL,10,8,Q,2025-Q4,1776,AUD,6,,
ABS:ANA_SFD(1.0.0),C,FCE,GGS_SL,10,8,Q,2026-Q1,1680,AUD,6,,
ABS:ANA_SFD(1.0.0),C,FCE,GGS_SL,10,8,Q,2026-Q2,1841,AUD,6,,
